investigation,regime,n,median_forward_return_1h,median_forward_return_4h,median_forward_return_12h,mfe,mae,p_plus_1R,p_minus_1R,p_plus_1R_before_minus_1R,future_volatility,monthly_consistency,clustering_note,interpretation,verdict,n_thinned144,p_race_thinned144,delta_p_race_vs_all,delta_median_fwd_12h_vs_all
01_time_of_day,ALL,105215,8.094419309090384e-05,0.0003510923329543836,0.0009549235943124845,0.010239391630176842,0.00955178070313134,0.5093380221451314,0.402528156631659,0.42416005322435013,0.024008709923462837,baseline,median gap 5.0 min; %<1h 100.0; %<3h 100.0; %<12h 100.0,unconditional 2024 reference path,baseline,730,0.4041095890410959,0.0,0.0
01_time_of_day,00-04,17520,2.7205545350184046e-05,0.0003892636853831677,0.0010371802358658533,0.009216373184310234,0.00831140514537726,0.4703196347031963,0.38938356164383564,0.392351598173516,0.021103337986174704,mixed (4/12 months race>baseline),median gap 5.0 min; %<1h 97.9; %<3h 97.9; %<12h 97.9,directional difference versus baseline. monthly: mixed (4/12 months race>baseline),C,365,0.39452054794520547,-0.03180845505083413,8.225664155336876e-05
01_time_of_day,04-08,17567,0.00011991023527602174,0.0003679677162857775,0.0003990839833161175,0.011045260505425869,0.010452048483295284,0.540331303011328,0.4067285250754255,0.44145272385723233,0.02625320371126539,mixed (8/12 months race>baseline),median gap 5.0 min; %<1h 97.9; %<3h 97.9; %<12h 97.9,small directional difference (below ~0.30R cost scale). monthly: mixed (8/12 months race>baseline),C,0,,0.0172926706328822,-0.000555839610996367
01_time_of_day,08-12,17568,0.00014354063996535604,0.00032578682586881236,0.0010095919397112851,0.011379153957095434,0.011304986104078596,0.5564093806921676,0.4165528233151184,0.45360883424408016,0.028165706923534005,mixed (8/12 months race>baseline),median gap 5.0 min; %<1h 97.9; %<3h 97.9; %<12h 97.9,small directional difference (below ~0.30R cost scale). monthly: mixed (8/12 months race>baseline),C,0,,0.02944878101973003,5.466834539880061e-05
01_time_of_day,12-16,17520,-1.535315504497259e-05,0.0003220854121296357,0.0008303853215062551,0.011124515757382603,0.010876733464524835,0.5402397260273972,0.4353310502283105,0.43961187214611874,0.027805295047629013,mixed (8/12 months race>baseline),median gap 5.0 min; %<1h 97.9; %<3h 97.9; %<12h 97.9,small directional difference (below ~0.30R cost scale). monthly: mixed (8/12 months race>baseline),C,365,0.4136986301369863,0.015451818921768612,-0.00012453827280622942
01_time_of_day,16-20,17520,0.00017043051408593968,0.0003975914752244458,0.0009755985728925332,0.009573617170438031,0.009187390409404972,0.4840182648401826,0.39885844748858446,0.41335616438356165,0.02295550867377675,mixed (5/12 months race>baseline),median gap 5.0 min; %<1h 97.9; %<3h 97.9; %<12h 97.9,small mixed difference. monthly: mixed (5/12 months race>baseline),C,0,,-0.010803888840788478,2.067497858004863e-05
01_time_of_day,20-24,17520,3.089292288338541e-05,0.0003100599181364849,0.0013122999908130595,0.009131321301757311,0.008073825605005636,0.46449771689497715,0.3682648401826484,0.40445205479452057,0.020376062023632104,unstable (race edge concentrated in <=2 months),median gap 5.0 min; %<1h 97.9; %<3h 97.9; %<12h 97.9,small directional difference (below ~0.30R cost scale). monthly: unstable (race edge concentrated in <=2 months),C,0,,-0.019707998429829565,0.00035737639650057496
02_day_of_week,ALL,105215,8.094419309090384e-05,0.0003510923329543836,0.0009549235943124845,0.010239391630176842,0.00955178070313134,0.5093380221451314,0.402528156631659,0.42416005322435013,0.024008709923462837,baseline,median gap 5.0 min; %<1h 100.0; %<3h 100.0; %<12h 100.0,unconditional 2024 reference path,baseline,730,0.4041095890410959,0.0,0.0
02_day_of_week,Monday,15215,8.87337559918322e-05,0.0005473116885115203,0.0014667816671101175,0.013051945353571348,0.011350125768443409,0.5908642786723628,0.45928360170884,0.4818271442655274,0.02902651337400283,broad (9/12 months race>baseline),median gap 5.0 min; %<1h 99.7; %<3h 99.7; %<12h 99.7,higher-activity weekday; resolved 1R coin 51.2% vs ALL 51.3% — not a directional edge,B,105,0.4857142857142857,0.05766709104117729,0.000511858072797633
02_day_of_week,Tuesday,15120,-1.6813850841290723e-05,-0.0001395910832327485,-0.00022147945826711535,0.011037064296460009,0.012764999732837012,0.5453703703703704,0.4924603174603175,0.43227513227513226,0.02779361679832344,mixed (7/12 months race>baseline),median gap 5.0 min; %<1h 99.7; %<3h 99.7; %<12h 99.7,small directional difference (below ~0.30R cost scale). monthly: mixed (7/12 months race>baseline),C,105,0.3904761904761905,0.008115079050782126,-0.0011764030525795999
02_day_of_week,Wednesday,14976,9.241708629026402e-05,0.00023998395737689915,0.0009608700388561431,0.011541285927398892,0.01173328398169543,0.5586939102564102,0.46968482905982906,0.45372596153846156,0.026862394787442012,mixed (7/12 months race>baseline),median gap 5.0 min; %<1h 99.7; %<3h 99.7; %<12h 99.7,small directional difference (below ~0.30R cost scale). monthly: mixed (7/12 months race>baseline),C,104,0.4423076923076923,0.029565908314111433,5.946444543658558e-06
02_day_of_week,Thursday,14976,0.00015359530203351568,0.000529596546477884,0.0002627758313010764,0.011603139919807881,0.011211159034610452,0.5741185897435898,0.42454594017094016,0.48203792735042733,0.02691359017658899,mixed (7/12 months race>baseline),median gap 5.0 min; %<1h 99.7; %<3h 99.7; %<12h 99.7,directional difference versus baseline. monthly: mixed (7/12 months race>baseline),B,104,0.46153846153846156,0.0578778741260772,-0.0006921477630114081
02_day_of_week,Friday,14976,0.00019578915473827951,0.00064595213419949,0.0019330372085306635,0.011239373814237008,0.009233079448660253,0.5440037393162394,0.39029113247863245,0.4473157051282051,0.024486503870552213,broad (9/12 months race>baseline),median gap 5.0 min; %<1h 99.7; %<3h 99.7; %<12h 99.7,small directional difference (below ~0.30R cost scale). monthly: broad (9/12 months race>baseline),B,104,0.5,0.02315565190385499,0.000978113614218179
02_day_of_week,Saturday,14976,6.066950369865154e-05,0.00037179240511020506,0.0008528240754523964,0.006028484660360545,0.005014890929287974,0.28378739316239315,0.2012553418803419,0.2720352564102564,0.013035090306167396,unstable (race edge concentrated in <=2 months),median gap 5.0 min; %<1h 99.7; %<3h 99.7; %<12h 99.7,directional difference versus baseline. monthly: unstable (race edge concentrated in <=2 months),B,104,0.22115384615384615,-0.15212479681409374,-0.00010209951886008817
02_day_of_week,Sunday,14976,3.961701703047993e-05,0.0002888933551684625,0.0013508895580600644,0.00928413838890152,0.007919516553845651,0.4668803418803419,0.37840544871794873,0.39890491452991456,0.020270026486248788,mixed (5/12 months race>baseline),median gap 5.0 min; %<1h 99.7; %<3h 99.7; %<12h 99.7,small directional difference (below ~0.30R cost scale). monthly: mixed (5/12 months race>baseline),C,104,0.3269230769230769,-0.025255138694435575,0.00039596596374757986
03_trend_regime,ALL,105215,8.094419309090384e-05,0.0003510923329543836,0.0009549235943124845,0.010239391630176842,0.00955178070313134,0.5093380221451314,0.402528156631659,0.42416005322435013,0.024008709923462837,baseline,median gap 5.0 min; %<1h 100.0; %<3h 100.0; %<12h 100.0,unconditional 2024 reference path,baseline,730,0.4041095890410959,0.0,0.0
03_trend_regime,EMA20>EMA50,55978,-0.00011987207033770098,-2.1809461113631023e-05,0.0006711524701551452,0.010392084228424525,0.009262269579186133,0.5157383257708386,0.39140376576512204,0.4380292257672657,0.024389803345307867,mixed (7/12 months race>baseline),median gap 5.0 min; %<1h 98.5; %<3h 99.1; %<12h 99.9,small mixed difference. monthly: mixed (7/12 months race>baseline),C,396,0.42676767676767674,0.013869172542915587,-0.0002837711241573393
03_trend_regime,EMA20<=EMA50,49237,0.00033796374701233756,0.0008029380937659703,0.001236189157481915,0.010053142732663112,0.009869894354915143,0.5020614578467413,0.4151755793407397,0.40839206287954183,0.023636445058413863,mixed (5/12 months race>baseline),median gap 5.0 min; %<1h 98.3; %<3h 98.9; %<12h 99.8,small directional difference (below ~0.30R cost scale). monthly: mixed (5/12 months race>baseline),C,334,0.3772455089820359,-0.015767990344808303,0.0002812655631694305
03_trend_regime,spread_Q1,26262,0.0004988979319342501,0.0010947282651855295,0.0019008501015126411,0.01134517591269868,0.011416136718856884,0.5536516640012185,0.4572005178585028,0.4327164724697281,0.026582091677581847,mixed (8/12 months race>baseline),median gap 5.0 min; %<1h 97.4; %<3h 98.1; %<12h 99.3,volatility expansion without meaningful directional race shift. monthly: mixed (8/12 months race>baseline),C,153,0.42483660130718953,0.008556419245377977,0.0009459265072001566
03_trend_regime,spread_Q2,26333,0.00019600337437453152,0.0005352045158334429,0.0006727479385959523,0.008528432239456984,0.007909508229741014,0.4399043025861087,0.36551095583488397,0.37758705806402615,0.02038612255784469,mixed (4/12 months race>baseline),median gap 5.0 min; %<1h 94.7; %<3h 97.0; %<12h 99.7,directional difference versus baseline. monthly: mixed (4/12 months race>baseline),C,201,0.3383084577114428,-0.04657299516032398,-0.00028217565571653225
03_trend_regime,spread_Q3,26334,-6.908153664586525e-05,9.868546738123207e-05,0.0005854257831533483,0.009299672543644721,0.008047840921993954,0.4750512645249487,0.361395914027493,0.41228070175438597,0.021902996046853463,mixed (6/12 months race>baseline),median gap 5.0 min; %<1h 94.8; %<3h 97.0; %<12h 99.7,small mixed difference. monthly: mixed (6/12 months race>baseline),C,204,0.3872549019607843,-0.011879351469964161,-0.00036949781115913627
03_trend_regime,spread_Q4,26286,-0.00023441073515639843,-0.0002469678368856587,0.000892330037266964,0.011908545062849885,0.010703244934281209,0.568972076390474,0.4261964543863654,0.47416875903522787,0.026908340204845258,broad (11/12 months race>baseline),median gap 5.0 min; %<1h 97.5; %<3h 98.1; %<12h 99.3,raw race +5pp but non-monotonic quartiles and no median-fwd lift; not A,B,172,0.48255813953488375,0.05000870581087774,-6.25935570455205e-05
04_volatility_regime,ALL,105215,8.094419309090384e-05,0.0003510923329543836,0.0009549235943124845,0.010239391630176842,0.00955178070313134,0.5093380221451314,0.402528156631659,0.42416005322435013,0.024008709923462837,baseline,median gap 5.0 min; %<1h 100.0; %<3h 100.0; %<12h 100.0,unconditional 2024 reference path,baseline,730,0.4041095890410959,0.0,0.0
04_volatility_regime,range12_Q1,26337,7.669568255885828e-05,0.0002452775888490688,0.0006028549157026664,0.007474289295388292,0.006394275654093895,0.3915404184227513,0.3028818772069712,0.35357102175646427,0.017523863751586686,unstable (race edge concentrated in <=2 months),median gap 5.0 min; %<1h 95.1; %<3h 98.1; %<12h 99.6,directional difference versus baseline. monthly: unstable (race edge concentrated in <=2 months),B,219,0.3698630136986301,-0.07058903146788587,-0.00035206867860981816
04_volatility_regime,range12_Q2,26295,4.723603429102052e-05,0.0002317277499002124,0.0007269734423438479,0.009922450105275038,0.009381266112861608,0.4970907016543069,0.4055904164289789,0.42833238258224,0.023109807036414076,mixed (6/12 months race>baseline),median gap 5.0 min; %<1h 93.1; %<3h 98.1; %<12h 99.8,indistinguishable from baseline. monthly: mixed (6/12 months race>baseline),C,227,0.41409691629955947,0.004172329357889859,-0.00022795015196863666
04_volatility_regime,range12_Q3,26297,9.135126918979886e-05,0.0003246312684364039,0.001034891375905067,0.010950957672015926,0.010494514231197294,0.5398334410769289,0.4323687112598395,0.45104004259040953,0.025340674914073037,broad (9/12 months race>baseline),median gap 5.0 min; %<1h 93.1; %<3h 98.1; %<12h 99.8,small directional difference (below ~0.30R cost scale). monthly: broad (9/12 months race>baseline),B,165,0.4121212121212121,0.026879989366059398,7.996778159258255e-05
04_volatility_regime,range12_Q4,26286,0.0001546462552104444,0.0008469227068498286,0.0019481098990866696,0.01326786629524579,0.01259994494125366,0.6091075097009815,0.46945141900631515,0.4638210454234193,0.030490280749134537,broad (9/12 months race>baseline),median gap 5.0 min; %<1h 96.2; %<3h 97.9; %<12h 99.5,directional difference versus baseline. monthly: broad (9/12 months race>baseline),B,119,0.4369747899159664,0.039660992199069156,0.0009931863047741851
04_volatility_regime,range24_Q1,26335,3.2472325046661865e-05,0.0002085429601454969,0.0005719967651602875,0.007453970221035,0.006429938309886807,0.3842415037022973,0.29967723561799886,0.34744636415416746,0.01738101400824344,unstable (race edge concentrated in <=2 months),median gap 5.0 min; %<1h 96.4; %<3h 98.0; %<12h 99.5,directional difference versus baseline. monthly: unstable (race edge concentrated in <=2 months),B,208,0.35096153846153844,-0.07671368907018267,-0.000382926829152197
04_volatility_regime,range24_Q2,26297,0.00012747221045628088,0.00022784292074518042,0.0008239959653959517,0.010116931311284771,0.009561902037268366,0.5043921359850934,0.4127847282960033,0.4302391907822185,0.023452816386247216,mixed (7/12 months race>baseline),median gap 5.0 min; %<1h 94.0; %<3h 97.6; %<12h 99.7,indistinguishable from baseline. monthly: mixed (7/12 months race>baseline),C,231,0.4025974025974026,0.006079137557868375,-0.00013092762891653287
04_volatility_regime,range24_Q3,26318,4.292859752119682e-07,0.0003051932934867718,0.0007458412516782031,0.010957500626026517,0.010815384437305675,0.538186792309446,0.43779922486511136,0.4502241811687818,0.025303903334813874,mixed (8/12 months race>baseline),median gap 5.0 min; %<1h 94.2; %<3h 97.6; %<12h 99.7,small directional difference (below ~0.30R cost scale). monthly: mixed (8/12 months race>baseline),C,159,0.4591194968553459,0.026064127944431692,-0.00020908234263428138
04_volatility_regime,range24_Q4,26265,0.00025509621377661773,0.0009601865290758127,0.0021319016622589615,0.013209566096267444,0.012173613773927783,0.6108128688368551,0.4600418808300019,0.4688749286122216,0.03015213233210545,broad (9/12 months race>baseline),median gap 5.0 min; %<1h 97.2; %<3h 98.2; %<12h 99.4,directional difference versus baseline. monthly: broad (9/12 months race>baseline),C,132,0.42424242424242425,0.044714875387871444,0.001176978067946477
05_momentum_persistence,ALL,105215,8.094419309090384e-05,0.0003510923329543836,0.0009549235943124845,0.010239391630176842,0.00955178070313134,0.5093380221451314,0.402528156631659,0.42416005322435013,0.024008709923462837,baseline,median gap 5.0 min; %<1h 100.0; %<3h 100.0; %<12h 100.0,unconditional 2024 reference path,baseline,730,0.4041095890410959,0.0,0.0
05_momentum_persistence,ret3_Q1,26291,0.00040386717890505963,0.0007570801558564044,0.0014265701611020365,0.011413134880591924,0.010780501840545464,0.5547906127572173,0.43448328325282415,0.44581796051880873,0.026668453520227467,broad (9/12 months race>baseline),median gap 5.0 min; %<1h 92.5; %<3h 99.5; %<12h 100.0,small directional difference (below ~0.30R cost scale). monthly: broad (9/12 months race>baseline),C,151,0.423841059602649,0.0216579072944586,0.00047164656678955197
05_momentum_persistence,ret3_Q2,26312,0.00010043291986971958,0.0003415267730186855,0.0009064877391942172,0.009161205267104067,0.00823460178448654,0.466403162055336,0.36789297658862874,0.40186986926117363,0.021445584222768956,mixed (3/12 months race>baseline),median gap 10.0 min; %<1h 94.6; %<3h 99.9; %<12h 100.0,small directional difference (below ~0.30R cost scale). monthly: mixed (3/12 months race>baseline),C,211,0.4028436018957346,-0.022290183963176502,-4.843585511826731e-05
05_momentum_persistence,ret3_Q3,26315,5.5334865225464824e-06,0.00016733140593994111,0.0006679322224565354,0.009130386508375388,0.008405464660929951,0.46562796883906515,0.37480524415732475,0.39821394641839253,0.021695859872611464,unstable (race edge concentrated in <=2 months),median gap 10.0 min; %<1h 94.8; %<3h 99.8; %<12h 100.0,small directional difference (below ~0.30R cost scale). monthly: unstable (race edge concentrated in <=2 months),C,218,0.38990825688073394,-0.025946106805957603,-0.00028699137185594914
05_momentum_persistence,ret3_Q4,26297,-0.00012615998130738326,0.00021363033038501733,0.0009729164553602399,0.011409425957480845,0.010873675303562647,0.5505951249191923,0.43297714568201695,0.4507738525307069,0.026657014749909027,broad (9/12 months race>baseline),median gap 5.0 min; %<1h 92.5; %<3h 99.5; %<12h 100.0,small directional difference (below ~0.30R cost scale). monthly: broad (9/12 months race>baseline),B,150,0.4066666666666667,0.026613799306356767,1.7992861047755326e-05
05_momentum_persistence,ret3_positive,53093,-5.056190968166785e-05,0.0001892741924549579,0.0007710657210353578,0.010192029624404908,0.009567830192787508,0.5077128811707758,0.40321699659088767,0.4243308910779199,0.024053802452721814,mixed (7/12 months race>baseline),median gap 5.0 min; %<1h 99.5; %<3h 100.0; %<12h 100.0,indistinguishable from baseline. monthly: mixed (7/12 months race>baseline),C,374,0.40106951871657753,0.00017083785356974968,-0.00018385787327712677
05_momentum_persistence,ret3_negative,52057,0.00021742872428209825,0.0005248925845533492,0.0011354575790685217,0.010287313390072939,0.009538754537136374,0.5111320283535356,0.4018479743358242,0.42409282133046466,0.02396981845939284,mixed (5/12 months race>baseline),median gap 5.0 min; %<1h 99.4; %<3h 100.0; %<12h 100.0,indistinguishable from baseline. monthly: mixed (5/12 months race>baseline),C,355,0.4084507042253521,-6.723189388546658e-05,0.0001805339847560372
05_momentum_persistence,ret6_Q1,26288,0.0004698939185144857,0.0008157900254943673,0.0015629885996175652,0.011417061313788057,0.010851082967600068,0.5550060864272672,0.4363207547169811,0.4442711503347535,0.02669359707795929,broad (9/12 months race>baseline),median gap 5.0 min; %<1h 90.8; %<3h 98.9; %<12h 100.0,small directional difference (below ~0.30R cost scale). monthly: broad (9/12 months race>baseline),C,139,0.4316546762589928,0.020111097110403375,0.0006080650053050807
05_momentum_persistence,ret6_Q2,26310,0.00013422839947352383,0.00035414501701858114,0.0008804639262393055,0.009153333524891005,0.008221202878605949,0.4674648422652984,0.3652603572786013,0.40288863549980997,0.02139473493572317,mixed (4/12 months race>baseline),median gap 10.0 min; %<1h 92.9; %<3h 99.7; %<12h 100.0,small directional difference (below ~0.30R cost scale). monthly: mixed (4/12 months race>baseline),C,236,0.3644067796610169,-0.021271417724540165,-7.445966807317905e-05
05_momentum_persistence,ret6_Q3,26312,-3.3239200529555646e-05,0.0002141691483721342,0.0006766395858512908,0.00918930317776634,0.008426306709501508,0.46758133171176647,0.3732137427789602,0.4010717543326239,0.021787597221624305,unstable (race edge concentrated in <=2 months),median gap 10.0 min; %<1h 93.0; %<3h 99.8; %<12h 100.0,small directional difference (below ~0.30R cost scale). monthly: unstable (race edge concentrated in <=2 months),C,214,0.42990654205607476,-0.023088298891726255,-0.0002782840084611937
05_momentum_persistence,ret6_Q4,26305,-0.00017861088225512578,8.767355304550861e-05,0.0008537857707364704,0.011329622386469396,0.010850647068721853,0.5473484128492682,0.4353544953430907,0.44843185706139516,0.026548316251830198,broad (9/12 months race>baseline),median gap 5.0 min; %<1h 90.7; %<3h 99.0; %<12h 100.0,small directional difference (below ~0.30R cost scale). monthly: broad (9/12 months race>baseline),B,141,0.40425531914893614,0.024271803837045025,-0.00010113782357601409
05_momentum_persistence,ret6_positive,53298,-9.05971491633184e-05,0.0001492671030114412,0.0007370373325057411,0.010164776213079874,0.009581889018883627,0.5064167510976022,0.4033922473638786,0.42406844534504107,0.024104583979894078,mixed (6/12 months race>baseline),median gap 5.0 min; %<1h 98.1; %<3h 100.0; %<12h 100.0,indistinguishable from baseline. monthly: mixed (6/12 months race>baseline),C,364,0.4175824175824176,-9.160787930906356e-05,-0.00021788626180674342
05_momentum_persistence,ret6_negative,51884,0.00026920294998478145,0.0005646179807476948,0.001168168293830596,0.010316877849793071,0.009524183614682658,0.5124315781358415,0.4017038007863696,0.4243312003700563,0.023904486915095974,mixed (6/12 months race>baseline),median gap 5.0 min; %<1h 97.9; %<3h 100.0; %<12h 100.0,indistinguishable from baseline. monthly: mixed (6/12 months race>baseline),C,365,0.38904109589041097,0.00017114714570615197,0.00021324469951811142
05_momentum_persistence,ret12_Q1,26285,0.0005183363363362448,0.0009869747891513292,0.0016259781805578744,0.011372113605725431,0.010937005958895796,0.5557161879398896,0.43640859805972987,0.44626212668822524,0.026758891180733962,broad (10/12 months race>baseline),median gap 5.0 min; %<1h 91.3; %<3h 97.7; %<12h 100.0,small directional difference (below ~0.30R cost scale). monthly: broad (10/12 months race>baseline),B,153,0.43790849673202614,0.022102073463875105,0.0006710545862453898
05_momentum_persistence,ret12_Q2,26313,0.00015196714247500687,0.00034471842474703696,0.0009510251096891409,0.00906553263701615,0.008173607459757704,0.46372515486641586,0.36772697905978036,0.39820620985824495,0.021350683665314566,mixed (4/12 months race>baseline),median gap 5.0 min; %<1h 90.4; %<3h 99.4; %<12h 100.0,small directional difference (below ~0.30R cost scale). monthly: mixed (4/12 months race>baseline),C,212,0.37264150943396224,-0.025953843366105178,-3.898484623343634e-06
05_momentum_persistence,ret12_Q3,26313,-1.2880838079487589e-06,0.00016552030860039757,0.0006208495092916433,0.009197590508815967,0.008356462980454893,0.4680196100786683,0.3701592368791092,0.40193060464409225,0.021681096319571266,mixed (3/12 months race>baseline),median gap 5.0 min; %<1h 90.6; %<3h 99.3; %<12h 100.0,small directional difference (below ~0.30R cost scale). monthly: mixed (3/12 months race>baseline),C,205,0.40487804878048783,-0.022229448580257882,-0.00033407408502084124
05_momentum_persistence,ret12_Q4,26304,-0.000294208865619483,1.9552320860594108e-05,0.0007488662897190412,0.011360265128247615,0.010968624552968376,0.5499543795620438,0.4358652676399027,0.45027372262773724,0.026638676663312204,broad (10/12 months race>baseline),median gap 5.0 min; %<1h 91.2; %<3h 97.7; %<12h 100.0,small directional difference (below ~0.30R cost scale). monthly: broad (10/12 months race>baseline),B,160,0.4125,0.026113669403387108,-0.0002060573045934433
05_momentum_persistence,ret12_positive,53715,-0.00012402316367721156,0.00011158879293116097,0.0006893616587493323,0.010193044566433329,0.009552244543715505,0.5080331378572094,0.40186167737131157,0.42539327934468957,0.024094872808921426,mixed (7/12 months race>baseline),median gap 5.0 min; %<1h 96.7; %<3h 99.9; %<12h 100.0,indistinguishable from baseline. monthly: mixed (7/12 months race>baseline),C,379,0.40369393139841686,0.0012332261203394368,-0.0002655619355631522
05_momentum_persistence,ret12_negative,51474,0.00030995656248000714,0.0006082003031546712,0.0012251005200107912,0.010285928375615705,0.009552633198647797,0.5106072968877492,0.40325212728756266,0.4228348292341765,0.023919222813953506,mixed (5/12 months race>baseline),median gap 5.0 min; %<1h 96.3; %<3h 99.9; %<12h 100.0,indistinguishable from baseline. monthly: mixed (5/12 months race>baseline),C,351,0.4045584045584046,-0.0013252239901736518,0.00027017692569830665
05_momentum_persistence,ret24_Q1,26282,0.0004836719738445794,0.0010581455001392737,0.0016974831319460648,0.0113422774148082,0.01102225313786992,0.552088882124648,0.44528574689901834,0.43969256525378586,0.02697471694008154,broad (9/12 months race>baseline),median gap 5.0 min; %<1h 94.4; %<3h 97.0; %<12h 99.9,small directional difference (below ~0.30R cost scale). monthly: broad (9/12 months race>baseline),B,157,0.39490445859872614,0.01553251202943573,0.0007425595376335803
05_momentum_persistence,ret24_Q2,26310,0.0001434769958550408,0.00044333807387664237,0.0008767666152209586,0.008849091170862855,0.008183267504479508,0.4530596731280882,0.3687951349296845,0.38582288103382745,0.020961870383636443,unstable (race edge concentrated in <=2 months),median gap 5.0 min; %<1h 92.1; %<3h 98.2; %<12h 100.0,directional difference versus baseline. monthly: unstable (race edge concentrated in <=2 months),C,206,0.41262135922330095,-0.038337172190522684,-7.815697909152597e-05
05_momentum_persistence,ret24_Q3,26323,-2.0806341930024175e-05,0.00013262978016859162,0.0007286577792497972,0.009402426448277712,0.008210237031947787,0.4761615317403032,0.3657257911332295,0.4105155187478631,0.02168774713575991,mixed (4/12 months race>baseline),median gap 5.0 min; %<1h 92.2; %<3h 98.2; %<12h 100.0,small mixed difference. monthly: mixed (4/12 months race>baseline),C,205,0.3902439024390244,-0.013644534476487058,-0.00022626581506268728
05_momentum_persistence,ret24_Q4,26300,-0.00022981991926890322,-0.00016895501453179085,0.0006386600076948579,0.011479586347036719,0.010904173741120016,0.5561216730038023,0.43038022813688215,0.4606463878326996,0.026718152554387566,broad (10/12 months race>baseline),median gap 5.0 min; %<1h 94.3; %<3h 97.0; %<12h 99.9,directional difference versus baseline. monthly: broad (10/12 months race>baseline),C,162,0.41975308641975306,0.03648633460834949,-0.00031626358661762666
05_momentum_persistence,ret24_positive,54656,-9.517954053706035e-05,3.3811061768362904e-05,0.0007042989081708084,0.010327588394872578,0.009487471100734113,0.5135941159250585,0.39611387587822017,0.4337126756440281,0.024112952689463327,mixed (7/12 months race>baseline),median gap 5.0 min; %<1h 97.5; %<3h 99.4; %<12h 100.0,indistinguishable from baseline. monthly: mixed (7/12 months race>baseline),C,380,0.4026315789473684,0.00955262241967797,-0.0002506246861416761
05_momentum_persistence,ret24_negative,50534,0.00028915871639201285,0.0007041573460653261,0.00122054531873661,0.010129447381404866,0.009615701504595231,0.5047294890568726,0.40952625954802707,0.41378082083349826,0.023886194997227418,mixed (5/12 months race>baseline),median gap 5.0 min; %<1h 97.1; %<3h 99.3; %<12h 100.0,small mixed difference. monthly: mixed (5/12 months race>baseline),C,350,0.4057142857142857,-0.010379232390851867,0.00026562172442412546
06_mean_reversion,ALL,105215,8.094419309090384e-05,0.0003510923329543836,0.0009549235943124845,0.010239391630176842,0.00955178070313134,0.5093380221451314,0.402528156631659,0.42416005322435013,0.024008709923462837,baseline,median gap 5.0 min; %<1h 100.0; %<3h 100.0; %<12h 100.0,unconditional 2024 reference path,baseline,730,0.4041095890410959,0.0,0.0
06_mean_reversion,ret3_Q1,26291,0.00040386717890505963,0.0007570801558564044,0.0014265701611020365,0.011413134880591924,0.010780501840545464,0.5547906127572173,0.43448328325282415,0.44581796051880873,0.026668453520227467,broad (9/12 months race>baseline),median gap 5.0 min; %<1h 92.5; %<3h 99.5; %<12h 100.0,small directional difference (below ~0.30R cost scale). monthly: broad (9/12 months race>baseline),C,151,0.423841059602649,0.0216579072944586,0.00047164656678955197
06_mean_reversion,ret3_Q1_bull,12781,0.00012641246927813654,0.0001410306027156416,0.0008196802194586628,0.01119675470438164,0.010429752383035451,0.5450277756044128,0.42766606681793284,0.4508254440184649,0.02644258399065218,mixed (8/12 months race>baseline),median gap 5.0 min; %<1h 86.5; %<3h 95.0; %<12h 99.4,small mixed difference. monthly: mixed (8/12 months race>baseline),C,80,0.4375,0.012796218251199198,0.00014852774930351753
06_mean_reversion,ret3_Q1_bear,13510,0.0006863218962098738,0.0014365888041070196,0.0020008736756369494,0.011620323551314482,0.011092271116528052,0.5640266469282014,0.4409326424870466,0.44108068097705405,0.026869014109556173,broad (11/12 months race>baseline),median gap 5.0 min; %<1h 90.4; %<3h 95.4; %<12h 99.2,directional difference versus baseline. monthly: broad (11/12 months race>baseline),C,71,0.4084507042253521,0.03268861809751222,0.0007646845181550344
06_mean_reversion,ret3_Q2,26312,0.00010043291986971958,0.0003415267730186855,0.0009064877391942172,0.009161205267104067,0.00823460178448654,0.466403162055336,0.36789297658862874,0.40186986926117363,0.021445584222768956,mixed (3/12 months race>baseline),median gap 10.0 min; %<1h 94.6; %<3h 99.9; %<12h 100.0,small directional difference (below ~0.30R cost scale). monthly: mixed (3/12 months race>baseline),C,211,0.4028436018957346,-0.022290183963176502,-4.843585511826731e-05
06_mean_reversion,ret3_Q3,26315,5.5334865225464824e-06,0.00016733140593994111,0.0006679322224565354,0.009130386508375388,0.008405464660929951,0.46562796883906515,0.37480524415732475,0.39821394641839253,0.021695859872611464,unstable (race edge concentrated in <=2 months),median gap 10.0 min; %<1h 94.8; %<3h 99.8; %<12h 100.0,small directional difference (below ~0.30R cost scale). monthly: unstable (race edge concentrated in <=2 months),C,218,0.38990825688073394,-0.025946106805957603,-0.00028699137185594914
06_mean_reversion,ret3_Q4,26297,-0.00012615998130738326,0.00021363033038501733,0.0009729164553602399,0.011409425957480845,0.010873675303562647,0.5505951249191923,0.43297714568201695,0.4507738525307069,0.026657014749909027,broad (9/12 months race>baseline),median gap 5.0 min; %<1h 92.5; %<3h 99.5; %<12h 100.0,small directional difference (below ~0.30R cost scale). monthly: broad (9/12 months race>baseline),B,150,0.4066666666666667,0.026613799306356767,1.7992861047755326e-05
06_mean_reversion,ret6_Q1,26288,0.0004698939185144857,0.0008157900254943673,0.0015629885996175652,0.011417061313788057,0.010851082967600068,0.5550060864272672,0.4363207547169811,0.4442711503347535,0.02669359707795929,broad (9/12 months race>baseline),median gap 5.0 min; %<1h 90.8; %<3h 98.9; %<12h 100.0,small directional difference (below ~0.30R cost scale). monthly: broad (9/12 months race>baseline),C,139,0.4316546762589928,0.020111097110403375,0.0006080650053050807
06_mean_reversion,ret6_Q1_bull,11370,0.0001353687708787188,0.00016536501048358687,0.0008402338303287182,0.01105711838712431,0.010512977265833556,0.5420404573438874,0.43016710642040457,0.44538258575197887,0.026176778064813847,mixed (4/12 months race>baseline),median gap 5.0 min; %<1h 83.7; %<3h 93.8; %<12h 99.1,indistinguishable from baseline. monthly: mixed (4/12 months race>baseline),C,70,0.4,0.007353359984713148,0.000169081360173573
06_mean_reversion,ret6_Q1_bear,14918,0.0007873967247580271,0.0014000540045016052,0.002103355672189555,0.01165527518911913,0.011091526400308416,0.5648880546990214,0.44101085936452605,0.4434240514814318,0.027114851525171794,broad (10/12 months race>baseline),median gap 5.0 min; %<1h 90.2; %<3h 95.6; %<12h 99.2,directional difference versus baseline. monthly: broad (10/12 months race>baseline),B,69,0.463768115942029,0.035031988601889996,0.0008671665147076402
06_mean_reversion,ret6_Q2,26310,0.00013422839947352383,0.00035414501701858114,0.0008804639262393055,0.009153333524891005,0.008221202878605949,0.4674648422652984,0.3652603572786013,0.40288863549980997,0.02139473493572317,mixed (4/12 months race>baseline),median gap 10.0 min; %<1h 92.9; %<3h 99.7; %<12h 100.0,small directional difference (below ~0.30R cost scale). monthly: mixed (4/12 months race>baseline),C,236,0.3644067796610169,-0.021271417724540165,-7.445966807317905e-05
06_mean_reversion,ret6_Q3,26312,-3.3239200529555646e-05,0.0002141691483721342,0.0006766395858512908,0.00918930317776634,0.008426306709501508,0.46758133171176647,0.3732137427789602,0.4010717543326239,0.021787597221624305,unstable (race edge concentrated in <=2 months),median gap 10.0 min; %<1h 93.0; %<3h 99.8; %<12h 100.0,small directional difference (below ~0.30R cost scale). monthly: unstable (race edge concentrated in <=2 months),C,214,0.42990654205607476,-0.023088298891726255,-0.0002782840084611937
06_mean_reversion,ret6_Q4,26305,-0.00017861088225512578,8.767355304550861e-05,0.0008537857707364704,0.011329622386469396,0.010850647068721853,0.5473484128492682,0.4353544953430907,0.44843185706139516,0.026548316251830198,broad (9/12 months race>baseline),median gap 5.0 min; %<1h 90.7; %<3h 99.0; %<12h 100.0,small directional difference (below ~0.30R cost scale). monthly: broad (9/12 months race>baseline),B,141,0.40425531914893614,0.024271803837045025,-0.00010113782357601409
06_mean_reversion,ret12_Q1,26285,0.0005183363363362448,0.0009869747891513292,0.0016259781805578744,0.011372113605725431,0.010937005958895796,0.5557161879398896,0.43640859805972987,0.44626212668822524,0.026758891180733962,broad (10/12 months race>baseline),median gap 5.0 min; %<1h 91.3; %<3h 97.7; %<12h 100.0,small directional difference (below ~0.30R cost scale). monthly: broad (10/12 months race>baseline),B,153,0.43790849673202614,0.022102073463875105,0.0006710545862453898
06_mean_reversion,ret12_Q1_bull,8465,0.0001574743606701512,0.000343828616740538,0.0010870886469882546,0.011072456884779758,0.010392019130174845,0.5419964559952747,0.4264619019492026,0.4500886001181335,0.026188916847794647,mixed (5/12 months race>baseline),median gap 5.0 min; %<1h 81.9; %<3h 90.1; %<12h 98.4,small mixed difference. monthly: mixed (5/12 months race>baseline),C,61,0.4262295081967213,0.01205937435086779,0.00041593617683310935
06_mean_reversion,ret12_Q1_bear,17820,0.0007221664532641725,0.0013253588854068576,0.001865547221838737,0.011518404024365103,0.011139578493850555,0.5622334455667789,0.44113355780022445,0.4444444444444444,0.027000667301460134,broad (11/12 months race>baseline),median gap 5.0 min; %<1h 91.6; %<3h 96.1; %<12h 99.4,directional difference versus baseline. monthly: broad (11/12 months race>baseline),B,92,0.44565217391304346,0.03605238156490259,0.000629358064356822
06_mean_reversion,ret12_Q2,26313,0.00015196714247500687,0.00034471842474703696,0.0009510251096891409,0.00906553263701615,0.008173607459757704,0.46372515486641586,0.36772697905978036,0.39820620985824495,0.021350683665314566,mixed (4/12 months race>baseline),median gap 5.0 min; %<1h 90.4; %<3h 99.4; %<12h 100.0,small directional difference (below ~0.30R cost scale). monthly: mixed (4/12 months race>baseline),C,212,0.37264150943396224,-0.025953843366105178,-3.898484623343634e-06
06_mean_reversion,ret12_Q3,26313,-1.2880838079487589e-06,0.00016552030860039757,0.0006208495092916433,0.009197590508815967,0.008356462980454893,0.4680196100786683,0.3701592368791092,0.40193060464409225,0.021681096319571266,mixed (3/12 months race>baseline),median gap 5.0 min; %<1h 90.6; %<3h 99.3; %<12h 100.0,small directional difference (below ~0.30R cost scale). monthly: mixed (3/12 months race>baseline),C,205,0.40487804878048783,-0.022229448580257882,-0.00033407408502084124
06_mean_reversion,ret12_Q4,26304,-0.000294208865619483,1.9552320860594108e-05,0.0007488662897190412,0.011360265128247615,0.010968624552968376,0.5499543795620438,0.4358652676399027,0.45027372262773724,0.026638676663312204,broad (10/12 months race>baseline),median gap 5.0 min; %<1h 91.2; %<3h 97.7; %<12h 100.0,small directional difference (below ~0.30R cost scale). monthly: broad (10/12 months race>baseline),B,160,0.4125,0.026113669403387108,-0.0002060573045934433
06_mean_reversion,ret24_Q1,26282,0.0004836719738445794,0.0010581455001392737,0.0016974831319460648,0.0113422774148082,0.01102225313786992,0.552088882124648,0.44528574689901834,0.43969256525378586,0.02697471694008154,broad (9/12 months race>baseline),median gap 5.0 min; %<1h 94.4; %<3h 97.0; %<12h 99.9,small directional difference (below ~0.30R cost scale). monthly: broad (9/12 months race>baseline),B,157,0.39490445859872614,0.01553251202943573,0.0007425595376335803
06_mean_reversion,ret24_Q1_bull,4187,0.00010579804747568033,0.00044492506550364297,0.0015162306715608143,0.011125406500730683,0.010036582414774786,0.539288273226654,0.42321471220444234,0.4459039885359446,0.025989653855796716,mixed (7/12 months race>baseline),median gap 5.0 min; %<1h 79.4; %<3h 83.0; %<12h 94.4,small mixed difference. monthly: mixed (7/12 months race>baseline),C,24,0.4583333333333333,0.007874762768678878,0.000845078201405669
06_mean_reversion,ret24_Q1_bear,22095,0.0005685714212007031,0.0011801834623561547,0.0017304711717296417,0.01137950742533822,0.0111564164756226,0.5545145960624576,0.44946820547635213,0.43851550124462546,0.027105117274721428,broad (9/12 months race>baseline),median gap 5.0 min; %<1h 94.7; %<3h 96.9; %<12h 99.5,directional difference versus baseline. monthly: broad (9/12 months race>baseline),B,133,0.38345864661654133,0.030123438365083632,0.0004942820142477267
06_mean_reversion,ret24_Q2,26310,0.0001434769958550408,0.00044333807387664237,0.0008767666152209586,0.008849091170862855,0.008183267504479508,0.4530596731280882,0.3687951349296845,0.38582288103382745,0.020961870383636443,unstable (race edge concentrated in <=2 months),median gap 5.0 min; %<1h 92.1; %<3h 98.2; %<12h 100.0,directional difference versus baseline. monthly: unstable (race edge concentrated in <=2 months),C,206,0.41262135922330095,-0.038337172190522684,-7.815697909152597e-05
06_mean_reversion,ret24_Q3,26323,-2.0806341930024175e-05,0.00013262978016859162,0.0007286577792497972,0.009402426448277712,0.008210237031947787,0.4761615317403032,0.3657257911332295,0.4105155187478631,0.02168774713575991,mixed (4/12 months race>baseline),median gap 5.0 min; %<1h 92.2; %<3h 98.2; %<12h 100.0,small mixed difference. monthly: mixed (4/12 months race>baseline),C,205,0.3902439024390244,-0.013644534476487058,-0.00022626581506268728
06_mean_reversion,ret24_Q4,26300,-0.00022981991926890322,-0.00016895501453179085,0.0006386600076948579,0.011479586347036719,0.010904173741120016,0.5561216730038023,0.43038022813688215,0.4606463878326996,0.026718152554387566,broad (10/12 months race>baseline),median gap 5.0 min; %<1h 94.3; %<3h 97.0; %<12h 99.9,directional difference versus baseline. monthly: broad (10/12 months race>baseline),C,162,0.41975308641975306,0.03648633460834949,-0.00031626358661762666
07_range_position,ALL,105215,8.094419309090384e-05,0.0003510923329543836,0.0009549235943124845,0.010239391630176842,0.00955178070313134,0.5093380221451314,0.402528156631659,0.42416005322435013,0.024008709923462837,baseline,median gap 5.0 min; %<1h 100.0; %<3h 100.0; %<12h 100.0,unconditional 2024 reference path,baseline,730,0.4041095890410959,0.0,0.0
07_range_position,pos12_Q1,26306,0.0004466196754818741,0.0007578821774003597,0.0013069654443170764,0.010332302293490803,0.009323744109377141,0.5122405534858967,0.3976279175853418,0.42457994373907093,0.02375638834103884,mixed (6/12 months race>baseline),median gap 5.0 min; %<1h 89.6; %<3h 98.7; %<12h 100.0,indistinguishable from baseline. monthly: mixed (6/12 months race>baseline),C,186,0.3870967741935484,0.00041989051472079986,0.00035204185000459187
07_range_position,pos12_Q2,26294,0.00011206609837244308,0.000381598511470127,0.0011168842298739934,0.010209711476540373,0.009554167490408882,0.5090895261276337,0.40020537004639845,0.42313835856088844,0.023879845526511907,mixed (5/12 months race>baseline),median gap 10.0 min; %<1h 92.2; %<3h 99.8; %<12h 100.0,indistinguishable from baseline. monthly: mixed (5/12 months race>baseline),C,175,0.37714285714285717,-0.001021694663461692,0.00016196063556150886
07_range_position,pos12_Q3,26297,-2.0944009687828835e-05,0.00021752740530334158,0.0007710175528570229,0.010171142842414493,0.009504142725627718,0.5067117922196448,0.40293569608700613,0.42278586911054494,0.024029209625842315,mixed (4/12 months race>baseline),median gap 10.0 min; %<1h 92.1; %<3h 99.8; %<12h 100.0,indistinguishable from baseline. monthly: mixed (4/12 months race>baseline),C,207,0.4492753623188406,-0.001374184113805188,-0.00018390604145546163
07_range_position,pos12_Q4,26318,-0.0001978411548929082,6.941505982838159e-05,0.000603799355493706,0.010245978605827877,0.009864433396531036,0.5093092180256859,0.4093396154723003,0.42613420472680297,0.02435717736163822,mixed (6/12 months race>baseline),median gap 5.0 min; %<1h 89.6; %<3h 98.8; %<12h 100.0,indistinguishable from baseline. monthly: mixed (6/12 months race>baseline),C,162,0.3950617283950617,0.0019741515024528367,-0.0003511242388187785
07_range_position,pos24_Q1,26304,0.00045765814631493207,0.0007993515159721021,0.001275965142488622,0.01010246358229161,0.009478303506350372,0.5040298053527981,0.40400699513381993,0.4173509732360097,0.023813196367017855,mixed (4/12 months race>baseline),median gap 5.0 min; %<1h 92.7; %<3h 97.2; %<12h 100.0,indistinguishable from baseline. monthly: mixed (4/12 months race>baseline),C,158,0.4050632911392405,-0.006809079988340405,0.0003210415481761375
07_range_position,pos24_Q2,26290,0.0001356260875335913,0.00040498513220343924,0.0009997450835107502,0.00998569561760887,0.0093648451641411,0.49923925446938,0.40342335488779,0.41357930772156715,0.023607664028996278,unstable (race edge concentrated in <=2 months),median gap 5.0 min; %<1h 92.0; %<3h 99.0; %<12h 100.0,small mixed difference. monthly: unstable (race edge concentrated in <=2 months),C,208,0.39903846153846156,-0.010580745502782984,4.4821489198265674e-05
07_range_position,pos24_Q3,26304,-5.88334742180896e-05,0.00016823444443803126,0.0010074654500963343,0.010475607828707045,0.009504600622881332,0.5187804136253041,0.3994449513381995,0.43077098540145986,0.0240181240275811,mixed (8/12 months race>baseline),median gap 5.0 min; %<1h 92.0; %<3h 99.0; %<12h 100.0,indistinguishable from baseline. monthly: mixed (8/12 months race>baseline),C,211,0.41706161137440756,0.00661093217710973,5.2541855783849734e-05
07_range_position,pos24_Q4,26317,-0.00018134627821353444,2.980331550195281e-05,0.0005462537280074287,0.010376073793026741,0.009854401198652218,0.5152942964623627,0.40323745107725045,0.43492799331230764,0.024550485883502986,mixed (7/12 months race>baseline),median gap 5.0 min; %<1h 92.6; %<3h 97.3; %<12h 100.0,small mixed difference. monthly: mixed (7/12 months race>baseline),C,153,0.39215686274509803,0.010767940087957506,-0.00040866986630505586
08_volume_regime,ALL,105215,8.094419309090384e-05,0.0003510923329543836,0.0009549235943124845,0.010239391630176842,0.00955178070313134,0.5093380221451314,0.402528156631659,0.42416005322435013,0.024008709923462837,baseline,median gap 5.0 min; %<1h 100.0; %<3h 100.0; %<12h 100.0,unconditional 2024 reference path,baseline,730,0.4041095890410959,0.0,0.0
08_volume_regime,vol_Q1,26297,6.984988703262474e-05,0.0003674644509654712,0.0010362883972625525,0.00974861582001374,0.009091308213074578,0.49013195421530975,0.3963950260485987,0.4132410541126364,0.02293481877868509,mixed (4/12 months race>baseline),median gap 10.0 min; %<1h 92.0; %<3h 99.6; %<12h 100.0,small mixed difference. monthly: mixed (4/12 months race>baseline),C,29,0.3448275862068966,-0.010918999111713734,8.136480295006798e-05
08_volume_regime,vol_Q1_bull,13488,-8.113079613786267e-05,6.494647448640478e-05,0.0009043020880553643,0.010092972204069572,0.008582207781491269,0.5038552787663108,0.3787811387900356,0.433199881376038,0.02302282740916301,mixed (4/12 months race>baseline),median gap 10.0 min; %<1h 87.9; %<3h 95.2; %<12h 99.3,indistinguishable from baseline. monthly: mixed (4/12 months race>baseline),C,13,0.38461538461538464,-0.00482934439122773,0.00023314961790021904
08_volume_regime,vol_Q1_bear,12809,0.00025906334316649904,0.0006778655456487481,0.0011833919394104164,0.00942265463430303,0.00962190559855558,0.4756811616831915,0.4149426184713873,0.3922242173471778,0.022843224623196517,mixed (6/12 months race>baseline),median gap 5.0 min; %<1h 88.8; %<3h 94.9; %<12h 99.2,small directional difference (below ~0.30R cost scale). monthly: mixed (6/12 months race>baseline),C,16,0.3125,-0.016167845532364056,-5.279721807149862e-05
08_volume_regime,vol_Q2,26302,6.377369974619462e-05,0.0003358023249481201,0.0008946441669737126,0.010282520423956276,0.00947123712214304,0.5113299368869287,0.39692799026689984,0.42741996806326515,0.02399156944679344,mixed (7/12 months race>baseline),median gap 10.0 min; %<1h 95.1; %<3h 100.0; %<12h 100.0,indistinguishable from baseline. monthly: mixed (7/12 months race>baseline),C,107,0.411214953271028,0.0032599148389150234,-6.0279427338771896e-05
08_volume_regime,vol_Q2_bull,14092,-0.0001313502236382491,-3.471191799975237e-05,0.000673828117466968,0.010517128720928692,0.009193926169851263,0.5211467499290378,0.38440249787113256,0.44393982401362475,0.024479197559218874,mixed (8/12 months race>baseline),median gap 15.0 min; %<1h 90.2; %<3h 95.9; %<12h 99.5,indistinguishable from baseline. monthly: mixed (8/12 months race>baseline),C,58,0.4482758620689655,0.005910598246359033,2.675647311822793e-06
08_volume_regime,vol_Q2_bear,12210,0.0003398068104870644,0.000799429174849875,0.0011046753742867121,0.010000928481492477,0.009761919328620305,0.5,0.4113841113841114,0.40835380835380836,0.023575073041168716,mixed (5/12 months race>baseline),median gap 15.0 min; %<1h 89.0; %<3h 95.0; %<12h 99.2,indistinguishable from baseline. monthly: mixed (5/12 months race>baseline),C,49,0.3673469387755102,-3.82545257334721e-05,-0.0001315137831952029
08_volume_regime,vol_Q3,26312,9.00002634218744e-05,0.00034577535935920167,0.0008541218245876614,0.010403564248449348,0.00969936210222544,0.5156202493159014,0.4051763453937367,0.4271815141380359,0.024348576311895846,mixed (8/12 months race>baseline),median gap 15.0 min; %<1h 95.2; %<3h 100.0; %<12h 100.0,indistinguishable from baseline. monthly: mixed (8/12 months race>baseline),C,225,0.4222222222222222,0.0030214609136857695,-0.00010080176972482313
08_volume_regime,vol_Q3_bull,14277,-0.00012520146624545037,-2.602155257208638e-05,0.0005166862792844729,0.010512721661693814,0.00954414447488916,0.5205575400994606,0.39693212859844507,0.4392379351404357,0.024704866402187026,mixed (8/12 months race>baseline),median gap 15.0 min; %<1h 90.1; %<3h 96.1; %<12h 99.5,indistinguishable from baseline. monthly: mixed (8/12 months race>baseline),C,118,0.4576271186440678,0.0012087093731699694,-0.00015446619087067237
08_volume_regime,vol_Q3_bear,12035,0.0003640642590926335,0.0008408741610750337,0.0012056312877573028,0.010246599753662267,0.009954511746200323,0.5097631906938097,0.4149563772330702,0.412879102617366,0.023760851907440615,mixed (8/12 months race>baseline),median gap 15.0 min; %<1h 88.6; %<3h 95.1; %<12h 99.2,indistinguishable from baseline. monthly: mixed (8/12 months race>baseline),C,107,0.38317757009345793,0.004487039737824161,-3.0557869724612274e-05
08_volume_regime,vol_Q4,26304,9.985321565564309e-05,0.00035592231601055957,0.0010289037440961435,0.010521230931252012,0.009918572427685457,0.5202630778588808,0.411610401459854,0.42879409975669097,0.024769414975263734,mixed (8/12 months race>baseline),median gap 10.0 min; %<1h 92.1; %<3h 99.9; %<12h 100.0,indistinguishable from baseline. monthly: mixed (8/12 months race>baseline),C,369,0.3956639566395664,0.004634046532340841,7.398014978365897e-05
08_volume_regime,vol_Q4_bull,14121,-0.000154906057883486,-0.00010590759341211342,0.0005569545977364143,0.010428054087514571,0.00968360090528908,0.5168189221726507,0.4048580128886056,0.4355215636286382,0.024973185448665378,mixed (6/12 months race>baseline),median gap 10.0 min; %<1h 87.5; %<3h 95.9; %<12h 99.5,indistinguishable from baseline. monthly: mixed (6/12 months race>baseline),C,207,0.4057971014492754,-0.00250766213862752,-0.00011419787241873092
08_volume_regime,vol_Q4_bear,12183,0.0004136258226503653,0.0009071638044235719,0.0014944977085082911,0.010598620185625185,0.010203578716057149,0.5242551095789214,0.419436920298777,0.4209964704916687,0.02452683344646504,broad (9/12 months race>baseline),median gap 10.0 min; %<1h 86.7; %<3h 94.9; %<12h 99.3,small mixed difference. monthly: broad (9/12 months race>baseline),C,162,0.38271604938271603,0.012604407612126889,0.00025830855102637607
09_trend_volatility,ALL,105215,8.094419309090384e-05,0.0003510923329543836,0.0009549235943124845,0.010239391630176842,0.00955178070313134,0.5093380221451314,0.402528156631659,0.42416005322435013,0.024008709923462837,baseline,median gap 5.0 min; %<1h 100.0; %<3h 100.0; %<12h 100.0,unconditional 2024 reference path,baseline,730,0.4041095890410959,0.0,0.0
09_trend_volatility,bull_range12_Q1,14934,-1.449197257941126e-05,0.00014983448857908144,0.0006600898458871685,0.008098281648284078,0.006250947609117152,0.42346323824829246,0.2877326905048882,0.3848265702423999,0.018042979574072582,mixed (4/12 months race>baseline),median gap 5.0 min; %<1h 93.1; %<3h 96.1; %<12h 98.8,directional difference versus baseline. monthly: mixed (4/12 months race>baseline),B,116,0.3620689655172414,-0.053202655524865805,-1.1062624267976773e-05
09_trend_volatility,bull_range12_Q2,14498,-0.0001506197704486678,-0.00015420290426937378,0.00050668407918808,0.010452304690886205,0.009508188433934861,0.5173127327907298,0.40688370809766866,0.44599255069664784,0.024474926081553057,mixed (5/12 months race>baseline),median gap 5.0 min; %<1h 90.6; %<3h 95.4; %<12h 99.1,indistinguishable from baseline. monthly: mixed (5/12 months race>baseline),C,127,0.47244094488188976,0.00796332492938212,-0.00016446839096706523
09_trend_volatility,bull_range12_Q3,14091,-0.00021956254352301086,-0.00036604998427003377,0.0007092985832879428,0.011009470687760814,0.010463715538515439,0.540841671989213,0.43204882549144846,0.4536938471364701,0.025723135464231276,mixed (8/12 months race>baseline),median gap 5.0 min; %<1h 91.0; %<3h 95.4; %<12h 98.9,small directional difference (below ~0.30R cost scale). monthly: mixed (8/12 months race>baseline),C,95,0.42105263157894735,0.01566462136920438,3.814611313279759e-05
09_trend_volatility,bull_range12_Q4,12455,-0.00020177848276742294,0.0001357034067466234,0.0007926080710460859,0.012932418994812789,0.01210519497424889,0.5961461260537937,0.45170614211160176,0.4748293857888398,0.030285405656913893,broad (9/12 months race>baseline),median gap 5.0 min; %<1h 93.9; %<3h 96.0; %<12h 98.4,directional difference versus baseline. monthly: broad (9/12 months race>baseline),B,58,0.46551724137931033,0.0368001600215741,0.00012145560089094065
09_trend_volatility,bear_range12_Q1,11403,0.0002008671891702285,0.0003685767179675281,0.0005534721118702901,0.006809757642959102,0.006657596492974038,0.34973252652810666,0.32272209067789176,0.3126370253442077,0.016928175506155423,unstable (race edge concentrated in <=2 months),median gap 5.0 min; %<1h 92.7; %<3h 95.5; %<12h 98.3,directional difference versus baseline. monthly: unstable (race edge concentrated in <=2 months),B,103,0.3786407766990291,-0.09575503753533415,-0.0006827170456116249
09_trend_volatility,bear_range12_Q2,11797,0.00029445358933211097,0.0007017180389731204,0.0009049977480579674,0.00937431181739723,0.009255308149972219,0.4722387047554463,0.4040010172077647,0.40662880393320333,0.02174830612344819,mixed (4/12 months race>baseline),median gap 5.0 min; %<1h 90.3; %<3h 94.7; %<12h 98.6,indistinguishable from baseline. monthly: mixed (4/12 months race>baseline),C,100,0.34,-0.0017632589463384973,-0.00033119140942394765
09_trend_volatility,bear_range12_Q3,12206,0.000477126363053193,0.0010822118081565968,0.0013314675072518822,0.010919859389110886,0.010522581943929243,0.5386695067999344,0.4327379977060462,0.44797640504669833,0.025098788453797368,broad (9/12 months race>baseline),median gap 5.0 min; %<1h 90.4; %<3h 95.3; %<12h 98.6,directional difference versus baseline. monthly: broad (9/12 months race>baseline),C,70,0.4,0.039584342167156505,9.527834976996719e-05
09_trend_volatility,bear_range12_Q4,13831,0.0005450637993885676,0.0014465064101877312,0.002810837431476809,0.013634439608281701,0.013098839493541958,0.6207794085749404,0.48543127756489046,0.45390788807750704,0.03094114051972205,broad (9/12 months race>baseline),median gap 5.0 min; %<1h 95.0; %<3h 96.6; %<12h 98.6,directional difference versus baseline. monthly: broad (9/12 months race>baseline),C,61,0.4098360655737705,0.04551582519796521,0.0015746482739948942
10_autocorrelation,ALL,105215,8.094419309090384e-05,0.0003510923329543836,0.0009549235943124845,0.010239391630176842,0.00955178070313134,0.5093380221451314,0.402528156631659,0.42416005322435013,0.024008709923462837,baseline,median gap 5.0 min; %<1h 100.0; %<3h 100.0; %<12h 100.0,unconditional 2024 reference path,baseline,730,0.4041095890410959,0.0,0.0
12_holding_horizon,ALL,105215,8.094419309090384e-05,0.0003510923329543836,0.0009549235943124845,0.010239391630176842,0.00955178070313134,0.5093380221451314,0.402528156631659,0.42416005322435013,0.024008709923462837,baseline,median gap 5.0 min; %<1h 100.0; %<3h 100.0; %<12h 100.0,unconditional 2024 reference path,baseline,730,0.4041095890410959,0.0,0.0
12_holding_horizon,EMA20>EMA50,55978,-0.00011987207033770098,-2.1809461113631023e-05,0.0006711524701551452,0.010392084228424525,0.009262269579186133,0.5157383257708386,0.39140376576512204,0.4380292257672657,0.024389803345307867,mixed (7/12 months race>baseline),median gap 5.0 min; %<1h 98.5; %<3h 99.1; %<12h 99.9,small mixed difference. monthly: mixed (7/12 months race>baseline),C,396,0.42676767676767674,0.013869172542915587,-0.0002837711241573393
12_holding_horizon,EMA20<=EMA50,49237,0.00033796374701233756,0.0008029380937659703,0.001236189157481915,0.010053142732663112,0.009869894354915143,0.5020614578467413,0.4151755793407397,0.40839206287954183,0.023636445058413863,mixed (5/12 months race>baseline),median gap 5.0 min; %<1h 98.3; %<3h 98.9; %<12h 99.8,small directional difference (below ~0.30R cost scale). monthly: mixed (5/12 months race>baseline),C,334,0.3772455089820359,-0.015767990344808303,0.0002812655631694305
