ending_cash,ending_realized_equity,ending_mtm_equity,total_net_pnl,signals,filled_trades,closed_trades,open_end_of_data,ignored_position_open,tp_count,sl_count,win_rate,average_R,profit_factor,max_drawdown,max_drawdown_pct,entry_slippage_last,sample_id
-2.220446049250313e-16,1.2013302224139437,1.1925855579624585,-18.798669777586056,8678.0,991.0,990.0,1.0,7687.0,322.0,668.0,0.32525252525252524,-0.2741560727272665,0.6817222136080038,19.904167503670415,0.9440337964111731,0.0005997651635789306,0
-4.440892098500626e-16,1.1695544682014685,1.1630796867250321,-18.83044553179853,8728.0,986.0,985.0,1.0,7742.0,319.0,666.0,0.3238578680203046,-0.27833377055836933,0.6815288774850505,19.883407296167253,0.945436913928367,0.0005839010905144298,1
-4.440892098500626e-16,2.147978024508813,2.137280836924559,-17.852021975491187,8790.0,978.0,977.0,1.0,7812.0,336.0,641.0,0.34390992835209827,-0.21826779375639102,0.7744996544782016,20.56756877047548,0.9068670482679623,0.0010723799062049462,2
0.0,1.309888434992093,1.306019814499307,-18.690111565007907,8742.0,996.0,995.0,1.0,7746.0,327.0,668.0,0.32864321608040203,-0.263999253266326,0.7040606224889201,19.786294093563033,0.9389318956272498,0.0006539629460954607,3
0.0,1.2918183311419469,1.2890564694822142,-18.708181668858053,8917.0,1009.0,1008.0,1.0,7908.0,332.0,676.0,0.32936507936507936,-0.2618369107142796,0.7341208830234012,20.64000532643916,0.9416447069589214,0.0006449414309537007,4
0.0,1.263178682173109,1.2593597229413378,-18.73682131782689,8823.0,987.0,986.0,1.0,7836.0,322.0,664.0,0.3265720081135903,-0.27020355983772193,0.6854774201886288,19.852714371286126,0.9415114998021522,0.0006306430611732805,5
0.0,1.4320914430597966,1.4253808313725058,-18.567908556940203,8843.0,977.0,976.0,1.0,7866.0,322.0,654.0,0.32991803278688525,-0.26018053790982965,0.7132633087175245,19.809324018413022,0.9342878297448767,0.0007149729046862868,6
-2.220446049250313e-16,1.233969295593777,1.2278239808477533,-18.766030704406223,8787.0,996.0,995.0,1.0,7791.0,325.0,670.0,0.32663316582914576,-0.2700203618090393,0.7204643796081504,20.255520319457283,0.9435821317403209,0.0006160602493925667,7
-2.220446049250313e-16,1.4161277141554187,1.4070942805560855,-18.58387228584458,8766.0,966.0,965.0,1.0,7800.0,317.0,648.0,0.32849740932642485,-0.26443601761657415,0.7078949299206463,19.551367255265546,0.9335667642618197,0.0007070029990774361,8
0.0,1.6424930057853508,1.634796477177361,-18.35750699421465,8944.0,997.0,996.0,1.0,7947.0,335.0,661.0,0.33634538152610444,-0.24092740512047583,0.721425838808044,19.79193992264174,0.924944617122786,0.0008200160687813728,9
-2.220446049250313e-16,1.9606232314988539,1.9447386724948337,-18.039376768501146,8839.0,971.0,970.0,1.0,7868.0,330.0,640.0,0.3402061855670103,-0.22936236082473652,0.728217173387009,18.78017172760702,0.906308079034303,0.0009788428620348226,10
-2.220446049250313e-16,1.3036785591945197,1.2940988276556864,-18.69632144080548,8683.0,994.0,993.0,1.0,7689.0,326.0,667.0,0.3282980866062437,-0.2650330891238611,0.6967415474587245,21.147496880534256,0.942888427013143,0.000650862660175509,11
-2.220446049250313e-16,1.5135452478197955,1.5089693571098022,-18.486454752180205,8759.0,994.0,993.0,1.0,7765.0,331.0,662.0,0.3333333333333333,-0.249949999999994,0.7251804450084303,20.235836891230882,0.9326710992107954,0.0007556387879086794,12
0.0,1.18360218723328,1.174986567832139,-18.81639781276672,8680.0,1035.0,1034.0,1.0,7645.0,340.0,694.0,0.3288201160541586,-0.2634693491295873,0.7097072331794989,19.94349660491025,0.9457994295299955,0.0005909144265195545,13
-2.220446049250313e-16,1.2107353267115002,1.2038791891354348,-18.7892646732885,8601.0,988.0,987.0,1.0,7613.0,321.0,666.0,0.3252279635258359,-0.2742296474164075,0.6706952196105513,19.891337022849342,0.944208499347766,0.0006044606701202125,14
-2.220446049250313e-16,1.0715804175250767,1.0722590969590167,-18.928419582474923,8768.0,1012.0,1011.0,1.0,7756.0,327.0,684.0,0.32344213649851633,-0.2795790949554835,0.6721926876154575,20.072024249176867,0.9507684444254011,0.0005349874600785863,15
-2.220446049250313e-16,1.044636236551689,1.0394720131554214,-18.95536376344831,8767.0,995.0,994.0,1.0,7772.0,319.0,675.0,0.3209255533199195,-0.28711752364184495,0.6835420941379023,20.22388499702277,0.9517830425158782,0.0005215355541767549,16
-2.220446049250313e-16,1.0689737273656021,1.0657419066087386,-18.931026272634398,8534.0,967.0,966.0,1.0,7567.0,308.0,658.0,0.3188405797101449,-0.29336306521738476,0.6695532497228075,20.028748294116795,0.9501437859141214,0.0005336860677381618,17
0.0,1.4901218603887543,1.4827226652311314,-18.509878139611246,8817.0,1000.0,999.0,1.0,7817.0,333.0,666.0,0.3333333333333333,-0.2499499999999942,0.7059948877101603,19.61741528114617,0.9303342194243064,0.0007439446412600102,18
-2.220446049250313e-16,1.3121245638504107,1.3031563084602333,-18.68787543614959,8745.0,1003.0,1002.0,1.0,7742.0,330.0,672.0,0.32934131736526945,-0.2619080898203536,0.7189184972143647,19.78794406583243,0.9387326948194932,0.0006550793353824084,19
-2.220446049250313e-16,1.2181345681597655,1.2092675823331158,-18.781865431840234,8891.0,978.0,977.0,1.0,7913.0,317.0,660.0,0.32446264073694986,-0.2765221729785,0.7047252373046335,19.82928939209887,0.9428636595837488,0.000608154747880613,20
-2.220446049250313e-16,1.3773258311794194,1.378198152752363,-18.62267416882058,8766.0,992.0,991.0,1.0,7774.0,327.0,664.0,0.32996972754793136,-0.260025686175574,0.704265685693636,19.895981879278605,0.9364223561087264,0.000687631125086335,21
-2.220446049250313e-16,1.4056399771152712,1.4042557909159554,-18.59436002288473,8892.0,988.0,987.0,1.0,7904.0,326.0,661.0,0.3302938196555218,-0.2590548677811489,0.6958638295088616,19.692878611372176,0.934121327536061,0.0007017669871932403,22
-2.220446049250313e-16,1.8357694430540406,1.8261527760171272,-18.16423055694596,8804.0,981.0,980.0,1.0,7823.0,332.0,648.0,0.33877551020408164,-0.23364795102040217,0.7338283971016772,19.63122667744488,0.9155938524323393,0.0009165094990236449,23
-2.220446049250313e-16,1.041458718459662,1.0392119176183001,-18.958541281540338,8750.0,1000.0,999.0,1.0,7750.0,321.0,678.0,0.3213213213213213,-0.2859319999999944,0.716811373206504,20.04057381107008,0.9509029470423441,0.0005199491754919163,24
-4.440892098500626e-16,1.2636397450691703,1.2543542279958955,-18.73636025493083,8733.0,1006.0,1005.0,1.0,7727.0,330.0,675.0,0.3283582089552239,-0.2648529925373071,0.7093479662446982,20.365163170520116,0.9431027867424323,0.0006308732472270069,25
-2.220446049250313e-16,1.2791320593870026,1.2717320208986154,-18.720867940612997,8848.0,986.0,985.0,1.0,7862.0,322.0,663.0,0.3269035532994924,-0.2692104157360348,0.6666912548201767,19.469274451060855,0.9400517360308046,0.0006386077986915372,26
0.0,0.8778038835720459,0.8751500252603489,-19.122196116427954,8801.0,1016.0,1015.0,1.0,7785.0,322.0,693.0,0.31724137931034485,-0.29815347241378654,0.6714884696838237,20.550973090409293,0.9598562303235693,0.0004382443561296652,27
-2.220446049250313e-16,1.3049512932574672,1.2945749634099089,-18.695048706742533,8727.0,963.0,962.0,1.0,7764.0,313.0,649.0,0.32536382536382535,-0.2738226730769174,0.7102522417199072,20.594316432302474,0.9420148018685874,0.0006514980737690468,28
-2.220446049250313e-16,0.904404001256097,0.9038909889360739,-19.095595998743903,8980.0,1016.0,1015.0,1.0,7964.0,323.0,692.0,0.31822660098522165,-0.2952022394088613,0.6391268436192153,19.909579194311696,0.9566421165645119,0.00045152448813352364,29
-1.1102230246251565e-16,0.950618737603758,0.9458984434136866,-19.049381262396242,8649.0,993.0,992.0,1.0,7656.0,315.0,677.0,0.3175403225806452,-0.29725798739918746,0.6375297738270232,20.184978515156313,0.956564798542726,0.00047459723564966406,30
0.0,1.2335190585231963,1.2263829004992737,-18.766480941476804,8934.0,977.0,976.0,1.0,7957.0,317.0,659.0,0.32479508196721313,-0.27552634477458415,0.7070071930425849,20.630463678811296,0.9446076640778936,0.0006158354681416171,31
-2.220446049250313e-16,1.5233508936363087,1.5215808947375256,-18.47664910636369,8605.0,1003.0,1002.0,1.0,7602.0,335.0,667.0,0.3343313373253493,-0.24696047754490338,0.6968120670988092,19.53579944007657,0.9289084943358669,0.0007605342651532757,32
-2.220446049250313e-16,1.2424170015787226,1.236275036823003,-18.757582998421277,8827.0,1024.0,1023.0,1.0,7803.0,337.0,686.0,0.32942326490713586,-0.2616626158357709,0.6943023731749289,19.608743594742222,0.9416859669051032,0.0006202777739894461,33
0.0,1.1875053799834419,1.183915203314286,-18.812494620016558,8752.0,961.0,960.0,1.0,7791.0,309.0,651.0,0.321875,-0.28427345468749343,0.6942104690438325,20.0528239012154,0.9443410993750551,0.0005928630989118005,34
-2.220446049250313e-16,1.513545247819863,1.5013602806064943,-18.486454752180137,8667.0,994.0,993.0,1.0,7673.0,331.0,662.0,0.3333333333333333,-0.2499499999999946,0.6888963067666485,19.5411881603052,0.9291647228055201,0.0007556387879086624,35
0.0,1.0683209420784543,1.0610190628886502,-18.931679057921546,8845.0,1017.0,1016.0,1.0,7828.0,329.0,687.0,0.32381889763779526,-0.2784505063976311,0.655134857416705,19.88074126491211,0.9503543464876346,0.0005333601641129397,36
-2.220446049250313e-16,1.586626731313448,1.5787483415391597,-18.413373268686552,8944.0,995.0,994.0,1.0,7949.0,333.0,661.0,0.335010060362173,-0.24492736167001436,0.6846504008837868,19.531787653177386,0.92703493018576,0.000792124782420522,37
-2.220446049250313e-16,1.2049955126924594,1.1970709615527788,-18.79500448730754,8616.0,986.0,985.0,1.0,7630.0,320.0,665.0,0.3248730964467005,-0.27529265228425787,0.700846932517734,19.490433339375326,0.9425059636652688,0.0006015950629542559,38
-2.220446049250313e-16,1.2339692955937984,1.225626939283362,-18.7660307044062,8854.0,996.0,995.0,1.0,7858.0,325.0,670.0,0.32663316582914576,-0.2700203618090393,0.6878351042657082,19.88820103834329,0.9424093470345971,0.000616060249392664,39
-2.220446049250313e-16,1.6241839004564262,1.616119020683434,-18.375816099543574,8712.0,986.0,985.0,1.0,7726.0,330.0,655.0,0.3350253807106599,-0.24488146954314174,0.7316719071783273,20.27753816386453,0.9290720301202466,0.0008108752319425816,40
-2.220446049250313e-16,1.8709977949274084,1.8573785188942438,-18.12900220507259,8802.0,989.0,988.0,1.0,7813.0,336.0,652.0,0.340080971659919,-0.22973743927124943,0.7165191361917055,19.606182686619906,0.914417296203497,0.0009340972844882172,41
0.0,1.2474242760057557,1.238257913949095,-18.752575723994244,8919.0,988.0,987.0,1.0,7931.0,322.0,665.0,0.3262411347517731,-0.2711946914893554,0.707186586959507,20.384219008475387,0.9433248089570506,0.0006227776601237406,42
-2.220446049250313e-16,1.3094104973854819,1.305451765831676,-18.690589502614518,8872.0,977.0,976.0,1.0,7895.0,319.0,657.0,0.32684426229508196,-0.2693880220286823,0.7080211009053823,19.77918547240657,0.9387771436559091,0.0006537243353275811,43
-2.220446049250313e-16,1.2128021899125443,1.2066041136243961,-18.787197810087456,8759.0,995.0,994.0,1.0,7764.0,324.0,670.0,0.32595573440643866,-0.2720496086519056,0.7143494872675408,19.894758812667614,0.9434880908007434,0.0006054925533799572,44
-2.220446049250313e-16,1.1271601932245687,1.121546800588882,-18.87283980677543,8685.0,1027.0,1026.0,1.0,7658.0,335.0,691.0,0.32651072124756336,-0.27038714473683617,0.7054786204686587,20.168312716831302,0.9475631820379036,0.0005627357116768161,45
-2.220446049250313e-16,1.4570858165631009,1.4580086536745476,-18.5429141834369,8670.0,978.0,977.0,1.0,7692.0,323.0,654.0,0.330603889457523,-0.2581260532241499,0.7087471008858066,19.11028859893088,0.9301915023862786,0.0007274513675044706,46
-2.220446049250313e-16,1.1514546277969409,1.1422988278186865,-18.84854537220306,8703.0,992.0,991.0,1.0,7711.0,321.0,670.0,0.3239152371342079,-0.2781619212916185,0.683562212007225,20.18939148992213,0.9475908621919366,0.0005748647293720852,47
-2.220446049250313e-16,1.84698849403307,1.8414483230409509,-18.15301150596693,8667.0,971.0,970.0,1.0,7696.0,328.0,642.0,0.33814432989690724,-0.23553865257731382,0.7353966783376659,19.413158936514474,0.9142516387473215,0.0009221106200310879,48
-2.220446049250313e-16,1.1459958497558986,1.1386855787186132,-18.8540041502441,8855.0,990.0,989.0,1.0,7865.0,320.0,669.0,0.3235591506572295,-0.27922857886753705,0.6713842881803086,19.58533575876421,0.9459588913666149,0.0005721394296636094,49
-2.220446049250313e-16,1.2360758218278711,1.2269928508369063,-18.76392417817213,8827.0,1003.0,1002.0,1.0,7824.0,328.0,674.0,0.3273453093812375,-0.2678871347305326,0.7104060026876614,19.98923309708665,0.9425639045607115,0.000617111934456153,50
-2.220446049250313e-16,1.196507973707547,1.1869939317165152,-18.803492026292453,8685.0,1027.0,1026.0,1.0,7658.0,337.0,689.0,0.3284600389863548,-0.26454796052630947,0.7069646320698403,20.04495705057264,0.9450792159073909,0.0005973576516974514,51
-2.220446049250313e-16,1.2791320593869848,1.2698210635926832,-18.720867940613015,8787.0,986.0,985.0,1.0,7801.0,322.0,663.0,0.3269035532994924,-0.26921041573603494,0.7009153042950031,19.445337275561865,0.9391970563082686,0.0006386077986914643,52
-2.220446049250313e-16,1.1036497169037602,1.0955398435563612,-18.89635028309624,8917.0,993.0,992.0,1.0,7924.0,320.0,672.0,0.3225806451612903,-0.2821596935483806,0.6985968808191136,20.60945548554938,0.9498912056448234,0.0005509980858239912,53
0.0,1.1739793507282883,1.1659508440539863,-18.82602064927171,8948.0,1019.0,1018.0,1.0,7929.0,333.0,685.0,0.32711198428290766,-0.26858606041256783,0.6837701699576713,19.700681401708767,0.9449643623114883,0.0005861102169835622,54
-2.220446049250313e-16,1.960623231498836,1.9492806283112036,-18.039376768501164,8738.0,971.0,970.0,1.0,7767.0,330.0,640.0,0.3402061855670103,-0.229362360824737,0.7416859210549942,19.198788689798413,0.9099612710876545,0.0009788428620349364,55
-2.220446049250313e-16,1.0726265625958185,1.0652911784500656,-18.92737343740418,8878.0,981.0,980.0,1.0,7897.0,314.0,666.0,0.32040816326530613,-0.28866736632652434,0.6984671757801781,20.00773508587532,0.9497838702793006,0.0005355097489196831,56
0.0,1.3965920238048675,1.3923697169549614,-18.603407976195133,8932.0,979.0,978.0,1.0,7953.0,322.0,656.0,0.3292433537832311,-0.2622015398772945,0.7198082889532379,20.967494810698806,0.9384206380380871,0.000697249788594639,57
-2.220446049250313e-16,1.6525308745572005,1.65357749569746,-18.3474691254428,8795.0,987.0,986.0,1.0,7808.0,331.0,655.0,0.3356997971602434,-0.24286125405678924,0.710737812881463,19.476268415648484,0.9239469180842544,0.0008250274835393688,58
-2.220446049250313e-16,1.7107176815669547,1.6982651087294505,-18.289282318433045,8853.0,989.0,988.0,1.0,7864.0,333.0,655.0,0.33704453441295545,-0.23883309159918406,0.7332884884517663,19.39458234233006,0.9197677457839567,0.0008540772977980105,59
-2.220446049250313e-16,1.4735112580917153,1.4690564018614591,-18.526488741908285,8632.0,989.0,988.0,1.0,7643.0,328.0,660.0,0.3319838056680162,-0.25399251214574314,0.7207322731362282,19.624489774249657,0.9308773390576756,0.0007356517835446692,60
-2.220446049250313e-16,1.3536996343768486,1.3429356817347307,-18.64630036562315,8866.0,991.0,990.0,1.0,7875.0,326.0,664.0,0.3292929292929293,-0.2620530363636299,0.7255307336731351,19.476340075185313,0.9361587763214797,0.0006758357256820112,61
0.0,1.454602644055683,1.4447686768814765,-18.545397355944317,8713.0,971.0,970.0,1.0,7742.0,320.0,650.0,0.32989690721649484,-0.2602438195876226,0.7074805967996034,19.84542525863797,0.9334944985596693,0.0007262116414597921,62
0.0,1.1398664481593457,1.1339594913051319,-18.860133551840654,8642.0,1038.0,1037.0,1.0,7604.0,340.0,697.0,0.32786885245901637,-0.2663188606557316,0.7177479926376971,20.10192590693041,0.9478671864340152,0.00056907932055916,63
0.0,1.4315689173709316,1.4217215554773432,-18.56843108262907,8655.0,958.0,957.0,1.0,7697.0,314.0,643.0,0.3281086729362591,-0.26560047805642034,0.7076957565722574,19.604928386865296,0.9331056496199671,0.0007147120332794305,64
0.0,1.650316772995847,1.6453273818949532,-18.349683227004153,8787.0,999.0,998.0,1.0,7788.0,336.0,662.0,0.3366733466933868,-0.23994498496993374,0.7212909809352662,19.45946680503867,0.9223165812544257,0.0008239220913997624,65
0.0,1.2679577817627425,1.2641243739127435,-18.732042218237257,8892.0,1020.0,1019.0,1.0,7872.0,336.0,683.0,0.3297350343473994,-0.26072871000980785,0.7048157025316497,19.666509069939874,0.940186389672399,0.0006330290308206276,66
0.0,1.563597340914864,1.5548414722871513,-18.436402659085136,8723.0,970.0,969.0,1.0,7753.0,322.0,647.0,0.3323013415892673,-0.2530413328173316,0.7024831386798217,19.70230364229194,0.927377218491023,0.0007806273391350734,67
-2.220446049250313e-16,1.4061530386859857,1.3987869145644192,-18.593846961314014,8689.0,1007.0,1006.0,1.0,7682.0,334.0,672.0,0.3320079522862823,-0.2539201809145067,0.72723913854924,20.159652545793215,0.936434064198378,0.0007020231336308753,68
0.0,1.1340486768068025,1.1284009786986688,-18.865951323193197,8809.0,1017.0,1016.0,1.0,7792.0,331.0,685.0,0.3257874015748031,-0.2725538499015687,0.6876441286889209,20.361515179491747,0.9483532845573452,0.000566174793126244,69
0.0,1.1282605988131884,1.124849536474574,-18.87173940118681,8859.0,996.0,995.0,1.0,7863.0,322.0,673.0,0.3236180904522613,-0.2790520246231097,0.694151907814498,19.65680066510105,0.9464663458007413,0.0005632850901288628,70
-2.220446049250313e-16,1.5452235057467973,1.5366689793831319,-18.454776494253203,8712.0,1009.0,1008.0,1.0,7703.0,338.0,670.0,0.3353174603174603,-0.24400654464285126,0.7246854889950655,19.980245996624273,0.9286954243327206,0.0007714541858675169,71
0.0,1.2835030355214805,1.2843159349542408,-18.71649696447852,8789.0,1000.0,999.0,1.0,7789.0,328.0,671.0,0.3283283283283283,-0.2649424999999932,0.7021253741826051,20.726259857521093,0.9427036241667874,0.0006407900123470678,72
-2.220446049250313e-16,1.4966735416605168,1.488541786928143,-18.503326458339483,8851.0,983.0,982.0,1.0,7868.0,326.0,656.0,0.3319755600814664,-0.2540172118126217,0.7262232978724618,19.617454279509758,0.9303372138776765,0.0007472155738616974,73
0.0,1.1078252559495496,1.1023243533138445,-18.89217474405045,8764.0,1026.0,1025.0,1.0,7738.0,334.0,691.0,0.3258536585365854,-0.27235537707316465,0.691512193504721,20.028302626470953,0.9487628739700844,0.0005530827273422747,74
-2.220446049250313e-16,1.4099286218584197,1.4026657709137613,-18.59007137814158,8839.0,983.0,982.0,1.0,7856.0,324.0,658.0,0.329938900203666,-0.26011802953156204,0.7266106262663723,19.821287702708165,0.935339998206095,0.000703908096829868,75
-2.220446049250313e-16,1.238185944142323,1.2297230526811298,-18.761814055857677,8639.0,1010.0,1009.0,1.0,7629.0,331.0,678.0,0.3280475718533201,-0.2657835064420156,0.7090739405216133,19.676661772302428,0.942799085999297,0.0006181654148661656,76
-2.220446049250313e-16,1.326431735323613,1.3189204335039317,-18.673568264676387,8921.0,995.0,994.0,1.0,7926.0,327.0,667.0,0.3289738430583501,-0.2630088596579415,0.7013935618235827,19.796793134556538,0.9388594449506392,0.0006622222032457942,77
-2.220446049250313e-16,1.2847560729528666,1.2759185955238586,-18.715243927047133,8806.0,969.0,968.0,1.0,7837.0,315.0,653.0,0.32541322314049587,-0.27367470196280386,0.6808727454592167,20.239918548731733,0.9411085624668932,0.0006414155923799838,78
0.0,1.432091443059722,1.4222977821221248,-18.567908556940278,8927.0,977.0,976.0,1.0,7950.0,322.0,654.0,0.32991803278688525,-0.26018053790982965,0.7152724709816182,19.674386545132137,0.9339595370491726,0.0007149729046863996,79
0.0,1.2962326580709629,1.2857308524158346,-18.703767341929037,8588.0,1023.0,1022.0,1.0,7565.0,338.0,684.0,0.33072407045009783,-0.2577660508806198,0.7022361814402519,20.05960699620768,0.9399496311203059,0.0006471452875314438,80
0.0,0.9330603203073231,0.9297286057139879,-19.066939679692677,8911.0,1004.0,1003.0,1.0,7907.0,319.0,684.0,0.3180458624127617,-0.2957436420737725,0.6614142893993034,19.70442995869105,0.9555603551386104,0.00046583118046725577,81
-2.220446049250313e-16,1.450178112284263,1.442956051760021,-18.549821887715737,8816.0,976.0,975.0,1.0,7840.0,322.0,653.0,0.3302564102564103,-0.2591669276923018,0.7098665460846169,19.675182325466448,0.9333833198640084,0.0007240026901054792,82
0.0,1.665468387440999,1.6638283384990278,-18.334531612559,8719.0,984.0,983.0,1.0,7735.0,330.0,653.0,0.335707019328586,-0.24283962004068524,0.7171458604050499,19.4780470799391,0.9238383514316498,0.000831486548154872,83
-2.220446049250313e-16,1.5176091838291228,1.5065622769641465,-18.482390816170877,8706.0,970.0,969.0,1.0,7736.0,321.0,648.0,0.33126934984520123,-0.2561326656346688,0.7154224191009316,19.59421879807156,0.929333254266657,0.0007576677115133164,84
-4.440892098500626e-16,1.401364377340112,1.399736115975591,-18.598635622659888,8848.0,993.0,992.0,1.0,7855.0,328.0,664.0,0.33064516129032256,-0.25800242338709106,0.729668247157087,20.782304925658323,0.937483602059912,0.0006996323902684335,85
0.0,1.5207547918725126,1.5128740151762061,-18.479245208127487,8921.0,996.0,995.0,1.0,7925.0,332.0,663.0,0.3336683417085427,-0.248946481909542,0.704592853429096,19.229048404722263,0.9279703175303217,0.0007592381590784851,86
-2.220446049250313e-16,1.2813156836064934,1.2749345781828192,-18.718684316393507,8636.0,993.0,992.0,1.0,7643.0,325.0,667.0,0.3276209677419355,-0.2670613996975745,0.7091590854310607,20.213974377739277,0.9424041755585251,0.0006396979749916663,87
0.0,0.9229961355912124,0.9176564156789141,-19.077003864408788,8721.0,1012.0,1011.0,1.0,7709.0,322.0,689.0,0.31849653808110784,-0.2943936424332278,0.6718601369408705,19.9045186333615,0.9561759125687475,0.00046080662745111154,88
-4.440892098500626e-16,1.9513283736864402,1.941681862021814,-18.04867162631356,8751.0,969.0,968.0,1.0,7782.0,329.0,639.0,0.33987603305785125,-0.23035133316115103,0.7380886071099038,19.158340014030003,0.908659980531498,0.0009742023961477144,89
-2.220446049250313e-16,1.2017687104911303,1.1935020799007847,-18.79823128950887,8588.0,1010.0,1009.0,1.0,7578.0,330.0,679.0,0.3270564915758176,-0.26875228889989505,0.7006039590900615,19.884982330005414,0.9435764330999825,0.0005999840791347648,90
0.0,1.188372422151513,1.1824715628291198,-18.811627577848487,8749.0,999.0,998.0,1.0,7750.0,325.0,673.0,0.3256513026052104,-0.272961534569132,0.6920714117286781,19.91370173292119,0.9443864389452233,0.0005932959704719586,91
-2.220446049250313e-16,1.2107353267115322,1.2030120846119825,-18.789264673288468,8952.0,988.0,987.0,1.0,7964.0,321.0,666.0,0.3252279635258359,-0.2742296474164076,0.6752346231191593,19.700429819919698,0.9437289609245473,0.0006044606701200848,92
-2.220446049250313e-16,1.8753370048721152,1.8734902904620838,-18.124662995127885,8743.0,946.0,945.0,1.0,7797.0,318.0,627.0,0.33650793650793653,-0.2404404714285653,0.7339144555479941,19.531196133553763,0.9139046517819829,0.0009362636388458754,93
-2.220446049250313e-16,1.6017780443782073,1.6002007136965413,-18.398221955621793,8801.0,999.0,998.0,1.0,7802.0,335.0,663.0,0.33567134268537074,-0.2429464894789521,0.7054390451158086,19.899032886188312,0.9275918165843919,0.0007996890887114058,94
-4.440892098500626e-16,1.9394755372599946,1.9295637664543372,-18.060524462740005,8708.0,979.0,978.0,1.0,7729.0,333.0,645.0,0.34049079754601225,-0.22850980521471764,0.7222767032155945,19.187850322850238,0.910177706390781,0.0009682848572017846,95
-2.220446049250313e-16,0.9031922585031715,0.9026799335296487,-19.09680774149683,8690.0,1028.0,1027.0,1.0,7662.0,328.0,699.0,0.3193768257059396,-0.29175673953261305,0.6619308618493769,20.185238326511175,0.9572637773779782,0.0004509195245049658,96
-2.220446049250313e-16,1.1089067855406292,1.1008348852698946,-18.89109321445937,8682.0,995.0,994.0,1.0,7687.0,321.0,673.0,0.32293762575452717,-0.28109035764586937,0.6785770372125962,20.0096511715517,0.9489542000510358,0.0005536226819359785,97
-2.220446049250313e-16,1.2896168082610728,1.2828297459707352,-18.710383191738927,8775.0,1002.0,1001.0,1.0,7773.0,329.0,672.0,0.32867132867132864,-0.263915041958036,0.7172685720335288,19.816829513601164,0.9399067079626652,0.0006438423187311532,98
-2.220446049250313e-16,1.7078022684411884,1.6993221819390805,-18.29219773155881,8901.0,982.0,981.0,1.0,7919.0,330.0,651.0,0.3363914373088685,-0.2407894449541223,0.726409116020359,19.20013125892897,0.9205253911489076,0.0008526217752466741,99
