signal_timestamp,reason
2024-01-01 09:15:00+00:00,POSITION_OPEN
2024-01-01 09:30:00+00:00,POSITION_OPEN
2024-01-01 10:40:00+00:00,POSITION_OPEN
2024-01-01 12:35:00+00:00,POSITION_OPEN
2024-01-01 15:40:00+00:00,POSITION_OPEN
2024-01-01 23:20:00+00:00,POSITION_OPEN
2024-01-02 07:10:00+00:00,POSITION_OPEN
2024-01-02 08:15:00+00:00,POSITION_OPEN
2024-01-02 13:40:00+00:00,POSITION_OPEN
2024-01-02 14:10:00+00:00,POSITION_OPEN
2024-01-03 01:50:00+00:00,POSITION_OPEN
2024-01-03 02:00:00+00:00,POSITION_OPEN
2024-01-03 06:55:00+00:00,POSITION_OPEN
2024-01-03 07:05:00+00:00,POSITION_OPEN
2024-01-03 09:25:00+00:00,POSITION_OPEN
2024-01-03 09:35:00+00:00,POSITION_OPEN
2024-01-04 00:10:00+00:00,POSITION_OPEN
2024-01-04 02:45:00+00:00,POSITION_OPEN
2024-01-04 14:50:00+00:00,POSITION_OPEN
2024-01-05 23:00:00+00:00,POSITION_OPEN
2024-01-06 14:00:00+00:00,POSITION_OPEN
2024-01-06 16:10:00+00:00,POSITION_OPEN
2024-01-06 18:40:00+00:00,POSITION_OPEN
2024-01-07 00:15:00+00:00,POSITION_OPEN
2024-01-07 08:00:00+00:00,POSITION_OPEN
2024-01-08 10:50:00+00:00,POSITION_OPEN
2024-01-11 14:05:00+00:00,POSITION_OPEN
2024-01-11 14:25:00+00:00,POSITION_OPEN
2024-01-11 14:30:00+00:00,POSITION_OPEN
2024-01-13 22:00:00+00:00,POSITION_OPEN
2024-01-14 09:55:00+00:00,POSITION_OPEN
2024-01-15 05:05:00+00:00,POSITION_OPEN
2024-01-15 13:45:00+00:00,POSITION_OPEN
2024-01-16 12:25:00+00:00,POSITION_OPEN
2024-01-16 12:30:00+00:00,POSITION_OPEN
2024-01-18 05:40:00+00:00,POSITION_OPEN
2024-01-18 06:00:00+00:00,POSITION_OPEN
2024-01-18 07:05:00+00:00,POSITION_OPEN
2024-01-20 12:45:00+00:00,POSITION_OPEN
2024-01-20 20:15:00+00:00,POSITION_OPEN
2024-01-20 20:40:00+00:00,POSITION_OPEN
2024-01-20 20:45:00+00:00,POSITION_OPEN
2024-01-21 10:15:00+00:00,POSITION_OPEN
2024-01-21 10:45:00+00:00,POSITION_OPEN
2024-01-23 03:10:00+00:00,POSITION_OPEN
2024-01-23 04:15:00+00:00,POSITION_OPEN
2024-01-23 04:20:00+00:00,POSITION_OPEN
2024-01-23 23:05:00+00:00,POSITION_OPEN
2024-01-24 07:10:00+00:00,POSITION_OPEN
2024-01-24 23:05:00+00:00,POSITION_OPEN
2024-01-25 07:25:00+00:00,POSITION_OPEN
2024-01-25 11:05:00+00:00,POSITION_OPEN
2024-01-26 02:00:00+00:00,POSITION_OPEN
2024-01-26 02:10:00+00:00,POSITION_OPEN
2024-01-26 04:35:00+00:00,POSITION_OPEN
2024-01-26 09:05:00+00:00,POSITION_OPEN
2024-01-26 10:35:00+00:00,POSITION_OPEN
2024-01-28 09:35:00+00:00,POSITION_OPEN
2024-01-29 03:10:00+00:00,POSITION_OPEN
2024-01-30 01:10:00+00:00,POSITION_OPEN
2024-01-30 01:20:00+00:00,POSITION_OPEN
2024-01-30 10:55:00+00:00,POSITION_OPEN
2024-01-30 15:25:00+00:00,POSITION_OPEN
2024-01-30 19:55:00+00:00,POSITION_OPEN
2024-01-30 20:20:00+00:00,POSITION_OPEN
2024-01-30 20:25:00+00:00,POSITION_OPEN
2024-01-30 20:30:00+00:00,POSITION_OPEN
2024-02-01 10:20:00+00:00,POSITION_OPEN
2024-02-01 14:15:00+00:00,POSITION_OPEN
2024-02-02 11:25:00+00:00,POSITION_OPEN
2024-02-02 12:15:00+00:00,POSITION_OPEN
2024-02-02 22:55:00+00:00,POSITION_OPEN
2024-02-03 17:40:00+00:00,POSITION_OPEN
2024-02-05 12:50:00+00:00,POSITION_OPEN
2024-02-05 13:15:00+00:00,POSITION_OPEN
2024-02-06 02:35:00+00:00,POSITION_OPEN
2024-02-06 07:30:00+00:00,POSITION_OPEN
2024-02-06 07:50:00+00:00,POSITION_OPEN
2024-02-06 14:35:00+00:00,POSITION_OPEN
2024-02-06 15:15:00+00:00,POSITION_OPEN
2024-02-07 12:50:00+00:00,POSITION_OPEN
2024-02-07 14:45:00+00:00,POSITION_OPEN
2024-02-07 17:00:00+00:00,POSITION_OPEN
2024-02-07 23:55:00+00:00,POSITION_OPEN
2024-02-08 09:35:00+00:00,POSITION_OPEN
2024-02-08 11:10:00+00:00,POSITION_OPEN
2024-02-08 13:45:00+00:00,POSITION_OPEN
2024-02-08 13:50:00+00:00,POSITION_OPEN
2024-02-08 13:55:00+00:00,POSITION_OPEN
2024-02-08 15:20:00+00:00,POSITION_OPEN
2024-02-08 20:10:00+00:00,POSITION_OPEN
2024-02-08 20:15:00+00:00,POSITION_OPEN
2024-02-09 07:00:00+00:00,POSITION_OPEN
2024-02-09 10:55:00+00:00,POSITION_OPEN
2024-02-09 11:30:00+00:00,POSITION_OPEN
2024-02-10 03:05:00+00:00,POSITION_OPEN
2024-02-11 03:00:00+00:00,POSITION_OPEN
2024-02-11 17:10:00+00:00,POSITION_OPEN
2024-02-12 00:15:00+00:00,POSITION_OPEN
2024-02-12 20:50:00+00:00,POSITION_OPEN
2024-02-13 01:00:00+00:00,POSITION_OPEN
2024-02-13 09:55:00+00:00,POSITION_OPEN
2024-02-13 20:40:00+00:00,POSITION_OPEN
2024-02-13 20:45:00+00:00,POSITION_OPEN
2024-02-13 23:50:00+00:00,POSITION_OPEN
2024-02-14 07:00:00+00:00,POSITION_OPEN
2024-02-14 20:05:00+00:00,POSITION_OPEN
2024-02-14 22:55:00+00:00,POSITION_OPEN
2024-02-14 23:35:00+00:00,POSITION_OPEN
2024-02-15 00:15:00+00:00,POSITION_OPEN
2024-02-16 03:10:00+00:00,POSITION_OPEN
2024-02-16 13:55:00+00:00,POSITION_OPEN
2024-02-16 23:25:00+00:00,POSITION_OPEN
2024-02-16 23:35:00+00:00,POSITION_OPEN
2024-02-17 04:50:00+00:00,POSITION_OPEN
2024-02-18 05:30:00+00:00,POSITION_OPEN
2024-02-18 07:20:00+00:00,POSITION_OPEN
2024-02-18 09:00:00+00:00,POSITION_OPEN
2024-02-19 00:35:00+00:00,POSITION_OPEN
2024-02-20 23:10:00+00:00,POSITION_OPEN
2024-02-22 03:45:00+00:00,POSITION_OPEN
2024-02-22 06:30:00+00:00,POSITION_OPEN
2024-02-22 06:45:00+00:00,POSITION_OPEN
2024-02-22 07:15:00+00:00,POSITION_OPEN
2024-02-22 07:40:00+00:00,POSITION_OPEN
2024-02-22 08:05:00+00:00,POSITION_OPEN
2024-02-22 09:50:00+00:00,POSITION_OPEN
2024-02-24 16:55:00+00:00,POSITION_OPEN
2024-02-24 21:50:00+00:00,POSITION_OPEN
2024-02-25 01:55:00+00:00,POSITION_OPEN
2024-02-25 05:20:00+00:00,POSITION_OPEN
2024-02-25 05:45:00+00:00,POSITION_OPEN
2024-02-25 06:25:00+00:00,POSITION_OPEN
2024-02-25 14:35:00+00:00,POSITION_OPEN
2024-02-25 14:40:00+00:00,POSITION_OPEN
2024-02-25 19:25:00+00:00,POSITION_OPEN
2024-02-25 19:40:00+00:00,POSITION_OPEN
2024-02-25 22:20:00+00:00,POSITION_OPEN
2024-02-26 14:30:00+00:00,POSITION_OPEN
2024-02-27 09:30:00+00:00,POSITION_OPEN
2024-02-27 12:25:00+00:00,POSITION_OPEN
2024-02-27 19:45:00+00:00,POSITION_OPEN
2024-02-27 19:50:00+00:00,POSITION_OPEN
2024-02-28 04:20:00+00:00,POSITION_OPEN
2024-02-28 04:25:00+00:00,POSITION_OPEN
2024-02-28 04:45:00+00:00,POSITION_OPEN
2024-02-28 07:10:00+00:00,POSITION_OPEN
2024-02-28 07:15:00+00:00,POSITION_OPEN
2024-02-29 11:30:00+00:00,POSITION_OPEN
2024-02-29 11:35:00+00:00,POSITION_OPEN
2024-03-01 08:15:00+00:00,POSITION_OPEN
2024-03-01 08:30:00+00:00,POSITION_OPEN
2024-03-01 12:35:00+00:00,POSITION_OPEN
2024-03-02 18:55:00+00:00,POSITION_OPEN
2024-03-03 04:15:00+00:00,POSITION_OPEN
2024-03-03 16:25:00+00:00,POSITION_OPEN
2024-03-03 16:30:00+00:00,POSITION_OPEN
2024-03-03 16:35:00+00:00,POSITION_OPEN
2024-03-03 22:10:00+00:00,POSITION_OPEN
2024-03-03 22:15:00+00:00,POSITION_OPEN
2024-03-04 07:25:00+00:00,POSITION_OPEN
2024-03-04 07:35:00+00:00,POSITION_OPEN
2024-03-04 13:35:00+00:00,POSITION_OPEN
2024-03-04 13:40:00+00:00,POSITION_OPEN
2024-03-04 17:15:00+00:00,POSITION_OPEN
2024-03-05 14:45:00+00:00,POSITION_OPEN
2024-03-06 12:00:00+00:00,POSITION_OPEN
2024-03-06 18:00:00+00:00,POSITION_OPEN
2024-03-06 20:15:00+00:00,POSITION_OPEN
2024-03-07 11:00:00+00:00,POSITION_OPEN
2024-03-07 11:05:00+00:00,POSITION_OPEN
2024-03-07 14:25:00+00:00,POSITION_OPEN
2024-03-08 13:45:00+00:00,POSITION_OPEN
2024-03-09 06:45:00+00:00,POSITION_OPEN
2024-03-09 12:55:00+00:00,POSITION_OPEN
2024-03-09 21:40:00+00:00,POSITION_OPEN
2024-03-09 23:10:00+00:00,POSITION_OPEN
2024-03-10 01:00:00+00:00,POSITION_OPEN
2024-03-10 08:25:00+00:00,POSITION_OPEN
2024-03-10 08:55:00+00:00,POSITION_OPEN
2024-03-10 09:40:00+00:00,POSITION_OPEN
2024-03-11 11:45:00+00:00,POSITION_OPEN
2024-03-11 22:15:00+00:00,POSITION_OPEN
2024-03-12 11:20:00+00:00,POSITION_OPEN
2024-03-12 14:00:00+00:00,POSITION_OPEN
2024-03-13 01:25:00+00:00,POSITION_OPEN
2024-03-13 01:30:00+00:00,POSITION_OPEN
2024-03-13 06:10:00+00:00,POSITION_OPEN
2024-03-13 06:20:00+00:00,POSITION_OPEN
2024-03-14 04:05:00+00:00,POSITION_OPEN
2024-03-14 06:20:00+00:00,POSITION_OPEN
2024-03-14 22:20:00+00:00,POSITION_OPEN
2024-03-15 00:20:00+00:00,POSITION_OPEN
2024-03-15 00:25:00+00:00,POSITION_OPEN
2024-03-15 23:25:00+00:00,POSITION_OPEN
2024-03-16 07:05:00+00:00,POSITION_OPEN
2024-03-17 14:55:00+00:00,POSITION_OPEN
2024-03-17 15:35:00+00:00,POSITION_OPEN
2024-03-17 22:35:00+00:00,POSITION_OPEN
2024-03-18 04:45:00+00:00,POSITION_OPEN
2024-03-18 05:20:00+00:00,POSITION_OPEN
2024-03-18 05:25:00+00:00,POSITION_OPEN
2024-03-20 18:55:00+00:00,POSITION_OPEN
2024-03-21 08:15:00+00:00,POSITION_OPEN
2024-03-22 03:30:00+00:00,POSITION_OPEN
2024-03-22 05:55:00+00:00,POSITION_OPEN
2024-03-23 01:30:00+00:00,POSITION_OPEN
2024-03-23 12:50:00+00:00,POSITION_OPEN
2024-03-23 16:30:00+00:00,POSITION_OPEN
2024-03-24 12:00:00+00:00,POSITION_OPEN
2024-03-24 20:10:00+00:00,POSITION_OPEN
2024-03-24 20:20:00+00:00,POSITION_OPEN
2024-03-24 21:55:00+00:00,POSITION_OPEN
2024-03-24 22:00:00+00:00,POSITION_OPEN
2024-03-24 23:00:00+00:00,POSITION_OPEN
2024-03-25 03:40:00+00:00,POSITION_OPEN
2024-03-25 05:30:00+00:00,POSITION_OPEN
2024-03-25 19:55:00+00:00,POSITION_OPEN
2024-03-26 02:50:00+00:00,POSITION_OPEN
2024-03-26 06:55:00+00:00,POSITION_OPEN
2024-03-26 07:00:00+00:00,POSITION_OPEN
2024-03-27 00:35:00+00:00,POSITION_OPEN
2024-03-27 00:40:00+00:00,POSITION_OPEN
2024-03-27 06:05:00+00:00,POSITION_OPEN
2024-03-27 23:50:00+00:00,POSITION_OPEN
2024-03-28 05:20:00+00:00,POSITION_OPEN
2024-03-28 06:10:00+00:00,POSITION_OPEN
2024-03-28 06:15:00+00:00,POSITION_OPEN
2024-03-28 06:30:00+00:00,POSITION_OPEN
2024-03-28 08:05:00+00:00,POSITION_OPEN
2024-03-28 08:30:00+00:00,POSITION_OPEN
2024-03-28 11:05:00+00:00,POSITION_OPEN
2024-03-28 13:25:00+00:00,POSITION_OPEN
2024-03-28 13:30:00+00:00,POSITION_OPEN
2024-03-28 14:30:00+00:00,POSITION_OPEN
2024-03-28 23:10:00+00:00,POSITION_OPEN
2024-03-29 13:35:00+00:00,POSITION_OPEN
2024-03-30 04:50:00+00:00,POSITION_OPEN
2024-03-30 11:35:00+00:00,POSITION_OPEN
2024-03-31 01:05:00+00:00,POSITION_OPEN
2024-03-31 04:30:00+00:00,POSITION_OPEN
2024-03-31 04:35:00+00:00,POSITION_OPEN
2024-03-31 04:55:00+00:00,POSITION_OPEN
2024-03-31 08:20:00+00:00,POSITION_OPEN
2024-03-31 11:15:00+00:00,POSITION_OPEN
2024-03-31 12:10:00+00:00,POSITION_OPEN
2024-03-31 13:10:00+00:00,POSITION_OPEN
2024-03-31 23:30:00+00:00,POSITION_OPEN
2024-03-31 23:35:00+00:00,POSITION_OPEN
2024-04-03 08:35:00+00:00,POSITION_OPEN
2024-04-04 12:10:00+00:00,POSITION_OPEN
2024-04-05 00:55:00+00:00,POSITION_OPEN
2024-04-06 05:10:00+00:00,POSITION_OPEN
2024-04-06 05:30:00+00:00,POSITION_OPEN
2024-04-06 14:40:00+00:00,POSITION_OPEN
2024-04-06 22:05:00+00:00,POSITION_OPEN
2024-04-06 22:25:00+00:00,POSITION_OPEN
2024-04-07 14:50:00+00:00,POSITION_OPEN
2024-04-07 15:05:00+00:00,POSITION_OPEN
2024-04-07 16:10:00+00:00,POSITION_OPEN
2024-04-07 16:15:00+00:00,POSITION_OPEN
2024-04-07 16:30:00+00:00,POSITION_OPEN
2024-04-08 05:10:00+00:00,POSITION_OPEN
2024-04-08 05:40:00+00:00,POSITION_OPEN
2024-04-08 06:00:00+00:00,POSITION_OPEN
2024-04-08 07:00:00+00:00,POSITION_OPEN
2024-04-08 07:20:00+00:00,POSITION_OPEN
2024-04-10 05:15:00+00:00,POSITION_OPEN
2024-04-10 16:50:00+00:00,POSITION_OPEN
2024-04-10 19:25:00+00:00,POSITION_OPEN
2024-04-10 19:40:00+00:00,POSITION_OPEN
2024-04-11 07:05:00+00:00,POSITION_OPEN
2024-04-13 15:25:00+00:00,POSITION_OPEN
2024-04-17 05:00:00+00:00,POSITION_OPEN
2024-04-17 05:15:00+00:00,POSITION_OPEN
2024-04-18 13:55:00+00:00,POSITION_OPEN
2024-04-18 14:10:00+00:00,POSITION_OPEN
2024-04-20 04:40:00+00:00,POSITION_OPEN
2024-04-20 15:30:00+00:00,POSITION_OPEN
2024-04-22 14:25:00+00:00,POSITION_OPEN
2024-04-24 07:15:00+00:00,POSITION_OPEN
2024-04-24 12:05:00+00:00,POSITION_OPEN
2024-04-25 20:00:00+00:00,POSITION_OPEN
2024-04-25 21:15:00+00:00,POSITION_OPEN
2024-04-26 09:30:00+00:00,POSITION_OPEN
2024-04-27 22:05:00+00:00,POSITION_OPEN
2024-04-28 00:20:00+00:00,POSITION_OPEN
2024-04-28 02:40:00+00:00,POSITION_OPEN
2024-04-28 06:50:00+00:00,POSITION_OPEN
2024-04-28 18:45:00+00:00,POSITION_OPEN
2024-05-01 23:40:00+00:00,POSITION_OPEN
2024-05-02 00:00:00+00:00,POSITION_OPEN
2024-05-02 11:00:00+00:00,POSITION_OPEN
2024-05-02 18:45:00+00:00,POSITION_OPEN
2024-05-03 20:10:00+00:00,POSITION_OPEN
2024-05-04 05:55:00+00:00,POSITION_OPEN
2024-05-04 08:40:00+00:00,POSITION_OPEN
2024-05-04 10:25:00+00:00,POSITION_OPEN
2024-05-04 10:30:00+00:00,POSITION_OPEN
2024-05-05 00:00:00+00:00,POSITION_OPEN
2024-05-05 15:20:00+00:00,POSITION_OPEN
2024-05-06 00:20:00+00:00,POSITION_OPEN
2024-05-06 06:10:00+00:00,POSITION_OPEN
2024-05-06 07:55:00+00:00,POSITION_OPEN
2024-05-10 06:45:00+00:00,POSITION_OPEN
2024-05-10 09:40:00+00:00,POSITION_OPEN
2024-05-10 11:45:00+00:00,POSITION_OPEN
2024-05-10 11:50:00+00:00,POSITION_OPEN
2024-05-11 06:05:00+00:00,POSITION_OPEN
2024-05-11 06:30:00+00:00,POSITION_OPEN
2024-05-11 13:45:00+00:00,POSITION_OPEN
2024-05-12 04:15:00+00:00,POSITION_OPEN
2024-05-12 10:15:00+00:00,POSITION_OPEN
2024-05-12 10:25:00+00:00,POSITION_OPEN
2024-05-12 15:25:00+00:00,POSITION_OPEN
2024-05-12 23:50:00+00:00,POSITION_OPEN
2024-05-14 21:40:00+00:00,POSITION_OPEN
2024-05-15 02:10:00+00:00,POSITION_OPEN
2024-05-15 07:35:00+00:00,POSITION_OPEN
2024-05-15 18:15:00+00:00,POSITION_OPEN
2024-05-15 18:25:00+00:00,POSITION_OPEN
2024-05-16 11:55:00+00:00,POSITION_OPEN
2024-05-17 00:55:00+00:00,POSITION_OPEN
2024-05-17 03:25:00+00:00,POSITION_OPEN
2024-05-17 06:30:00+00:00,POSITION_OPEN
2024-05-17 06:35:00+00:00,POSITION_OPEN
2024-05-17 12:45:00+00:00,POSITION_OPEN
2024-05-17 12:50:00+00:00,POSITION_OPEN
2024-05-17 23:35:00+00:00,POSITION_OPEN
2024-05-17 23:50:00+00:00,POSITION_OPEN
2024-05-17 23:55:00+00:00,POSITION_OPEN
2024-05-18 10:10:00+00:00,POSITION_OPEN
2024-05-18 11:00:00+00:00,POSITION_OPEN
2024-05-18 20:15:00+00:00,POSITION_OPEN
2024-05-18 20:25:00+00:00,POSITION_OPEN
2024-05-19 02:20:00+00:00,POSITION_OPEN
2024-05-19 02:25:00+00:00,POSITION_OPEN
2024-05-19 02:45:00+00:00,POSITION_OPEN
2024-05-19 07:25:00+00:00,POSITION_OPEN
2024-05-19 07:40:00+00:00,POSITION_OPEN
2024-05-19 07:50:00+00:00,POSITION_OPEN
2024-05-19 10:20:00+00:00,POSITION_OPEN
2024-05-20 04:30:00+00:00,POSITION_OPEN
2024-05-20 10:05:00+00:00,POSITION_OPEN
2024-05-20 10:20:00+00:00,POSITION_OPEN
2024-05-20 15:20:00+00:00,POSITION_OPEN
2024-05-20 18:40:00+00:00,POSITION_OPEN
2024-05-21 11:30:00+00:00,POSITION_OPEN
2024-05-21 11:35:00+00:00,POSITION_OPEN
2024-05-21 11:45:00+00:00,POSITION_OPEN
2024-05-21 22:50:00+00:00,POSITION_OPEN
2024-05-22 10:30:00+00:00,POSITION_OPEN
2024-05-23 11:20:00+00:00,POSITION_OPEN
2024-05-23 11:25:00+00:00,POSITION_OPEN
2024-05-23 11:30:00+00:00,POSITION_OPEN
2024-05-24 02:55:00+00:00,POSITION_OPEN
2024-05-24 03:00:00+00:00,POSITION_OPEN
2024-05-24 14:25:00+00:00,POSITION_OPEN
2024-05-24 17:00:00+00:00,POSITION_OPEN
2024-05-25 23:00:00+00:00,POSITION_OPEN
2024-05-28 22:05:00+00:00,POSITION_OPEN
2024-05-29 01:40:00+00:00,POSITION_OPEN
2024-05-30 02:05:00+00:00,POSITION_OPEN
2024-05-30 02:15:00+00:00,POSITION_OPEN
2024-05-30 04:25:00+00:00,POSITION_OPEN
2024-05-30 11:25:00+00:00,POSITION_OPEN
2024-05-30 16:55:00+00:00,POSITION_OPEN
2024-05-30 17:00:00+00:00,POSITION_OPEN
2024-06-01 21:35:00+00:00,POSITION_OPEN
2024-06-01 22:25:00+00:00,POSITION_OPEN
2024-06-02 00:50:00+00:00,POSITION_OPEN
2024-06-02 06:55:00+00:00,POSITION_OPEN
2024-06-02 13:50:00+00:00,POSITION_OPEN
2024-06-02 14:15:00+00:00,POSITION_OPEN
2024-06-02 14:25:00+00:00,POSITION_OPEN
2024-06-02 22:25:00+00:00,POSITION_OPEN
2024-06-03 05:15:00+00:00,POSITION_OPEN
2024-06-03 06:10:00+00:00,POSITION_OPEN
2024-06-04 02:05:00+00:00,POSITION_OPEN
2024-06-04 02:10:00+00:00,POSITION_OPEN
2024-06-04 12:30:00+00:00,POSITION_OPEN
2024-06-04 13:10:00+00:00,POSITION_OPEN
2024-06-04 21:55:00+00:00,POSITION_OPEN
2024-06-04 22:00:00+00:00,POSITION_OPEN
2024-06-05 00:20:00+00:00,POSITION_OPEN
2024-06-05 00:30:00+00:00,POSITION_OPEN
2024-06-05 00:35:00+00:00,POSITION_OPEN
2024-06-05 01:25:00+00:00,POSITION_OPEN
2024-06-05 04:35:00+00:00,POSITION_OPEN
2024-06-05 07:40:00+00:00,POSITION_OPEN
2024-06-05 15:15:00+00:00,POSITION_OPEN
2024-06-06 11:00:00+00:00,POSITION_OPEN
2024-06-06 11:40:00+00:00,POSITION_OPEN
2024-06-06 11:55:00+00:00,POSITION_OPEN
2024-06-06 13:40:00+00:00,POSITION_OPEN
2024-06-06 15:25:00+00:00,POSITION_OPEN
2024-06-07 03:20:00+00:00,POSITION_OPEN
2024-06-08 11:00:00+00:00,POSITION_OPEN
2024-06-09 04:55:00+00:00,POSITION_OPEN
2024-06-09 06:15:00+00:00,POSITION_OPEN
2024-06-09 09:45:00+00:00,POSITION_OPEN
2024-06-09 18:05:00+00:00,POSITION_OPEN
2024-06-09 18:10:00+00:00,POSITION_OPEN
2024-06-09 18:25:00+00:00,POSITION_OPEN
2024-06-09 19:25:00+00:00,POSITION_OPEN
2024-06-09 21:45:00+00:00,POSITION_OPEN
2024-06-10 02:10:00+00:00,POSITION_OPEN
2024-06-10 02:15:00+00:00,POSITION_OPEN
2024-06-10 14:35:00+00:00,POSITION_OPEN
2024-06-10 18:10:00+00:00,POSITION_OPEN
2024-06-12 07:55:00+00:00,POSITION_OPEN
2024-06-12 09:45:00+00:00,POSITION_OPEN
2024-06-14 05:30:00+00:00,POSITION_OPEN
2024-06-14 08:10:00+00:00,POSITION_OPEN
2024-06-15 00:45:00+00:00,POSITION_OPEN
2024-06-15 04:10:00+00:00,POSITION_OPEN
2024-06-15 10:45:00+00:00,POSITION_OPEN
2024-06-15 15:15:00+00:00,POSITION_OPEN
2024-06-16 05:30:00+00:00,POSITION_OPEN
2024-06-16 06:00:00+00:00,POSITION_OPEN
2024-06-16 09:00:00+00:00,POSITION_OPEN
2024-06-16 09:25:00+00:00,POSITION_OPEN
2024-06-16 13:20:00+00:00,POSITION_OPEN
2024-06-16 13:55:00+00:00,POSITION_OPEN
2024-06-19 04:10:00+00:00,POSITION_OPEN
2024-06-19 06:55:00+00:00,POSITION_OPEN
2024-06-20 05:05:00+00:00,POSITION_OPEN
2024-06-20 05:45:00+00:00,POSITION_OPEN
2024-06-22 02:05:00+00:00,POSITION_OPEN
2024-06-22 05:45:00+00:00,POSITION_OPEN
2024-06-22 06:00:00+00:00,POSITION_OPEN
2024-06-22 06:40:00+00:00,POSITION_OPEN
2024-06-23 00:05:00+00:00,POSITION_OPEN
2024-06-23 02:55:00+00:00,POSITION_OPEN
2024-06-23 09:10:00+00:00,POSITION_OPEN
2024-06-25 00:15:00+00:00,POSITION_OPEN
2024-06-25 00:50:00+00:00,POSITION_OPEN
2024-06-25 03:00:00+00:00,POSITION_OPEN
2024-06-25 13:45:00+00:00,POSITION_OPEN
2024-06-25 14:15:00+00:00,POSITION_OPEN
2024-06-25 18:25:00+00:00,POSITION_OPEN
2024-06-26 13:30:00+00:00,POSITION_OPEN
2024-06-27 17:25:00+00:00,POSITION_OPEN
2024-06-28 11:15:00+00:00,POSITION_OPEN
2024-06-29 06:30:00+00:00,POSITION_OPEN
2024-06-29 07:10:00+00:00,POSITION_OPEN
2024-06-29 10:30:00+00:00,POSITION_OPEN
2024-06-29 11:30:00+00:00,POSITION_OPEN
2024-06-30 13:30:00+00:00,POSITION_OPEN
2024-06-30 17:20:00+00:00,POSITION_OPEN
2024-07-01 16:10:00+00:00,POSITION_OPEN
2024-07-02 12:45:00+00:00,POSITION_OPEN
2024-07-03 00:10:00+00:00,POSITION_OPEN
2024-07-04 19:20:00+00:00,POSITION_OPEN
2024-07-04 19:30:00+00:00,POSITION_OPEN
2024-07-06 00:35:00+00:00,POSITION_OPEN
2024-07-06 07:05:00+00:00,POSITION_OPEN
2024-07-06 09:50:00+00:00,POSITION_OPEN
2024-07-06 23:10:00+00:00,POSITION_OPEN
2024-07-08 08:05:00+00:00,POSITION_OPEN
2024-07-09 01:05:00+00:00,POSITION_OPEN
2024-07-09 06:20:00+00:00,POSITION_OPEN
2024-07-09 06:25:00+00:00,POSITION_OPEN
2024-07-09 22:45:00+00:00,POSITION_OPEN
2024-07-11 07:15:00+00:00,POSITION_OPEN
2024-07-11 10:00:00+00:00,POSITION_OPEN
2024-07-12 13:55:00+00:00,POSITION_OPEN
2024-07-12 15:25:00+00:00,POSITION_OPEN
2024-07-12 18:35:00+00:00,POSITION_OPEN
2024-07-12 18:45:00+00:00,POSITION_OPEN
2024-07-13 01:10:00+00:00,POSITION_OPEN
2024-07-13 05:25:00+00:00,POSITION_OPEN
2024-07-13 09:25:00+00:00,POSITION_OPEN
2024-07-13 14:55:00+00:00,POSITION_OPEN
2024-07-13 15:35:00+00:00,POSITION_OPEN
2024-07-14 08:20:00+00:00,POSITION_OPEN
2024-07-14 08:25:00+00:00,POSITION_OPEN
2024-07-15 14:00:00+00:00,POSITION_OPEN
2024-07-15 14:55:00+00:00,POSITION_OPEN
2024-07-15 17:05:00+00:00,POSITION_OPEN
2024-07-15 19:20:00+00:00,POSITION_OPEN
2024-07-16 19:10:00+00:00,POSITION_OPEN
2024-07-16 19:25:00+00:00,POSITION_OPEN
2024-07-16 19:30:00+00:00,POSITION_OPEN
2024-07-16 23:15:00+00:00,POSITION_OPEN
2024-07-16 23:25:00+00:00,POSITION_OPEN
2024-07-17 05:20:00+00:00,POSITION_OPEN
2024-07-18 06:15:00+00:00,POSITION_OPEN
2024-07-18 12:30:00+00:00,POSITION_OPEN
2024-07-18 12:35:00+00:00,POSITION_OPEN
2024-07-18 22:20:00+00:00,POSITION_OPEN
2024-07-18 22:40:00+00:00,POSITION_OPEN
2024-07-19 06:05:00+00:00,POSITION_OPEN
2024-07-19 12:45:00+00:00,POSITION_OPEN
2024-07-20 07:20:00+00:00,POSITION_OPEN
2024-07-20 16:00:00+00:00,POSITION_OPEN
2024-07-21 01:45:00+00:00,POSITION_OPEN
2024-07-21 15:30:00+00:00,POSITION_OPEN
2024-07-21 16:50:00+00:00,POSITION_OPEN
2024-07-22 00:45:00+00:00,POSITION_OPEN
2024-07-24 07:55:00+00:00,POSITION_OPEN
2024-07-24 08:35:00+00:00,POSITION_OPEN
2024-07-24 13:20:00+00:00,POSITION_OPEN
2024-07-24 13:35:00+00:00,POSITION_OPEN
2024-07-24 14:30:00+00:00,POSITION_OPEN
2024-07-26 02:55:00+00:00,POSITION_OPEN
2024-07-26 13:35:00+00:00,POSITION_OPEN
2024-07-26 19:20:00+00:00,POSITION_OPEN
2024-07-26 21:45:00+00:00,POSITION_OPEN
2024-07-27 05:20:00+00:00,POSITION_OPEN
2024-07-27 06:50:00+00:00,POSITION_OPEN
2024-07-27 06:55:00+00:00,POSITION_OPEN
2024-07-27 07:25:00+00:00,POSITION_OPEN
2024-07-27 13:05:00+00:00,POSITION_OPEN
2024-07-28 17:40:00+00:00,POSITION_OPEN
2024-07-28 22:00:00+00:00,POSITION_OPEN
2024-07-28 22:25:00+00:00,POSITION_OPEN
2024-07-29 05:15:00+00:00,POSITION_OPEN
2024-07-29 06:25:00+00:00,POSITION_OPEN
2024-07-29 10:35:00+00:00,POSITION_OPEN
2024-07-29 10:50:00+00:00,POSITION_OPEN
2024-07-31 13:15:00+00:00,POSITION_OPEN
2024-07-31 17:40:00+00:00,POSITION_OPEN
2024-08-01 08:35:00+00:00,POSITION_OPEN
2024-08-01 09:10:00+00:00,POSITION_OPEN
2024-08-01 12:05:00+00:00,POSITION_OPEN
2024-08-02 11:25:00+00:00,POSITION_OPEN
2024-08-02 13:40:00+00:00,POSITION_OPEN
2024-08-03 11:45:00+00:00,POSITION_OPEN
2024-08-04 02:25:00+00:00,POSITION_OPEN
2024-08-04 11:00:00+00:00,POSITION_OPEN
2024-08-06 05:35:00+00:00,POSITION_OPEN
2024-08-06 05:45:00+00:00,POSITION_OPEN
2024-08-07 01:50:00+00:00,POSITION_OPEN
2024-08-07 02:25:00+00:00,POSITION_OPEN
2024-08-07 04:30:00+00:00,POSITION_OPEN
2024-08-08 07:15:00+00:00,POSITION_OPEN
2024-08-08 19:20:00+00:00,POSITION_OPEN
2024-08-10 00:20:00+00:00,POSITION_OPEN
2024-08-10 17:50:00+00:00,POSITION_OPEN
2024-08-10 18:05:00+00:00,POSITION_OPEN
2024-08-11 07:05:00+00:00,POSITION_OPEN
2024-08-11 07:45:00+00:00,POSITION_OPEN
2024-08-11 08:00:00+00:00,POSITION_OPEN
2024-08-11 08:45:00+00:00,POSITION_OPEN
2024-08-14 11:40:00+00:00,POSITION_OPEN
2024-08-17 04:20:00+00:00,POSITION_OPEN
2024-08-17 07:30:00+00:00,POSITION_OPEN
2024-08-17 09:25:00+00:00,POSITION_OPEN
2024-08-17 13:05:00+00:00,POSITION_OPEN
2024-08-17 13:10:00+00:00,POSITION_OPEN
2024-08-17 13:20:00+00:00,POSITION_OPEN
2024-08-17 16:50:00+00:00,POSITION_OPEN
2024-08-18 00:25:00+00:00,POSITION_OPEN
2024-08-18 09:50:00+00:00,POSITION_OPEN
2024-08-18 12:40:00+00:00,POSITION_OPEN
2024-08-18 20:45:00+00:00,POSITION_OPEN
2024-08-19 17:20:00+00:00,POSITION_OPEN
2024-08-19 20:30:00+00:00,POSITION_OPEN
2024-08-19 23:25:00+00:00,POSITION_OPEN
2024-08-19 23:50:00+00:00,POSITION_OPEN
2024-08-20 04:05:00+00:00,POSITION_OPEN
2024-08-22 10:25:00+00:00,POSITION_OPEN
2024-08-23 00:25:00+00:00,POSITION_OPEN
2024-08-23 08:55:00+00:00,POSITION_OPEN
2024-08-24 06:30:00+00:00,POSITION_OPEN
2024-08-24 06:35:00+00:00,POSITION_OPEN
2024-08-25 13:20:00+00:00,POSITION_OPEN
2024-08-25 13:25:00+00:00,POSITION_OPEN
2024-08-25 18:40:00+00:00,POSITION_OPEN
2024-08-25 21:05:00+00:00,POSITION_OPEN
2024-08-25 23:05:00+00:00,POSITION_OPEN
2024-08-29 05:15:00+00:00,POSITION_OPEN
2024-08-29 06:20:00+00:00,POSITION_OPEN
2024-08-29 11:15:00+00:00,POSITION_OPEN
2024-08-29 11:20:00+00:00,POSITION_OPEN
2024-08-30 22:50:00+00:00,POSITION_OPEN
2024-08-31 00:20:00+00:00,POSITION_OPEN
2024-08-31 00:25:00+00:00,POSITION_OPEN
2024-08-31 12:40:00+00:00,POSITION_OPEN
2024-08-31 22:10:00+00:00,POSITION_OPEN
2024-09-02 05:50:00+00:00,POSITION_OPEN
2024-09-02 09:50:00+00:00,POSITION_OPEN
2024-09-02 14:30:00+00:00,POSITION_OPEN
2024-09-02 18:10:00+00:00,POSITION_OPEN
2024-09-03 02:00:00+00:00,POSITION_OPEN
2024-09-03 12:30:00+00:00,POSITION_OPEN
2024-09-04 14:45:00+00:00,POSITION_OPEN
2024-09-04 22:00:00+00:00,POSITION_OPEN
2024-09-05 00:25:00+00:00,POSITION_OPEN
2024-09-06 01:40:00+00:00,POSITION_OPEN
2024-09-07 12:45:00+00:00,POSITION_OPEN
2024-09-07 15:25:00+00:00,POSITION_OPEN
2024-09-08 01:05:00+00:00,POSITION_OPEN
2024-09-08 04:50:00+00:00,POSITION_OPEN
2024-09-08 09:00:00+00:00,POSITION_OPEN
2024-09-09 08:05:00+00:00,POSITION_OPEN
2024-09-09 13:15:00+00:00,POSITION_OPEN
2024-09-09 13:50:00+00:00,POSITION_OPEN
2024-09-10 12:10:00+00:00,POSITION_OPEN
2024-09-10 23:20:00+00:00,POSITION_OPEN
2024-09-12 04:10:00+00:00,POSITION_OPEN
2024-09-12 04:15:00+00:00,POSITION_OPEN
2024-09-12 08:00:00+00:00,POSITION_OPEN
2024-09-12 08:05:00+00:00,POSITION_OPEN
2024-09-13 07:55:00+00:00,POSITION_OPEN
2024-09-13 10:35:00+00:00,POSITION_OPEN
2024-09-13 14:55:00+00:00,POSITION_OPEN
2024-09-15 07:25:00+00:00,POSITION_OPEN
2024-09-15 15:00:00+00:00,POSITION_OPEN
2024-09-16 08:20:00+00:00,POSITION_OPEN
2024-09-17 09:50:00+00:00,POSITION_OPEN
2024-09-17 10:30:00+00:00,POSITION_OPEN
2024-09-18 03:40:00+00:00,POSITION_OPEN
2024-09-18 07:05:00+00:00,POSITION_OPEN
2024-09-18 18:00:00+00:00,POSITION_OPEN
2024-09-18 23:00:00+00:00,POSITION_OPEN
2024-09-19 09:40:00+00:00,POSITION_OPEN
2024-09-19 17:00:00+00:00,POSITION_OPEN
2024-09-21 00:20:00+00:00,POSITION_OPEN
2024-09-21 07:45:00+00:00,POSITION_OPEN
2024-09-21 12:50:00+00:00,POSITION_OPEN
2024-09-21 12:55:00+00:00,POSITION_OPEN
2024-09-21 13:50:00+00:00,POSITION_OPEN
2024-09-21 17:10:00+00:00,POSITION_OPEN
2024-09-21 23:15:00+00:00,POSITION_OPEN
2024-09-21 23:40:00+00:00,POSITION_OPEN
2024-09-22 17:10:00+00:00,POSITION_OPEN
2024-09-22 19:55:00+00:00,POSITION_OPEN
2024-09-22 22:40:00+00:00,POSITION_OPEN
2024-09-24 13:45:00+00:00,POSITION_OPEN
2024-09-24 17:25:00+00:00,POSITION_OPEN
2024-09-24 19:45:00+00:00,POSITION_OPEN
2024-09-24 22:10:00+00:00,POSITION_OPEN
2024-09-24 22:55:00+00:00,POSITION_OPEN
2024-09-25 01:35:00+00:00,POSITION_OPEN
2024-09-26 09:25:00+00:00,POSITION_OPEN
2024-09-26 12:20:00+00:00,POSITION_OPEN
2024-09-26 14:05:00+00:00,POSITION_OPEN
2024-09-26 14:10:00+00:00,POSITION_OPEN
2024-09-26 17:00:00+00:00,POSITION_OPEN
2024-09-27 06:05:00+00:00,POSITION_OPEN
2024-09-27 06:15:00+00:00,POSITION_OPEN
2024-09-27 12:40:00+00:00,POSITION_OPEN
2024-09-27 12:45:00+00:00,POSITION_OPEN
2024-09-27 14:05:00+00:00,POSITION_OPEN
2024-09-28 01:55:00+00:00,POSITION_OPEN
2024-09-28 18:00:00+00:00,POSITION_OPEN
2024-09-28 18:10:00+00:00,POSITION_OPEN
2024-09-28 18:15:00+00:00,POSITION_OPEN
2024-09-28 23:45:00+00:00,POSITION_OPEN
2024-09-29 13:10:00+00:00,POSITION_OPEN
2024-09-29 13:40:00+00:00,POSITION_OPEN
2024-09-29 17:00:00+00:00,POSITION_OPEN
2024-09-29 17:05:00+00:00,POSITION_OPEN
2024-10-01 04:55:00+00:00,POSITION_OPEN
2024-10-01 06:15:00+00:00,POSITION_OPEN
2024-10-01 07:35:00+00:00,POSITION_OPEN
2024-10-02 07:30:00+00:00,POSITION_OPEN
2024-10-02 07:35:00+00:00,POSITION_OPEN
2024-10-03 01:00:00+00:00,POSITION_OPEN
2024-10-03 02:45:00+00:00,POSITION_OPEN
2024-10-03 06:40:00+00:00,POSITION_OPEN
2024-10-03 19:50:00+00:00,POSITION_OPEN
2024-10-03 19:55:00+00:00,POSITION_OPEN
2024-10-04 04:25:00+00:00,POSITION_OPEN
2024-10-04 06:20:00+00:00,POSITION_OPEN
2024-10-04 07:40:00+00:00,POSITION_OPEN
2024-10-04 12:55:00+00:00,POSITION_OPEN
2024-10-05 09:20:00+00:00,POSITION_OPEN
2024-10-05 13:10:00+00:00,POSITION_OPEN
2024-10-06 01:25:00+00:00,POSITION_OPEN
2024-10-06 12:50:00+00:00,POSITION_OPEN
2024-10-06 19:05:00+00:00,POSITION_OPEN
2024-10-07 06:55:00+00:00,POSITION_OPEN
2024-10-08 13:30:00+00:00,POSITION_OPEN
2024-10-08 13:35:00+00:00,POSITION_OPEN
2024-10-09 01:30:00+00:00,POSITION_OPEN
2024-10-09 05:40:00+00:00,POSITION_OPEN
2024-10-09 05:55:00+00:00,POSITION_OPEN
2024-10-10 06:55:00+00:00,POSITION_OPEN
2024-10-11 09:10:00+00:00,POSITION_OPEN
2024-10-12 14:40:00+00:00,POSITION_OPEN
2024-10-12 15:10:00+00:00,POSITION_OPEN
2024-10-12 21:55:00+00:00,POSITION_OPEN
2024-10-12 22:00:00+00:00,POSITION_OPEN
2024-10-12 22:50:00+00:00,POSITION_OPEN
2024-10-13 19:35:00+00:00,POSITION_OPEN
2024-10-13 21:25:00+00:00,POSITION_OPEN
2024-10-14 14:00:00+00:00,POSITION_OPEN
2024-10-14 19:10:00+00:00,POSITION_OPEN
2024-10-14 19:15:00+00:00,POSITION_OPEN
2024-10-14 22:15:00+00:00,POSITION_OPEN
2024-10-15 13:35:00+00:00,POSITION_OPEN
2024-10-16 05:35:00+00:00,POSITION_OPEN
2024-10-16 09:30:00+00:00,POSITION_OPEN
2024-10-16 11:20:00+00:00,POSITION_OPEN
2024-10-17 22:10:00+00:00,POSITION_OPEN
2024-10-18 01:05:00+00:00,POSITION_OPEN
2024-10-18 01:25:00+00:00,POSITION_OPEN
2024-10-18 01:40:00+00:00,POSITION_OPEN
2024-10-18 05:50:00+00:00,POSITION_OPEN
2024-10-18 14:00:00+00:00,POSITION_OPEN
2024-10-18 15:30:00+00:00,POSITION_OPEN
2024-10-18 18:35:00+00:00,POSITION_OPEN
2024-10-19 19:20:00+00:00,POSITION_OPEN
2024-10-19 20:35:00+00:00,POSITION_OPEN
2024-10-19 22:40:00+00:00,POSITION_OPEN
2024-10-20 14:00:00+00:00,POSITION_OPEN
2024-10-20 20:35:00+00:00,POSITION_OPEN
2024-10-20 22:25:00+00:00,POSITION_OPEN
2024-10-22 06:00:00+00:00,POSITION_OPEN
2024-10-22 06:05:00+00:00,POSITION_OPEN
2024-10-22 22:00:00+00:00,POSITION_OPEN
2024-10-23 23:05:00+00:00,POSITION_OPEN
2024-10-23 23:15:00+00:00,POSITION_OPEN
2024-10-23 23:35:00+00:00,POSITION_OPEN
2024-10-25 11:15:00+00:00,POSITION_OPEN
2024-10-25 13:55:00+00:00,POSITION_OPEN
2024-10-25 14:10:00+00:00,POSITION_OPEN
2024-10-25 14:15:00+00:00,POSITION_OPEN
2024-10-26 05:25:00+00:00,POSITION_OPEN
2024-10-26 05:40:00+00:00,POSITION_OPEN
2024-10-26 09:20:00+00:00,POSITION_OPEN
2024-10-26 20:05:00+00:00,POSITION_OPEN
2024-10-27 03:25:00+00:00,POSITION_OPEN
2024-10-27 07:10:00+00:00,POSITION_OPEN
2024-10-27 08:00:00+00:00,POSITION_OPEN
2024-10-27 15:00:00+00:00,POSITION_OPEN
2024-10-27 17:30:00+00:00,POSITION_OPEN
2024-10-27 21:40:00+00:00,POSITION_OPEN
2024-10-28 12:25:00+00:00,POSITION_OPEN
2024-10-28 13:45:00+00:00,POSITION_OPEN
2024-10-28 17:30:00+00:00,POSITION_OPEN
2024-10-28 19:00:00+00:00,POSITION_OPEN
2024-10-28 19:05:00+00:00,POSITION_OPEN
2024-10-28 22:00:00+00:00,POSITION_OPEN
2024-10-29 13:40:00+00:00,POSITION_OPEN
2024-10-29 13:50:00+00:00,POSITION_OPEN
2024-10-29 13:55:00+00:00,POSITION_OPEN
2024-10-29 15:40:00+00:00,POSITION_OPEN
2024-10-29 19:00:00+00:00,POSITION_OPEN
2024-10-31 02:55:00+00:00,POSITION_OPEN
2024-10-31 10:40:00+00:00,POSITION_OPEN
2024-11-01 12:35:00+00:00,POSITION_OPEN
2024-11-01 13:30:00+00:00,POSITION_OPEN
2024-11-01 13:35:00+00:00,POSITION_OPEN
2024-11-01 13:50:00+00:00,POSITION_OPEN
2024-11-02 02:05:00+00:00,POSITION_OPEN
2024-11-02 02:15:00+00:00,POSITION_OPEN
2024-11-02 19:30:00+00:00,POSITION_OPEN
2024-11-04 13:05:00+00:00,POSITION_OPEN
2024-11-05 07:40:00+00:00,POSITION_OPEN
2024-11-05 09:00:00+00:00,POSITION_OPEN
2024-11-06 12:00:00+00:00,POSITION_OPEN
2024-11-06 18:50:00+00:00,POSITION_OPEN
2024-11-06 20:50:00+00:00,POSITION_OPEN
2024-11-08 07:50:00+00:00,POSITION_OPEN
2024-11-08 10:50:00+00:00,POSITION_OPEN
2024-11-08 10:55:00+00:00,POSITION_OPEN
2024-11-08 13:55:00+00:00,POSITION_OPEN
2024-11-08 17:50:00+00:00,POSITION_OPEN
2024-11-08 19:40:00+00:00,POSITION_OPEN
2024-11-09 08:40:00+00:00,POSITION_OPEN
2024-11-09 21:25:00+00:00,POSITION_OPEN
2024-11-10 00:45:00+00:00,POSITION_OPEN
2024-11-11 03:50:00+00:00,POSITION_OPEN
2024-11-11 15:00:00+00:00,POSITION_OPEN
2024-11-11 15:10:00+00:00,POSITION_OPEN
2024-11-11 18:40:00+00:00,POSITION_OPEN
2024-11-12 06:35:00+00:00,POSITION_OPEN
2024-11-13 11:15:00+00:00,POSITION_OPEN
2024-11-13 13:20:00+00:00,POSITION_OPEN
2024-11-13 13:25:00+00:00,POSITION_OPEN
2024-11-15 09:05:00+00:00,POSITION_OPEN
2024-11-15 11:50:00+00:00,POSITION_OPEN
2024-11-15 21:50:00+00:00,POSITION_OPEN
2024-11-16 02:15:00+00:00,POSITION_OPEN
2024-11-16 05:20:00+00:00,POSITION_OPEN
2024-11-16 10:30:00+00:00,POSITION_OPEN
2024-11-16 18:05:00+00:00,POSITION_OPEN
2024-11-17 08:05:00+00:00,POSITION_OPEN
2024-11-17 08:50:00+00:00,POSITION_OPEN
2024-11-17 12:45:00+00:00,POSITION_OPEN
2024-11-18 06:30:00+00:00,POSITION_OPEN
2024-11-19 05:55:00+00:00,POSITION_OPEN
2024-11-19 12:00:00+00:00,POSITION_OPEN
2024-11-19 12:10:00+00:00,POSITION_OPEN
2024-11-19 17:05:00+00:00,POSITION_OPEN
2024-11-19 17:30:00+00:00,POSITION_OPEN
2024-11-19 17:35:00+00:00,POSITION_OPEN
2024-11-20 05:25:00+00:00,POSITION_OPEN
2024-11-20 07:15:00+00:00,POSITION_OPEN
2024-11-20 07:55:00+00:00,POSITION_OPEN
2024-11-20 08:05:00+00:00,POSITION_OPEN
2024-11-20 11:50:00+00:00,POSITION_OPEN
2024-11-20 13:10:00+00:00,POSITION_OPEN
2024-11-21 00:10:00+00:00,POSITION_OPEN
2024-11-21 00:20:00+00:00,POSITION_OPEN
2024-11-21 03:15:00+00:00,POSITION_OPEN
2024-11-21 18:20:00+00:00,POSITION_OPEN
2024-11-21 23:05:00+00:00,POSITION_OPEN
2024-11-22 02:35:00+00:00,POSITION_OPEN
2024-11-22 02:40:00+00:00,POSITION_OPEN
2024-11-22 07:15:00+00:00,POSITION_OPEN
2024-11-22 07:30:00+00:00,POSITION_OPEN
2024-11-22 16:50:00+00:00,POSITION_OPEN
2024-11-22 19:05:00+00:00,POSITION_OPEN
2024-11-22 19:15:00+00:00,POSITION_OPEN
2024-11-22 19:30:00+00:00,POSITION_OPEN
2024-11-23 13:05:00+00:00,POSITION_OPEN
2024-11-24 00:20:00+00:00,POSITION_OPEN
2024-11-24 00:25:00+00:00,POSITION_OPEN
2024-11-24 01:05:00+00:00,POSITION_OPEN
2024-11-25 04:10:00+00:00,POSITION_OPEN
2024-11-25 05:20:00+00:00,POSITION_OPEN
2024-11-25 06:05:00+00:00,POSITION_OPEN
2024-11-25 06:15:00+00:00,POSITION_OPEN
2024-11-25 09:05:00+00:00,POSITION_OPEN
2024-11-27 02:25:00+00:00,POSITION_OPEN
2024-11-27 04:20:00+00:00,POSITION_OPEN
2024-11-27 20:00:00+00:00,POSITION_OPEN
2024-11-29 02:00:00+00:00,POSITION_OPEN
2024-11-29 11:25:00+00:00,POSITION_OPEN
2024-11-30 16:50:00+00:00,POSITION_OPEN
2024-12-01 11:35:00+00:00,POSITION_OPEN
2024-12-01 13:15:00+00:00,POSITION_OPEN
2024-12-01 13:20:00+00:00,POSITION_OPEN
2024-12-01 18:10:00+00:00,POSITION_OPEN
2024-12-02 01:20:00+00:00,POSITION_OPEN
2024-12-03 00:10:00+00:00,POSITION_OPEN
2024-12-03 02:35:00+00:00,POSITION_OPEN
2024-12-03 02:40:00+00:00,POSITION_OPEN
2024-12-03 21:15:00+00:00,POSITION_OPEN
2024-12-03 22:55:00+00:00,POSITION_OPEN
2024-12-04 01:30:00+00:00,POSITION_OPEN
2024-12-04 04:55:00+00:00,POSITION_OPEN
2024-12-04 05:00:00+00:00,POSITION_OPEN
2024-12-04 08:10:00+00:00,POSITION_OPEN
2024-12-04 19:05:00+00:00,POSITION_OPEN
2024-12-04 23:30:00+00:00,POSITION_OPEN
2024-12-05 09:10:00+00:00,POSITION_OPEN
2024-12-06 13:40:00+00:00,POSITION_OPEN
2024-12-06 14:55:00+00:00,POSITION_OPEN
2024-12-07 18:40:00+00:00,POSITION_OPEN
2024-12-08 02:25:00+00:00,POSITION_OPEN
2024-12-08 13:55:00+00:00,POSITION_OPEN
2024-12-08 22:15:00+00:00,POSITION_OPEN
2024-12-08 22:55:00+00:00,POSITION_OPEN
2024-12-09 14:40:00+00:00,POSITION_OPEN
2024-12-10 11:50:00+00:00,POSITION_OPEN
2024-12-11 08:10:00+00:00,POSITION_OPEN
2024-12-11 08:30:00+00:00,POSITION_OPEN
2024-12-11 10:50:00+00:00,POSITION_OPEN
2024-12-11 11:15:00+00:00,POSITION_OPEN
2024-12-11 12:35:00+00:00,POSITION_OPEN
2024-12-12 12:50:00+00:00,POSITION_OPEN
2024-12-12 16:00:00+00:00,POSITION_OPEN
2024-12-13 10:45:00+00:00,POSITION_OPEN
2024-12-13 10:50:00+00:00,POSITION_OPEN
2024-12-13 11:25:00+00:00,POSITION_OPEN
2024-12-13 14:30:00+00:00,POSITION_OPEN
2024-12-13 17:50:00+00:00,POSITION_OPEN
2024-12-13 18:00:00+00:00,POSITION_OPEN
2024-12-13 20:35:00+00:00,POSITION_OPEN
2024-12-15 01:20:00+00:00,POSITION_OPEN
2024-12-15 09:45:00+00:00,POSITION_OPEN
2024-12-15 16:15:00+00:00,POSITION_OPEN
2024-12-15 16:30:00+00:00,POSITION_OPEN
2024-12-15 23:05:00+00:00,POSITION_OPEN
2024-12-16 06:10:00+00:00,POSITION_OPEN
2024-12-16 06:30:00+00:00,POSITION_OPEN
2024-12-16 18:20:00+00:00,POSITION_OPEN
2024-12-17 03:40:00+00:00,POSITION_OPEN
2024-12-17 07:05:00+00:00,POSITION_OPEN
2024-12-17 14:20:00+00:00,POSITION_OPEN
2024-12-17 14:45:00+00:00,POSITION_OPEN
2024-12-17 14:50:00+00:00,POSITION_OPEN
2024-12-18 11:25:00+00:00,POSITION_OPEN
2024-12-19 10:15:00+00:00,POSITION_OPEN
2024-12-19 10:20:00+00:00,POSITION_OPEN
2024-12-19 14:30:00+00:00,POSITION_OPEN
2024-12-20 19:20:00+00:00,POSITION_OPEN
2024-12-21 05:40:00+00:00,POSITION_OPEN
2024-12-23 09:05:00+00:00,POSITION_OPEN
2024-12-23 10:15:00+00:00,POSITION_OPEN
2024-12-24 13:10:00+00:00,POSITION_OPEN
2024-12-25 06:15:00+00:00,POSITION_OPEN
2024-12-25 10:05:00+00:00,POSITION_OPEN
2024-12-25 19:40:00+00:00,POSITION_OPEN
2024-12-25 23:00:00+00:00,POSITION_OPEN
2024-12-25 23:20:00+00:00,POSITION_OPEN
2024-12-27 02:05:00+00:00,POSITION_OPEN
2024-12-27 04:00:00+00:00,POSITION_OPEN
2024-12-27 04:05:00+00:00,POSITION_OPEN
2024-12-27 06:50:00+00:00,POSITION_OPEN
2024-12-27 06:55:00+00:00,POSITION_OPEN
2024-12-28 17:05:00+00:00,POSITION_OPEN
2024-12-28 17:20:00+00:00,POSITION_OPEN
2024-12-28 22:20:00+00:00,POSITION_OPEN
2024-12-28 22:25:00+00:00,POSITION_OPEN
2024-12-29 07:05:00+00:00,POSITION_OPEN
2024-12-29 10:05:00+00:00,POSITION_OPEN
2024-12-30 01:35:00+00:00,POSITION_OPEN
2024-12-30 09:40:00+00:00,POSITION_OPEN
2024-12-30 12:25:00+00:00,POSITION_OPEN
2024-12-31 08:10:00+00:00,POSITION_OPEN
2025-01-01 13:55:00+00:00,POSITION_OPEN
2025-01-01 19:40:00+00:00,POSITION_OPEN
2025-01-01 21:00:00+00:00,POSITION_OPEN
2025-01-01 21:20:00+00:00,POSITION_OPEN
2025-01-02 08:50:00+00:00,POSITION_OPEN
2025-01-02 20:20:00+00:00,POSITION_OPEN
2025-01-03 11:20:00+00:00,POSITION_OPEN
2025-01-03 12:10:00+00:00,POSITION_OPEN
2025-01-03 14:35:00+00:00,POSITION_OPEN
2025-01-03 19:05:00+00:00,POSITION_OPEN
2025-01-04 19:15:00+00:00,POSITION_OPEN
2025-01-05 15:30:00+00:00,POSITION_OPEN
2025-01-05 22:35:00+00:00,POSITION_OPEN
2025-01-06 02:00:00+00:00,POSITION_OPEN
2025-01-06 04:15:00+00:00,POSITION_OPEN
2025-01-06 04:55:00+00:00,POSITION_OPEN
2025-01-06 05:05:00+00:00,POSITION_OPEN
2025-01-06 05:20:00+00:00,POSITION_OPEN
2025-01-07 07:00:00+00:00,POSITION_OPEN
2025-01-10 07:35:00+00:00,POSITION_OPEN
2025-01-11 10:45:00+00:00,POSITION_OPEN
2025-01-11 10:50:00+00:00,POSITION_OPEN
2025-01-11 16:35:00+00:00,POSITION_OPEN
2025-01-11 20:45:00+00:00,POSITION_OPEN
2025-01-11 21:05:00+00:00,POSITION_OPEN
2025-01-12 12:10:00+00:00,POSITION_OPEN
2025-01-14 01:10:00+00:00,POSITION_OPEN
2025-01-14 02:15:00+00:00,POSITION_OPEN
2025-01-14 02:20:00+00:00,POSITION_OPEN
2025-01-14 05:00:00+00:00,POSITION_OPEN
2025-01-14 08:05:00+00:00,POSITION_OPEN
2025-01-15 13:25:00+00:00,POSITION_OPEN
2025-01-15 19:00:00+00:00,POSITION_OPEN
2025-01-15 19:55:00+00:00,POSITION_OPEN
2025-01-15 23:25:00+00:00,POSITION_OPEN
2025-01-15 23:35:00+00:00,POSITION_OPEN
2025-01-15 23:40:00+00:00,POSITION_OPEN
2025-01-16 19:45:00+00:00,POSITION_OPEN
2025-01-16 19:55:00+00:00,POSITION_OPEN
2025-01-17 00:05:00+00:00,POSITION_OPEN
2025-01-17 01:30:00+00:00,POSITION_OPEN
2025-01-17 04:50:00+00:00,POSITION_OPEN
2025-01-17 05:05:00+00:00,POSITION_OPEN
2025-01-17 05:10:00+00:00,POSITION_OPEN
2025-01-17 14:55:00+00:00,POSITION_OPEN
2025-01-18 11:45:00+00:00,POSITION_OPEN
2025-01-18 15:35:00+00:00,POSITION_OPEN
2025-01-18 23:00:00+00:00,POSITION_OPEN
2025-01-18 23:05:00+00:00,POSITION_OPEN
2025-01-19 01:35:00+00:00,POSITION_OPEN
2025-01-19 02:05:00+00:00,POSITION_OPEN
2025-01-19 06:25:00+00:00,POSITION_OPEN
2025-01-19 06:55:00+00:00,POSITION_OPEN
2025-01-19 14:25:00+00:00,POSITION_OPEN
2025-01-19 19:30:00+00:00,POSITION_OPEN
2025-01-19 19:35:00+00:00,POSITION_OPEN
2025-01-19 19:40:00+00:00,POSITION_OPEN
2025-01-21 09:05:00+00:00,POSITION_OPEN
2025-01-24 17:25:00+00:00,POSITION_OPEN
2025-01-24 17:45:00+00:00,POSITION_OPEN
2025-01-24 18:00:00+00:00,POSITION_OPEN
2025-01-25 13:00:00+00:00,POSITION_OPEN
2025-01-25 15:10:00+00:00,POSITION_OPEN
2025-01-25 18:30:00+00:00,POSITION_OPEN
2025-01-26 08:05:00+00:00,POSITION_OPEN
2025-01-26 18:05:00+00:00,POSITION_OPEN
2025-01-26 18:15:00+00:00,POSITION_OPEN
2025-01-28 04:25:00+00:00,POSITION_OPEN
2025-01-28 10:15:00+00:00,POSITION_OPEN
2025-01-28 15:30:00+00:00,POSITION_OPEN
2025-01-29 05:05:00+00:00,POSITION_OPEN
2025-01-29 18:30:00+00:00,POSITION_OPEN
2025-01-29 18:50:00+00:00,POSITION_OPEN
2025-01-29 19:40:00+00:00,POSITION_OPEN
2025-01-30 02:55:00+00:00,POSITION_OPEN
2025-01-30 03:35:00+00:00,POSITION_OPEN
2025-01-30 03:45:00+00:00,POSITION_OPEN
2025-01-30 09:30:00+00:00,POSITION_OPEN
2025-01-31 06:45:00+00:00,POSITION_OPEN
2025-01-31 11:05:00+00:00,POSITION_OPEN
2025-01-31 13:05:00+00:00,POSITION_OPEN
2025-01-31 15:20:00+00:00,POSITION_OPEN
2025-01-31 15:30:00+00:00,POSITION_OPEN
2025-02-01 12:35:00+00:00,POSITION_OPEN
2025-02-01 17:15:00+00:00,POSITION_OPEN
2025-02-01 17:20:00+00:00,POSITION_OPEN
2025-02-03 09:25:00+00:00,POSITION_OPEN
2025-02-05 12:15:00+00:00,POSITION_OPEN
2025-02-05 14:35:00+00:00,POSITION_OPEN
2025-02-06 04:15:00+00:00,POSITION_OPEN
2025-02-06 06:10:00+00:00,POSITION_OPEN
2025-02-06 10:00:00+00:00,POSITION_OPEN
2025-02-07 12:35:00+00:00,POSITION_OPEN
2025-02-07 13:40:00+00:00,POSITION_OPEN
2025-02-09 01:25:00+00:00,POSITION_OPEN
2025-02-09 01:55:00+00:00,POSITION_OPEN
2025-02-09 03:35:00+00:00,POSITION_OPEN
2025-02-09 03:40:00+00:00,POSITION_OPEN
2025-02-09 08:00:00+00:00,POSITION_OPEN
2025-02-10 10:20:00+00:00,POSITION_OPEN
2025-02-10 10:25:00+00:00,POSITION_OPEN
2025-02-10 19:00:00+00:00,POSITION_OPEN
2025-02-11 00:05:00+00:00,POSITION_OPEN
2025-02-11 00:10:00+00:00,POSITION_OPEN
2025-02-12 07:25:00+00:00,POSITION_OPEN
2025-02-12 07:30:00+00:00,POSITION_OPEN
2025-02-12 11:35:00+00:00,POSITION_OPEN
2025-02-12 13:20:00+00:00,POSITION_OPEN
2025-02-12 20:10:00+00:00,POSITION_OPEN
2025-02-12 20:20:00+00:00,POSITION_OPEN
2025-02-12 21:40:00+00:00,POSITION_OPEN
2025-02-12 22:25:00+00:00,POSITION_OPEN
2025-02-12 22:35:00+00:00,POSITION_OPEN
2025-02-13 01:45:00+00:00,POSITION_OPEN
2025-02-14 00:00:00+00:00,POSITION_OPEN
2025-02-14 09:30:00+00:00,POSITION_OPEN
2025-02-14 14:45:00+00:00,POSITION_OPEN
2025-02-14 14:50:00+00:00,POSITION_OPEN
2025-02-14 16:55:00+00:00,POSITION_OPEN
2025-02-14 17:40:00+00:00,POSITION_OPEN
2025-02-15 12:35:00+00:00,POSITION_OPEN
2025-02-15 12:50:00+00:00,POSITION_OPEN
2025-02-15 13:30:00+00:00,POSITION_OPEN
2025-02-15 21:10:00+00:00,POSITION_OPEN
2025-02-15 22:10:00+00:00,POSITION_OPEN
2025-02-19 00:05:00+00:00,POSITION_OPEN
2025-02-19 09:40:00+00:00,POSITION_OPEN
2025-02-19 09:55:00+00:00,POSITION_OPEN
2025-02-19 14:30:00+00:00,POSITION_OPEN
2025-02-19 22:20:00+00:00,POSITION_OPEN
2025-02-20 02:45:00+00:00,POSITION_OPEN
2025-02-20 08:50:00+00:00,POSITION_OPEN
2025-02-20 12:05:00+00:00,POSITION_OPEN
2025-02-20 12:20:00+00:00,POSITION_OPEN
2025-02-20 13:55:00+00:00,POSITION_OPEN
2025-02-20 14:05:00+00:00,POSITION_OPEN
2025-02-20 14:10:00+00:00,POSITION_OPEN
2025-02-20 18:00:00+00:00,POSITION_OPEN
2025-02-20 18:20:00+00:00,POSITION_OPEN
2025-02-20 19:20:00+00:00,POSITION_OPEN
2025-02-20 20:20:00+00:00,POSITION_OPEN
2025-02-21 11:20:00+00:00,POSITION_OPEN
2025-02-22 01:10:00+00:00,POSITION_OPEN
2025-02-22 05:30:00+00:00,POSITION_OPEN
2025-02-22 09:45:00+00:00,POSITION_OPEN
2025-02-22 12:30:00+00:00,POSITION_OPEN
2025-02-24 09:25:00+00:00,POSITION_OPEN
2025-02-26 02:55:00+00:00,POSITION_OPEN
2025-02-26 07:10:00+00:00,POSITION_OPEN
2025-02-26 09:40:00+00:00,POSITION_OPEN
2025-02-27 10:05:00+00:00,POSITION_OPEN
2025-03-01 04:10:00+00:00,POSITION_OPEN
2025-03-01 19:30:00+00:00,POSITION_OPEN
2025-03-02 02:00:00+00:00,POSITION_OPEN
2025-03-02 06:25:00+00:00,POSITION_OPEN
2025-03-02 11:30:00+00:00,POSITION_OPEN
2025-03-05 20:55:00+00:00,POSITION_OPEN
2025-03-07 09:20:00+00:00,POSITION_OPEN
2025-03-08 06:25:00+00:00,POSITION_OPEN
2025-03-11 18:10:00+00:00,POSITION_OPEN
2025-03-11 18:20:00+00:00,POSITION_OPEN
2025-03-12 22:35:00+00:00,POSITION_OPEN
2025-03-13 01:50:00+00:00,POSITION_OPEN
2025-03-14 00:50:00+00:00,POSITION_OPEN
2025-03-14 01:40:00+00:00,POSITION_OPEN
2025-03-14 02:45:00+00:00,POSITION_OPEN
2025-03-14 02:50:00+00:00,POSITION_OPEN
2025-03-14 08:15:00+00:00,POSITION_OPEN
2025-03-14 10:25:00+00:00,POSITION_OPEN
2025-03-14 10:40:00+00:00,POSITION_OPEN
2025-03-14 13:30:00+00:00,POSITION_OPEN
2025-03-14 13:50:00+00:00,POSITION_OPEN
2025-03-14 15:00:00+00:00,POSITION_OPEN
2025-03-15 13:35:00+00:00,POSITION_OPEN
2025-03-17 07:45:00+00:00,POSITION_OPEN
2025-03-17 18:35:00+00:00,POSITION_OPEN
2025-03-18 22:10:00+00:00,POSITION_OPEN
2025-03-18 23:15:00+00:00,POSITION_OPEN
2025-03-19 00:25:00+00:00,POSITION_OPEN
2025-03-19 10:30:00+00:00,POSITION_OPEN
2025-03-19 15:40:00+00:00,POSITION_OPEN
2025-03-19 18:50:00+00:00,POSITION_OPEN
2025-03-21 18:35:00+00:00,POSITION_OPEN
2025-03-21 21:20:00+00:00,POSITION_OPEN
2025-03-22 01:05:00+00:00,POSITION_OPEN
2025-03-22 04:55:00+00:00,POSITION_OPEN
2025-03-22 09:35:00+00:00,POSITION_OPEN
2025-03-22 09:40:00+00:00,POSITION_OPEN
2025-03-22 17:40:00+00:00,POSITION_OPEN
2025-03-22 18:40:00+00:00,POSITION_OPEN
2025-03-23 02:30:00+00:00,POSITION_OPEN
2025-03-23 09:00:00+00:00,POSITION_OPEN
2025-03-23 13:20:00+00:00,POSITION_OPEN
2025-03-23 13:25:00+00:00,POSITION_OPEN
2025-03-23 13:55:00+00:00,POSITION_OPEN
2025-03-24 03:05:00+00:00,POSITION_OPEN
2025-03-24 06:05:00+00:00,POSITION_OPEN
2025-03-24 08:20:00+00:00,POSITION_OPEN
2025-03-25 11:40:00+00:00,POSITION_OPEN
2025-03-25 13:15:00+00:00,POSITION_OPEN
2025-03-25 14:40:00+00:00,POSITION_OPEN
2025-03-25 20:05:00+00:00,POSITION_OPEN
2025-03-27 00:35:00+00:00,POSITION_OPEN
2025-03-27 00:55:00+00:00,POSITION_OPEN
2025-03-27 02:15:00+00:00,POSITION_OPEN
2025-03-27 08:35:00+00:00,POSITION_OPEN
2025-03-30 00:50:00+00:00,POSITION_OPEN
2025-03-30 01:00:00+00:00,POSITION_OPEN
2025-03-30 02:05:00+00:00,POSITION_OPEN
2025-04-01 06:40:00+00:00,POSITION_OPEN
2025-04-01 06:45:00+00:00,POSITION_OPEN
2025-04-02 13:35:00+00:00,POSITION_OPEN
2025-04-07 13:55:00+00:00,POSITION_OPEN
2025-04-08 01:25:00+00:00,POSITION_OPEN
2025-04-09 07:40:00+00:00,POSITION_OPEN
2025-04-09 14:00:00+00:00,POSITION_OPEN
2025-04-09 17:15:00+00:00,POSITION_OPEN
2025-04-11 06:45:00+00:00,POSITION_OPEN
2025-04-11 08:05:00+00:00,POSITION_OPEN
2025-04-11 09:25:00+00:00,POSITION_OPEN
2025-04-11 20:30:00+00:00,POSITION_OPEN
2025-04-11 21:20:00+00:00,POSITION_OPEN
2025-04-12 06:05:00+00:00,POSITION_OPEN
2025-04-12 06:20:00+00:00,POSITION_OPEN
2025-04-12 12:15:00+00:00,POSITION_OPEN
2025-04-12 13:05:00+00:00,POSITION_OPEN
2025-04-12 13:40:00+00:00,POSITION_OPEN
2025-04-14 14:35:00+00:00,POSITION_OPEN
2025-04-15 01:30:00+00:00,POSITION_OPEN
2025-04-15 02:55:00+00:00,POSITION_OPEN
2025-04-15 03:30:00+00:00,POSITION_OPEN
2025-04-15 05:35:00+00:00,POSITION_OPEN
2025-04-15 08:05:00+00:00,POSITION_OPEN
2025-04-15 08:10:00+00:00,POSITION_OPEN
2025-04-15 13:35:00+00:00,POSITION_OPEN
2025-04-16 14:20:00+00:00,POSITION_OPEN
2025-04-16 14:40:00+00:00,POSITION_OPEN
2025-04-16 17:15:00+00:00,POSITION_OPEN
2025-04-17 06:25:00+00:00,POSITION_OPEN
2025-04-17 11:45:00+00:00,POSITION_OPEN
2025-04-17 16:05:00+00:00,POSITION_OPEN
2025-04-17 16:20:00+00:00,POSITION_OPEN
2025-04-17 16:30:00+00:00,POSITION_OPEN
2025-04-18 18:15:00+00:00,POSITION_OPEN
2025-04-18 18:20:00+00:00,POSITION_OPEN
2025-04-18 21:40:00+00:00,POSITION_OPEN
2025-04-19 02:10:00+00:00,POSITION_OPEN
2025-04-19 07:25:00+00:00,POSITION_OPEN
2025-04-19 08:35:00+00:00,POSITION_OPEN
2025-04-19 08:40:00+00:00,POSITION_OPEN
2025-04-19 13:55:00+00:00,POSITION_OPEN
2025-04-19 15:20:00+00:00,POSITION_OPEN
2025-04-19 21:10:00+00:00,POSITION_OPEN
2025-04-20 23:15:00+00:00,POSITION_OPEN
2025-04-21 00:10:00+00:00,POSITION_OPEN
2025-04-21 14:15:00+00:00,POSITION_OPEN
2025-04-21 14:20:00+00:00,POSITION_OPEN
2025-04-22 08:05:00+00:00,POSITION_OPEN
2025-04-22 11:20:00+00:00,POSITION_OPEN
2025-04-22 17:55:00+00:00,POSITION_OPEN
2025-04-22 21:20:00+00:00,POSITION_OPEN
2025-04-23 04:50:00+00:00,POSITION_OPEN
2025-04-23 13:15:00+00:00,POSITION_OPEN
2025-04-23 18:10:00+00:00,POSITION_OPEN
2025-04-24 13:30:00+00:00,POSITION_OPEN
2025-04-24 14:00:00+00:00,POSITION_OPEN
2025-04-24 16:15:00+00:00,POSITION_OPEN
2025-04-24 19:50:00+00:00,POSITION_OPEN
2025-04-24 23:25:00+00:00,POSITION_OPEN
2025-04-25 01:05:00+00:00,POSITION_OPEN
2025-04-25 07:00:00+00:00,POSITION_OPEN
2025-04-25 10:15:00+00:00,POSITION_OPEN
2025-04-25 11:10:00+00:00,POSITION_OPEN
2025-04-26 22:05:00+00:00,POSITION_OPEN
2025-04-27 01:10:00+00:00,POSITION_OPEN
2025-04-27 08:45:00+00:00,POSITION_OPEN
2025-04-27 21:35:00+00:00,POSITION_OPEN
2025-04-27 21:40:00+00:00,POSITION_OPEN
2025-04-28 04:15:00+00:00,POSITION_OPEN
2025-04-28 09:00:00+00:00,POSITION_OPEN
2025-04-28 10:30:00+00:00,POSITION_OPEN
2025-04-28 10:35:00+00:00,POSITION_OPEN
2025-04-28 10:40:00+00:00,POSITION_OPEN
2025-04-28 22:45:00+00:00,POSITION_OPEN
2025-04-29 01:05:00+00:00,POSITION_OPEN
2025-04-29 11:10:00+00:00,POSITION_OPEN
2025-04-29 11:15:00+00:00,POSITION_OPEN
2025-04-29 16:30:00+00:00,POSITION_OPEN
2025-04-30 02:45:00+00:00,POSITION_OPEN
2025-04-30 03:45:00+00:00,POSITION_OPEN
2025-04-30 09:40:00+00:00,POSITION_OPEN
2025-04-30 11:25:00+00:00,POSITION_OPEN
2025-05-01 01:05:00+00:00,POSITION_OPEN
2025-05-01 01:15:00+00:00,POSITION_OPEN
2025-05-01 01:40:00+00:00,POSITION_OPEN
2025-05-01 02:05:00+00:00,POSITION_OPEN
2025-05-01 05:35:00+00:00,POSITION_OPEN
2025-05-01 05:40:00+00:00,POSITION_OPEN
2025-05-01 08:15:00+00:00,POSITION_OPEN
2025-05-01 08:55:00+00:00,POSITION_OPEN
2025-05-01 12:40:00+00:00,POSITION_OPEN
2025-05-01 13:10:00+00:00,POSITION_OPEN
2025-05-01 13:20:00+00:00,POSITION_OPEN
2025-05-02 04:00:00+00:00,POSITION_OPEN
2025-05-02 10:15:00+00:00,POSITION_OPEN
2025-05-02 11:00:00+00:00,POSITION_OPEN
2025-05-02 11:20:00+00:00,POSITION_OPEN
2025-05-03 19:45:00+00:00,POSITION_OPEN
2025-05-03 21:25:00+00:00,POSITION_OPEN
2025-05-05 22:15:00+00:00,POSITION_OPEN
2025-05-06 16:10:00+00:00,POSITION_OPEN
2025-05-06 18:25:00+00:00,POSITION_OPEN
2025-05-06 18:55:00+00:00,POSITION_OPEN
2025-05-07 13:40:00+00:00,POSITION_OPEN
2025-05-08 20:05:00+00:00,POSITION_OPEN
2025-05-09 05:45:00+00:00,POSITION_OPEN
2025-05-09 06:00:00+00:00,POSITION_OPEN
2025-05-09 06:25:00+00:00,POSITION_OPEN
2025-05-10 21:45:00+00:00,POSITION_OPEN
2025-05-11 09:10:00+00:00,POSITION_OPEN
2025-05-11 09:50:00+00:00,POSITION_OPEN
2025-05-11 10:55:00+00:00,POSITION_OPEN
2025-05-11 11:00:00+00:00,POSITION_OPEN
2025-05-11 12:05:00+00:00,POSITION_OPEN
2025-05-12 01:00:00+00:00,POSITION_OPEN
2025-05-13 09:25:00+00:00,POSITION_OPEN
2025-05-13 16:10:00+00:00,POSITION_OPEN
2025-05-13 19:25:00+00:00,POSITION_OPEN
2025-05-13 19:30:00+00:00,POSITION_OPEN
2025-05-14 05:50:00+00:00,POSITION_OPEN
2025-05-14 11:35:00+00:00,POSITION_OPEN
2025-05-14 13:30:00+00:00,POSITION_OPEN
2025-05-14 21:50:00+00:00,POSITION_OPEN
2025-05-15 00:10:00+00:00,POSITION_OPEN
2025-05-15 00:15:00+00:00,POSITION_OPEN
2025-05-15 22:15:00+00:00,POSITION_OPEN
2025-05-16 01:35:00+00:00,POSITION_OPEN
2025-05-16 02:00:00+00:00,POSITION_OPEN
2025-05-16 13:55:00+00:00,POSITION_OPEN
2025-05-16 15:10:00+00:00,POSITION_OPEN
2025-05-16 16:00:00+00:00,POSITION_OPEN
2025-05-18 00:00:00+00:00,POSITION_OPEN
2025-05-18 00:15:00+00:00,POSITION_OPEN
2025-05-18 00:50:00+00:00,POSITION_OPEN
2025-05-18 02:55:00+00:00,POSITION_OPEN
2025-05-18 05:35:00+00:00,POSITION_OPEN
2025-05-18 13:30:00+00:00,POSITION_OPEN
2025-05-20 00:05:00+00:00,POSITION_OPEN
2025-05-20 00:10:00+00:00,POSITION_OPEN
2025-05-20 19:45:00+00:00,POSITION_OPEN
2025-05-20 20:45:00+00:00,POSITION_OPEN
2025-05-20 23:15:00+00:00,POSITION_OPEN
2025-05-21 06:30:00+00:00,POSITION_OPEN
2025-05-22 23:50:00+00:00,POSITION_OPEN
2025-05-23 00:10:00+00:00,POSITION_OPEN
2025-05-24 03:20:00+00:00,POSITION_OPEN
2025-05-24 10:30:00+00:00,POSITION_OPEN
2025-05-25 19:30:00+00:00,POSITION_OPEN
2025-05-25 19:55:00+00:00,POSITION_OPEN
2025-05-25 22:05:00+00:00,POSITION_OPEN
2025-05-26 06:55:00+00:00,POSITION_OPEN
2025-05-26 07:00:00+00:00,POSITION_OPEN
2025-05-26 12:50:00+00:00,POSITION_OPEN
2025-05-26 22:10:00+00:00,POSITION_OPEN
2025-05-27 13:05:00+00:00,POSITION_OPEN
2025-05-29 02:50:00+00:00,POSITION_OPEN
2025-05-29 08:20:00+00:00,POSITION_OPEN
2025-05-29 10:50:00+00:00,POSITION_OPEN
2025-05-29 10:55:00+00:00,POSITION_OPEN
2025-05-31 20:55:00+00:00,POSITION_OPEN
2025-05-31 21:00:00+00:00,POSITION_OPEN
2025-06-01 04:30:00+00:00,POSITION_OPEN
2025-06-01 20:40:00+00:00,POSITION_OPEN
2025-06-02 08:05:00+00:00,POSITION_OPEN
2025-06-02 21:05:00+00:00,POSITION_OPEN
2025-06-02 22:00:00+00:00,POSITION_OPEN
2025-06-02 22:15:00+00:00,POSITION_OPEN
2025-06-03 01:55:00+00:00,POSITION_OPEN
2025-06-03 13:40:00+00:00,POSITION_OPEN
2025-06-03 14:30:00+00:00,POSITION_OPEN
2025-06-04 09:40:00+00:00,POSITION_OPEN
2025-06-04 09:45:00+00:00,POSITION_OPEN
2025-06-05 01:05:00+00:00,POSITION_OPEN
2025-06-05 02:35:00+00:00,POSITION_OPEN
2025-06-05 09:45:00+00:00,POSITION_OPEN
2025-06-05 12:05:00+00:00,POSITION_OPEN
2025-06-06 07:25:00+00:00,POSITION_OPEN
2025-06-06 08:15:00+00:00,POSITION_OPEN
2025-06-06 12:00:00+00:00,POSITION_OPEN
2025-06-06 14:25:00+00:00,POSITION_OPEN
2025-06-06 14:40:00+00:00,POSITION_OPEN
2025-06-07 02:50:00+00:00,POSITION_OPEN
2025-06-07 03:00:00+00:00,POSITION_OPEN
2025-06-07 03:20:00+00:00,POSITION_OPEN
2025-06-07 05:45:00+00:00,POSITION_OPEN
2025-06-07 10:15:00+00:00,POSITION_OPEN
2025-06-07 10:20:00+00:00,POSITION_OPEN
2025-06-07 12:35:00+00:00,POSITION_OPEN
2025-06-07 18:00:00+00:00,POSITION_OPEN
2025-06-07 22:30:00+00:00,POSITION_OPEN
2025-06-08 21:50:00+00:00,POSITION_OPEN
2025-06-09 08:35:00+00:00,POSITION_OPEN
2025-06-09 21:00:00+00:00,POSITION_OPEN
2025-06-09 21:05:00+00:00,POSITION_OPEN
2025-06-10 11:25:00+00:00,POSITION_OPEN
2025-06-10 13:15:00+00:00,POSITION_OPEN
2025-06-11 14:20:00+00:00,POSITION_OPEN
2025-06-11 14:30:00+00:00,POSITION_OPEN
2025-06-13 08:05:00+00:00,POSITION_OPEN
2025-06-13 12:05:00+00:00,POSITION_OPEN
2025-06-13 15:10:00+00:00,POSITION_OPEN
2025-06-13 15:20:00+00:00,POSITION_OPEN
2025-06-13 16:10:00+00:00,POSITION_OPEN
2025-06-13 21:25:00+00:00,POSITION_OPEN
2025-06-13 23:05:00+00:00,POSITION_OPEN
2025-06-13 23:35:00+00:00,POSITION_OPEN
2025-06-13 23:40:00+00:00,POSITION_OPEN
2025-06-14 21:45:00+00:00,POSITION_OPEN
2025-06-15 00:50:00+00:00,POSITION_OPEN
2025-06-15 14:45:00+00:00,POSITION_OPEN
2025-06-16 01:50:00+00:00,POSITION_OPEN
2025-06-16 04:10:00+00:00,POSITION_OPEN
2025-06-16 18:20:00+00:00,POSITION_OPEN
2025-06-18 21:55:00+00:00,POSITION_OPEN
2025-06-19 00:25:00+00:00,POSITION_OPEN
2025-06-19 00:30:00+00:00,POSITION_OPEN
2025-06-19 00:45:00+00:00,POSITION_OPEN
2025-06-19 02:40:00+00:00,POSITION_OPEN
2025-06-19 03:55:00+00:00,POSITION_OPEN
2025-06-19 05:05:00+00:00,POSITION_OPEN
2025-06-19 08:45:00+00:00,POSITION_OPEN
2025-06-19 09:15:00+00:00,POSITION_OPEN
2025-06-19 09:45:00+00:00,POSITION_OPEN
2025-06-19 23:15:00+00:00,POSITION_OPEN
2025-06-22 09:00:00+00:00,POSITION_OPEN
2025-06-22 12:05:00+00:00,POSITION_OPEN
2025-06-23 00:45:00+00:00,POSITION_OPEN
2025-06-23 05:20:00+00:00,POSITION_OPEN
2025-06-23 20:15:00+00:00,POSITION_OPEN
2025-06-23 21:15:00+00:00,POSITION_OPEN
2025-06-24 05:30:00+00:00,POSITION_OPEN
2025-06-24 05:35:00+00:00,POSITION_OPEN
2025-06-24 16:40:00+00:00,POSITION_OPEN
2025-06-24 20:40:00+00:00,POSITION_OPEN
2025-06-24 20:45:00+00:00,POSITION_OPEN
2025-06-24 20:55:00+00:00,POSITION_OPEN
2025-06-25 00:05:00+00:00,POSITION_OPEN
2025-06-25 02:10:00+00:00,POSITION_OPEN
2025-06-25 07:25:00+00:00,POSITION_OPEN
2025-06-25 11:50:00+00:00,POSITION_OPEN
2025-06-25 12:55:00+00:00,POSITION_OPEN
2025-06-25 13:10:00+00:00,POSITION_OPEN
2025-06-25 19:20:00+00:00,POSITION_OPEN
2025-06-26 02:50:00+00:00,POSITION_OPEN
2025-06-26 20:30:00+00:00,POSITION_OPEN
2025-06-26 20:40:00+00:00,POSITION_OPEN
2025-06-27 03:30:00+00:00,POSITION_OPEN
2025-06-27 07:10:00+00:00,POSITION_OPEN
2025-06-27 07:15:00+00:00,POSITION_OPEN
2025-06-27 16:30:00+00:00,POSITION_OPEN
2025-06-28 03:30:00+00:00,POSITION_OPEN
2025-06-29 22:00:00+00:00,POSITION_OPEN
2025-06-29 23:25:00+00:00,POSITION_OPEN
2025-06-30 19:55:00+00:00,POSITION_OPEN
2025-07-02 13:40:00+00:00,POSITION_OPEN
2025-07-02 13:45:00+00:00,POSITION_OPEN
2025-07-02 15:00:00+00:00,POSITION_OPEN
2025-07-02 15:10:00+00:00,POSITION_OPEN
2025-07-03 05:05:00+00:00,POSITION_OPEN
2025-07-03 05:30:00+00:00,POSITION_OPEN
2025-07-03 09:10:00+00:00,POSITION_OPEN
2025-07-04 21:40:00+00:00,POSITION_OPEN
2025-07-05 00:50:00+00:00,POSITION_OPEN
2025-07-05 03:00:00+00:00,POSITION_OPEN
2025-07-05 03:25:00+00:00,POSITION_OPEN
2025-07-05 04:25:00+00:00,POSITION_OPEN
2025-07-05 22:40:00+00:00,POSITION_OPEN
2025-07-05 23:00:00+00:00,POSITION_OPEN
2025-07-05 23:40:00+00:00,POSITION_OPEN
2025-07-06 12:20:00+00:00,POSITION_OPEN
2025-07-06 12:30:00+00:00,POSITION_OPEN
2025-07-07 02:10:00+00:00,POSITION_OPEN
2025-07-07 03:25:00+00:00,POSITION_OPEN
2025-07-07 23:50:00+00:00,POSITION_OPEN
2025-07-08 00:25:00+00:00,POSITION_OPEN
2025-07-08 00:40:00+00:00,POSITION_OPEN
2025-07-08 05:45:00+00:00,POSITION_OPEN
2025-07-08 10:15:00+00:00,POSITION_OPEN
2025-07-08 13:40:00+00:00,POSITION_OPEN
2025-07-09 01:00:00+00:00,POSITION_OPEN
2025-07-09 01:05:00+00:00,POSITION_OPEN
2025-07-09 11:00:00+00:00,POSITION_OPEN
2025-07-10 01:50:00+00:00,POSITION_OPEN
2025-07-10 02:20:00+00:00,POSITION_OPEN
2025-07-10 16:15:00+00:00,POSITION_OPEN
2025-07-11 19:20:00+00:00,POSITION_OPEN
2025-07-12 03:25:00+00:00,POSITION_OPEN
2025-07-12 06:25:00+00:00,POSITION_OPEN
2025-07-12 19:05:00+00:00,POSITION_OPEN
2025-07-13 01:45:00+00:00,POSITION_OPEN
2025-07-13 02:50:00+00:00,POSITION_OPEN
2025-07-13 06:35:00+00:00,POSITION_OPEN
2025-07-13 07:30:00+00:00,POSITION_OPEN
2025-07-13 11:20:00+00:00,POSITION_OPEN
2025-07-13 12:00:00+00:00,POSITION_OPEN
2025-07-13 12:20:00+00:00,POSITION_OPEN
2025-07-15 13:05:00+00:00,POSITION_OPEN
2025-07-15 13:10:00+00:00,POSITION_OPEN
2025-07-16 00:45:00+00:00,POSITION_OPEN
2025-07-16 05:00:00+00:00,POSITION_OPEN
2025-07-16 12:30:00+00:00,POSITION_OPEN
2025-07-16 18:45:00+00:00,POSITION_OPEN
2025-07-17 06:00:00+00:00,POSITION_OPEN
2025-07-17 06:05:00+00:00,POSITION_OPEN
2025-07-17 06:20:00+00:00,POSITION_OPEN
2025-07-17 15:40:00+00:00,POSITION_OPEN
2025-07-17 17:45:00+00:00,POSITION_OPEN
2025-07-17 17:55:00+00:00,POSITION_OPEN
2025-07-17 18:20:00+00:00,POSITION_OPEN
2025-07-17 21:05:00+00:00,POSITION_OPEN
2025-07-17 21:10:00+00:00,POSITION_OPEN
2025-07-18 01:35:00+00:00,POSITION_OPEN
2025-07-18 05:10:00+00:00,POSITION_OPEN
2025-07-19 10:40:00+00:00,POSITION_OPEN
2025-07-20 01:05:00+00:00,POSITION_OPEN
2025-07-20 01:20:00+00:00,POSITION_OPEN
2025-07-20 03:35:00+00:00,POSITION_OPEN
2025-07-20 16:00:00+00:00,POSITION_OPEN
2025-07-21 06:20:00+00:00,POSITION_OPEN
2025-07-22 07:00:00+00:00,POSITION_OPEN
2025-07-22 13:40:00+00:00,POSITION_OPEN
2025-07-22 18:05:00+00:00,POSITION_OPEN
2025-07-22 22:35:00+00:00,POSITION_OPEN
2025-07-22 23:10:00+00:00,POSITION_OPEN
2025-07-23 15:55:00+00:00,POSITION_OPEN
2025-07-23 18:55:00+00:00,POSITION_OPEN
2025-07-23 22:25:00+00:00,POSITION_OPEN
2025-07-23 23:55:00+00:00,POSITION_OPEN
2025-07-24 00:25:00+00:00,POSITION_OPEN
2025-07-24 03:20:00+00:00,POSITION_OPEN
2025-07-24 03:25:00+00:00,POSITION_OPEN
2025-07-24 11:10:00+00:00,POSITION_OPEN
2025-07-24 14:55:00+00:00,POSITION_OPEN
2025-07-25 18:45:00+00:00,POSITION_OPEN
2025-07-26 02:30:00+00:00,POSITION_OPEN
2025-07-26 13:00:00+00:00,POSITION_OPEN
2025-07-26 13:05:00+00:00,POSITION_OPEN
2025-07-26 19:35:00+00:00,POSITION_OPEN
2025-07-26 19:40:00+00:00,POSITION_OPEN
2025-07-26 22:20:00+00:00,POSITION_OPEN
2025-07-27 01:35:00+00:00,POSITION_OPEN
2025-07-27 02:15:00+00:00,POSITION_OPEN
2025-07-27 02:50:00+00:00,POSITION_OPEN
2025-07-27 06:40:00+00:00,POSITION_OPEN
2025-07-27 14:05:00+00:00,POSITION_OPEN
2025-07-27 14:10:00+00:00,POSITION_OPEN
2025-07-28 02:30:00+00:00,POSITION_OPEN
2025-07-28 05:45:00+00:00,POSITION_OPEN
2025-07-29 03:05:00+00:00,POSITION_OPEN
2025-07-29 03:45:00+00:00,POSITION_OPEN
2025-07-29 05:45:00+00:00,POSITION_OPEN
2025-07-29 07:45:00+00:00,POSITION_OPEN
2025-07-30 03:50:00+00:00,POSITION_OPEN
2025-07-30 06:15:00+00:00,POSITION_OPEN
2025-07-30 08:50:00+00:00,POSITION_OPEN
2025-07-31 02:50:00+00:00,POSITION_OPEN
2025-07-31 03:50:00+00:00,POSITION_OPEN
2025-07-31 06:40:00+00:00,POSITION_OPEN
2025-07-31 16:30:00+00:00,POSITION_OPEN
2025-08-03 08:00:00+00:00,POSITION_OPEN
2025-08-03 08:05:00+00:00,POSITION_OPEN
2025-08-03 10:30:00+00:00,POSITION_OPEN
2025-08-03 17:10:00+00:00,POSITION_OPEN
2025-08-04 17:05:00+00:00,POSITION_OPEN
2025-08-04 22:50:00+00:00,POSITION_OPEN
2025-08-05 09:40:00+00:00,POSITION_OPEN
2025-08-05 19:00:00+00:00,POSITION_OPEN
2025-08-05 23:00:00+00:00,POSITION_OPEN
2025-08-06 11:30:00+00:00,POSITION_OPEN
2025-08-07 22:50:00+00:00,POSITION_OPEN
2025-08-08 14:00:00+00:00,POSITION_OPEN
2025-08-08 18:00:00+00:00,POSITION_OPEN
2025-08-08 20:45:00+00:00,POSITION_OPEN
2025-08-08 21:40:00+00:00,POSITION_OPEN
2025-08-09 09:05:00+00:00,POSITION_OPEN
2025-08-09 09:55:00+00:00,POSITION_OPEN
2025-08-10 02:25:00+00:00,POSITION_OPEN
2025-08-10 09:45:00+00:00,POSITION_OPEN
2025-08-10 11:40:00+00:00,POSITION_OPEN
2025-08-10 12:05:00+00:00,POSITION_OPEN
2025-08-10 12:30:00+00:00,POSITION_OPEN
2025-08-10 14:20:00+00:00,POSITION_OPEN
2025-08-10 14:25:00+00:00,POSITION_OPEN
2025-08-10 15:05:00+00:00,POSITION_OPEN
2025-08-10 22:50:00+00:00,POSITION_OPEN
2025-08-11 00:20:00+00:00,POSITION_OPEN
2025-08-12 16:00:00+00:00,POSITION_OPEN
2025-08-12 18:15:00+00:00,POSITION_OPEN
2025-08-12 20:35:00+00:00,POSITION_OPEN
2025-08-12 20:45:00+00:00,POSITION_OPEN
2025-08-12 20:50:00+00:00,POSITION_OPEN
2025-08-13 08:05:00+00:00,POSITION_OPEN
2025-08-13 13:45:00+00:00,POSITION_OPEN
2025-08-14 00:05:00+00:00,POSITION_OPEN
2025-08-14 00:15:00+00:00,POSITION_OPEN
2025-08-15 01:35:00+00:00,POSITION_OPEN
2025-08-15 01:40:00+00:00,POSITION_OPEN
2025-08-15 02:05:00+00:00,POSITION_OPEN
2025-08-15 02:35:00+00:00,POSITION_OPEN
2025-08-15 11:05:00+00:00,POSITION_OPEN
2025-08-16 04:25:00+00:00,POSITION_OPEN
2025-08-16 04:45:00+00:00,POSITION_OPEN
2025-08-16 13:00:00+00:00,POSITION_OPEN
2025-08-17 02:55:00+00:00,POSITION_OPEN
2025-08-17 08:35:00+00:00,POSITION_OPEN
2025-08-17 08:45:00+00:00,POSITION_OPEN
2025-08-17 22:50:00+00:00,POSITION_OPEN
2025-08-18 15:50:00+00:00,POSITION_OPEN
2025-08-18 17:25:00+00:00,POSITION_OPEN
2025-08-18 21:10:00+00:00,POSITION_OPEN
2025-08-18 22:00:00+00:00,POSITION_OPEN
2025-08-19 13:25:00+00:00,POSITION_OPEN
2025-08-20 05:50:00+00:00,POSITION_OPEN
2025-08-20 08:30:00+00:00,POSITION_OPEN
2025-08-20 08:40:00+00:00,POSITION_OPEN
2025-08-20 08:55:00+00:00,POSITION_OPEN
2025-08-20 22:40:00+00:00,POSITION_OPEN
2025-08-20 22:45:00+00:00,POSITION_OPEN
2025-08-21 01:55:00+00:00,POSITION_OPEN
2025-08-22 01:40:00+00:00,POSITION_OPEN
2025-08-23 20:55:00+00:00,POSITION_OPEN
2025-08-23 23:00:00+00:00,POSITION_OPEN
2025-08-23 23:45:00+00:00,POSITION_OPEN
2025-08-23 23:50:00+00:00,POSITION_OPEN
2025-08-23 23:55:00+00:00,POSITION_OPEN
2025-08-24 18:30:00+00:00,POSITION_OPEN
2025-08-26 07:30:00+00:00,POSITION_OPEN
2025-08-27 13:40:00+00:00,POSITION_OPEN
2025-08-28 06:55:00+00:00,POSITION_OPEN
2025-08-30 04:15:00+00:00,POSITION_OPEN
2025-08-30 07:55:00+00:00,POSITION_OPEN
2025-08-31 18:35:00+00:00,POSITION_OPEN
2025-08-31 22:15:00+00:00,POSITION_OPEN
2025-08-31 22:25:00+00:00,POSITION_OPEN
2025-09-01 07:15:00+00:00,POSITION_OPEN
2025-09-01 07:20:00+00:00,POSITION_OPEN
2025-09-01 12:35:00+00:00,POSITION_OPEN
2025-09-01 18:50:00+00:00,POSITION_OPEN
2025-09-02 01:40:00+00:00,POSITION_OPEN
2025-09-02 01:45:00+00:00,POSITION_OPEN
2025-09-02 20:10:00+00:00,POSITION_OPEN
2025-09-02 20:15:00+00:00,POSITION_OPEN
2025-09-02 21:05:00+00:00,POSITION_OPEN
2025-09-03 00:00:00+00:00,POSITION_OPEN
2025-09-03 00:05:00+00:00,POSITION_OPEN
2025-09-03 00:10:00+00:00,POSITION_OPEN
2025-09-03 00:15:00+00:00,POSITION_OPEN
2025-09-03 08:05:00+00:00,POSITION_OPEN
2025-09-03 09:55:00+00:00,POSITION_OPEN
2025-09-03 10:15:00+00:00,POSITION_OPEN
2025-09-03 10:20:00+00:00,POSITION_OPEN
2025-09-03 14:40:00+00:00,POSITION_OPEN
2025-09-03 17:10:00+00:00,POSITION_OPEN
2025-09-04 22:20:00+00:00,POSITION_OPEN
2025-09-05 02:00:00+00:00,POSITION_OPEN
2025-09-05 04:40:00+00:00,POSITION_OPEN
2025-09-05 04:50:00+00:00,POSITION_OPEN
2025-09-05 12:15:00+00:00,POSITION_OPEN
2025-09-06 14:00:00+00:00,POSITION_OPEN
2025-09-07 00:55:00+00:00,POSITION_OPEN
2025-09-07 07:30:00+00:00,POSITION_OPEN
2025-09-07 11:00:00+00:00,POSITION_OPEN
2025-09-07 14:05:00+00:00,POSITION_OPEN
2025-09-07 23:15:00+00:00,POSITION_OPEN
2025-09-07 23:20:00+00:00,POSITION_OPEN
2025-09-08 07:10:00+00:00,POSITION_OPEN
2025-09-08 13:00:00+00:00,POSITION_OPEN
2025-09-08 13:05:00+00:00,POSITION_OPEN
2025-09-08 14:30:00+00:00,POSITION_OPEN
2025-09-10 06:25:00+00:00,POSITION_OPEN
2025-09-10 07:20:00+00:00,POSITION_OPEN
2025-09-11 03:20:00+00:00,POSITION_OPEN
2025-09-11 03:40:00+00:00,POSITION_OPEN
2025-09-12 14:05:00+00:00,POSITION_OPEN
2025-09-12 16:20:00+00:00,POSITION_OPEN
2025-09-12 16:25:00+00:00,POSITION_OPEN
2025-09-12 18:05:00+00:00,POSITION_OPEN
2025-09-13 00:40:00+00:00,POSITION_OPEN
2025-09-13 19:50:00+00:00,POSITION_OPEN
2025-09-14 02:05:00+00:00,POSITION_OPEN
2025-09-14 02:10:00+00:00,POSITION_OPEN
2025-09-14 21:15:00+00:00,POSITION_OPEN
2025-09-15 17:55:00+00:00,POSITION_OPEN
2025-09-15 22:00:00+00:00,POSITION_OPEN
2025-09-16 04:50:00+00:00,POSITION_OPEN
2025-09-16 08:10:00+00:00,POSITION_OPEN
2025-09-16 22:05:00+00:00,POSITION_OPEN
2025-09-17 02:30:00+00:00,POSITION_OPEN
2025-09-17 02:35:00+00:00,POSITION_OPEN
2025-09-17 06:55:00+00:00,POSITION_OPEN
2025-09-17 22:00:00+00:00,POSITION_OPEN
2025-09-17 22:10:00+00:00,POSITION_OPEN
2025-09-18 01:20:00+00:00,POSITION_OPEN
2025-09-18 01:40:00+00:00,POSITION_OPEN
2025-09-18 02:55:00+00:00,POSITION_OPEN
2025-09-18 13:15:00+00:00,POSITION_OPEN
2025-09-18 13:25:00+00:00,POSITION_OPEN
2025-09-18 13:30:00+00:00,POSITION_OPEN
2025-09-18 13:35:00+00:00,POSITION_OPEN
2025-09-18 14:15:00+00:00,POSITION_OPEN
2025-09-20 05:30:00+00:00,POSITION_OPEN
2025-09-20 05:35:00+00:00,POSITION_OPEN
2025-09-22 14:00:00+00:00,POSITION_OPEN
2025-09-22 14:25:00+00:00,POSITION_OPEN
2025-09-24 00:20:00+00:00,POSITION_OPEN
2025-09-24 10:05:00+00:00,POSITION_OPEN
2025-09-24 10:55:00+00:00,POSITION_OPEN
2025-09-24 11:00:00+00:00,POSITION_OPEN
2025-09-24 14:40:00+00:00,POSITION_OPEN
2025-09-26 13:45:00+00:00,POSITION_OPEN
2025-09-26 17:20:00+00:00,POSITION_OPEN
2025-09-26 23:30:00+00:00,POSITION_OPEN
2025-09-26 23:35:00+00:00,POSITION_OPEN
2025-09-27 21:35:00+00:00,POSITION_OPEN
2025-09-28 00:25:00+00:00,POSITION_OPEN
2025-09-28 19:45:00+00:00,POSITION_OPEN
2025-09-28 20:10:00+00:00,POSITION_OPEN
2025-09-29 17:50:00+00:00,POSITION_OPEN
2025-09-29 19:40:00+00:00,POSITION_OPEN
2025-09-29 19:45:00+00:00,POSITION_OPEN
2025-10-01 01:10:00+00:00,POSITION_OPEN
2025-10-01 08:15:00+00:00,POSITION_OPEN
2025-10-01 11:50:00+00:00,POSITION_OPEN
2025-10-01 15:25:00+00:00,POSITION_OPEN
2025-10-01 16:05:00+00:00,POSITION_OPEN
2025-10-01 16:25:00+00:00,POSITION_OPEN
2025-10-01 16:35:00+00:00,POSITION_OPEN
2025-10-01 22:00:00+00:00,POSITION_OPEN
2025-10-02 11:45:00+00:00,POSITION_OPEN
2025-10-02 13:40:00+00:00,POSITION_OPEN
2025-10-02 15:50:00+00:00,POSITION_OPEN
2025-10-02 15:55:00+00:00,POSITION_OPEN
2025-10-02 16:10:00+00:00,POSITION_OPEN
2025-10-02 18:00:00+00:00,POSITION_OPEN
2025-10-02 18:50:00+00:00,POSITION_OPEN
2025-10-02 18:55:00+00:00,POSITION_OPEN
2025-10-03 09:20:00+00:00,POSITION_OPEN
2025-10-03 13:25:00+00:00,POSITION_OPEN
2025-10-03 14:45:00+00:00,POSITION_OPEN
2025-10-04 23:45:00+00:00,POSITION_OPEN
2025-10-05 04:35:00+00:00,POSITION_OPEN
2025-10-06 06:35:00+00:00,POSITION_OPEN
2025-10-06 11:25:00+00:00,POSITION_OPEN
2025-10-06 13:55:00+00:00,POSITION_OPEN
2025-10-06 16:55:00+00:00,POSITION_OPEN
2025-10-06 17:05:00+00:00,POSITION_OPEN
2025-10-07 12:40:00+00:00,POSITION_OPEN
2025-10-08 23:30:00+00:00,POSITION_OPEN
2025-10-09 22:45:00+00:00,POSITION_OPEN
2025-10-10 13:00:00+00:00,POSITION_OPEN
2025-10-11 11:25:00+00:00,POSITION_OPEN
2025-10-12 10:00:00+00:00,POSITION_OPEN
2025-10-13 00:15:00+00:00,POSITION_OPEN
2025-10-13 07:25:00+00:00,POSITION_OPEN
2025-10-13 17:55:00+00:00,POSITION_OPEN
2025-10-13 18:20:00+00:00,POSITION_OPEN
2025-10-13 19:15:00+00:00,POSITION_OPEN
2025-10-13 19:20:00+00:00,POSITION_OPEN
2025-10-13 19:45:00+00:00,POSITION_OPEN
2025-10-13 22:00:00+00:00,POSITION_OPEN
2025-10-14 22:00:00+00:00,POSITION_OPEN
2025-10-17 00:35:00+00:00,POSITION_OPEN
2025-10-17 03:55:00+00:00,POSITION_OPEN
2025-10-17 21:05:00+00:00,POSITION_OPEN
2025-10-17 21:10:00+00:00,POSITION_OPEN
2025-10-18 01:20:00+00:00,POSITION_OPEN
2025-10-18 07:00:00+00:00,POSITION_OPEN
2025-10-18 11:55:00+00:00,POSITION_OPEN
2025-10-18 22:25:00+00:00,POSITION_OPEN
2025-10-19 13:55:00+00:00,POSITION_OPEN
2025-10-19 17:05:00+00:00,POSITION_OPEN
2025-10-20 14:25:00+00:00,POSITION_OPEN
2025-10-20 15:05:00+00:00,POSITION_OPEN
2025-10-22 13:55:00+00:00,POSITION_OPEN
2025-10-23 03:05:00+00:00,POSITION_OPEN
2025-10-23 04:40:00+00:00,POSITION_OPEN
2025-10-23 06:05:00+00:00,POSITION_OPEN
2025-10-23 16:50:00+00:00,POSITION_OPEN
2025-10-23 17:45:00+00:00,POSITION_OPEN
2025-10-24 00:50:00+00:00,POSITION_OPEN
2025-10-24 04:25:00+00:00,POSITION_OPEN
2025-10-25 01:25:00+00:00,POSITION_OPEN
2025-10-25 04:05:00+00:00,POSITION_OPEN
2025-10-25 07:15:00+00:00,POSITION_OPEN
2025-10-25 12:45:00+00:00,POSITION_OPEN
2025-10-25 12:55:00+00:00,POSITION_OPEN
2025-10-25 22:50:00+00:00,POSITION_OPEN
2025-10-26 00:25:00+00:00,POSITION_OPEN
2025-10-26 18:35:00+00:00,POSITION_OPEN
2025-10-27 02:05:00+00:00,POSITION_OPEN
2025-10-27 05:05:00+00:00,POSITION_OPEN
2025-10-27 06:15:00+00:00,POSITION_OPEN
2025-10-27 06:25:00+00:00,POSITION_OPEN
2025-10-27 06:45:00+00:00,POSITION_OPEN
2025-10-28 16:50:00+00:00,POSITION_OPEN
2025-10-29 05:15:00+00:00,POSITION_OPEN
2025-10-29 05:30:00+00:00,POSITION_OPEN
2025-10-29 07:50:00+00:00,POSITION_OPEN
2025-10-29 13:10:00+00:00,POSITION_OPEN
2025-10-29 13:15:00+00:00,POSITION_OPEN
2025-10-29 13:25:00+00:00,POSITION_OPEN
2025-10-30 23:35:00+00:00,POSITION_OPEN
2025-10-31 04:20:00+00:00,POSITION_OPEN
2025-10-31 04:40:00+00:00,POSITION_OPEN
2025-10-31 11:55:00+00:00,POSITION_OPEN
2025-10-31 14:50:00+00:00,POSITION_OPEN
2025-10-31 14:55:00+00:00,POSITION_OPEN
2025-10-31 15:05:00+00:00,POSITION_OPEN
2025-11-01 16:05:00+00:00,POSITION_OPEN
2025-11-02 11:45:00+00:00,POSITION_OPEN
2025-11-02 11:50:00+00:00,POSITION_OPEN
2025-11-05 02:40:00+00:00,POSITION_OPEN
2025-11-05 16:50:00+00:00,POSITION_OPEN
2025-11-06 04:45:00+00:00,POSITION_OPEN
2025-11-07 03:05:00+00:00,POSITION_OPEN
2025-11-07 03:10:00+00:00,POSITION_OPEN
2025-11-07 17:20:00+00:00,POSITION_OPEN
2025-11-08 21:35:00+00:00,POSITION_OPEN
2025-11-08 21:45:00+00:00,POSITION_OPEN
2025-11-09 08:15:00+00:00,POSITION_OPEN
2025-11-09 12:15:00+00:00,POSITION_OPEN
2025-11-10 00:20:00+00:00,POSITION_OPEN
2025-11-10 05:15:00+00:00,POSITION_OPEN
2025-11-10 20:10:00+00:00,POSITION_OPEN
2025-11-12 06:15:00+00:00,POSITION_OPEN
2025-11-12 08:20:00+00:00,POSITION_OPEN
2025-11-12 08:25:00+00:00,POSITION_OPEN
2025-11-15 01:55:00+00:00,POSITION_OPEN
2025-11-15 02:40:00+00:00,POSITION_OPEN
2025-11-15 13:35:00+00:00,POSITION_OPEN
2025-11-15 13:50:00+00:00,POSITION_OPEN
2025-11-15 13:55:00+00:00,POSITION_OPEN
2025-11-16 05:10:00+00:00,POSITION_OPEN
2025-11-16 09:50:00+00:00,POSITION_OPEN
2025-11-17 03:20:00+00:00,POSITION_OPEN
2025-11-17 07:05:00+00:00,POSITION_OPEN
2025-11-17 07:20:00+00:00,POSITION_OPEN
2025-11-17 07:35:00+00:00,POSITION_OPEN
2025-11-17 07:40:00+00:00,POSITION_OPEN
2025-11-17 07:45:00+00:00,POSITION_OPEN
2025-11-17 08:20:00+00:00,POSITION_OPEN
2025-11-20 05:00:00+00:00,POSITION_OPEN
2025-11-21 14:35:00+00:00,POSITION_OPEN
2025-11-22 19:05:00+00:00,POSITION_OPEN
2025-11-22 22:45:00+00:00,POSITION_OPEN
2025-11-23 01:15:00+00:00,POSITION_OPEN
2025-11-23 14:00:00+00:00,POSITION_OPEN
2025-11-23 16:00:00+00:00,POSITION_OPEN
2025-11-23 19:30:00+00:00,POSITION_OPEN
2025-11-23 21:50:00+00:00,POSITION_OPEN
2025-11-25 23:10:00+00:00,POSITION_OPEN
2025-11-26 01:30:00+00:00,POSITION_OPEN
2025-11-26 01:35:00+00:00,POSITION_OPEN
2025-11-26 01:40:00+00:00,POSITION_OPEN
2025-11-27 01:05:00+00:00,POSITION_OPEN
2025-11-27 05:20:00+00:00,POSITION_OPEN
2025-11-27 09:30:00+00:00,POSITION_OPEN
2025-11-28 05:10:00+00:00,POSITION_OPEN
2025-11-28 05:45:00+00:00,POSITION_OPEN
2025-11-28 10:50:00+00:00,POSITION_OPEN
2025-11-28 13:35:00+00:00,POSITION_OPEN
2025-11-29 20:55:00+00:00,POSITION_OPEN
2025-11-30 01:00:00+00:00,POSITION_OPEN
2025-11-30 01:05:00+00:00,POSITION_OPEN
2025-11-30 07:45:00+00:00,POSITION_OPEN
2025-11-30 09:10:00+00:00,POSITION_OPEN
2025-11-30 12:40:00+00:00,POSITION_OPEN
2025-11-30 12:45:00+00:00,POSITION_OPEN
2025-11-30 16:20:00+00:00,POSITION_OPEN
2025-12-02 01:05:00+00:00,POSITION_OPEN
2025-12-02 03:40:00+00:00,POSITION_OPEN
2025-12-02 06:40:00+00:00,POSITION_OPEN
2025-12-02 10:45:00+00:00,POSITION_OPEN
2025-12-03 01:50:00+00:00,POSITION_OPEN
2025-12-03 04:55:00+00:00,POSITION_OPEN
2025-12-03 10:20:00+00:00,POSITION_OPEN
2025-12-03 18:10:00+00:00,POSITION_OPEN
2025-12-03 20:40:00+00:00,POSITION_OPEN
2025-12-07 02:55:00+00:00,POSITION_OPEN
2025-12-08 07:35:00+00:00,POSITION_OPEN
2025-12-08 09:00:00+00:00,POSITION_OPEN
2025-12-09 08:15:00+00:00,POSITION_OPEN
2025-12-09 12:20:00+00:00,POSITION_OPEN
2025-12-09 13:25:00+00:00,POSITION_OPEN
2025-12-09 15:00:00+00:00,POSITION_OPEN
2025-12-10 07:55:00+00:00,POSITION_OPEN
2025-12-10 09:45:00+00:00,POSITION_OPEN
2025-12-10 09:55:00+00:00,POSITION_OPEN
2025-12-11 21:00:00+00:00,POSITION_OPEN
2025-12-13 07:15:00+00:00,POSITION_OPEN
2025-12-13 08:15:00+00:00,POSITION_OPEN
2025-12-13 10:35:00+00:00,POSITION_OPEN
2025-12-14 00:15:00+00:00,POSITION_OPEN
2025-12-14 00:30:00+00:00,POSITION_OPEN
2025-12-15 06:45:00+00:00,POSITION_OPEN
2025-12-15 06:50:00+00:00,POSITION_OPEN
2025-12-16 12:45:00+00:00,POSITION_OPEN
2025-12-17 11:50:00+00:00,POSITION_OPEN
2025-12-17 13:45:00+00:00,POSITION_OPEN
2025-12-18 02:15:00+00:00,POSITION_OPEN
2025-12-18 07:10:00+00:00,POSITION_OPEN
2025-12-18 08:20:00+00:00,POSITION_OPEN
2025-12-18 08:30:00+00:00,POSITION_OPEN
2025-12-18 13:00:00+00:00,POSITION_OPEN
2025-12-19 03:20:00+00:00,POSITION_OPEN
2025-12-19 06:55:00+00:00,POSITION_OPEN
2025-12-19 15:10:00+00:00,POSITION_OPEN
2025-12-20 05:00:00+00:00,POSITION_OPEN
2025-12-20 05:20:00+00:00,POSITION_OPEN
2025-12-20 13:00:00+00:00,POSITION_OPEN
2025-12-20 18:55:00+00:00,POSITION_OPEN
2025-12-20 21:05:00+00:00,POSITION_OPEN
2025-12-21 06:10:00+00:00,POSITION_OPEN
2025-12-21 08:20:00+00:00,POSITION_OPEN
2025-12-21 08:25:00+00:00,POSITION_OPEN
2025-12-21 12:15:00+00:00,POSITION_OPEN
2025-12-21 12:20:00+00:00,POSITION_OPEN
2025-12-21 17:00:00+00:00,POSITION_OPEN
2025-12-21 19:50:00+00:00,POSITION_OPEN
2025-12-22 04:20:00+00:00,POSITION_OPEN
2025-12-22 07:05:00+00:00,POSITION_OPEN
2025-12-22 08:00:00+00:00,POSITION_OPEN
2025-12-22 11:30:00+00:00,POSITION_OPEN
2025-12-24 20:10:00+00:00,POSITION_OPEN
2025-12-24 21:25:00+00:00,POSITION_OPEN
2025-12-25 02:35:00+00:00,POSITION_OPEN
2025-12-25 02:40:00+00:00,POSITION_OPEN
2025-12-25 15:20:00+00:00,POSITION_OPEN
2025-12-27 20:05:00+00:00,POSITION_OPEN
2025-12-28 08:35:00+00:00,POSITION_OPEN
2025-12-28 14:00:00+00:00,POSITION_OPEN
2025-12-28 14:40:00+00:00,POSITION_OPEN
2025-12-29 00:30:00+00:00,POSITION_OPEN
2025-12-30 14:20:00+00:00,POSITION_OPEN
2025-12-31 01:20:00+00:00,POSITION_OPEN
2025-12-31 07:35:00+00:00,POSITION_OPEN
2025-12-31 10:10:00+00:00,POSITION_OPEN
2025-12-31 14:05:00+00:00,POSITION_OPEN
