rank,group,strategy_id,family,timeframe,robustness_score,dev_net_pnl,val_net_pnl,dev_avg_R,val_avg_R,val_profit_factor,val_max_drawdown_pct,dev_closed_trades,val_closed_trades,val_dev_avg_R_ratio,val_dev_pf_ratio,flags,gate_failures,beat_BASELINE_A,beat_RANDOM
1,GROUP 3,A01,TREND FOLLOWING,15m,,-4.64692449833279,-4.4491983497411045,-0.17862853571428045,-0.34980004999999464,0.6023769701117245,0.2415083734073194,140,70,1.9582540303611182,0.7916619809275645,,dev_avg_R<=0|dev_net_pnl<=0|val_avg_R<=0|val_net_pnl<=0,False,False
2,GROUP 3,A01,TREND FOLLOWING,1h,,-1.9216022844387943,-1.2347983561144162,-0.16387237068965016,-0.16674162499999567,0.7816610309835481,0.11136971448032344,58,36,1.0175090791588013,0.9942765205297797,,dev_avg_R<=0|dev_net_pnl<=0|val_avg_R<=0|val_net_pnl<=0,True,True
3,GROUP 3,A01,TREND FOLLOWING,5m,,-10.056483638275015,-5.536765379484836,-0.2537179264150888,-0.22142141428570972,0.7376111786830162,0.31939885991553524,265,140,0.872707015283811,1.0471872396319808,,dev_avg_R<=0|dev_net_pnl<=0|val_avg_R<=0|val_net_pnl<=0,True,True
4,GROUP 3,A02,TREND FOLLOWING,15m,,-10.469308340318836,-4.64692449833279,-0.26871880639097157,-0.17862853571427997,0.7671109808588132,0.2630188521942219,266,140,0.6647414749765781,1.1094205555309262,,dev_avg_R<=0|dev_net_pnl<=0|val_avg_R<=0|val_net_pnl<=0,False,True
5,GROUP 3,A02,TREND FOLLOWING,1h,,-4.987302616803303,-2.859064333005054,-0.23302626271185892,-0.22014401492536823,0.7285060663160822,0.16876738905565986,118,67,0.944717614072454,1.0153782855692042,,dev_avg_R<=0|dev_net_pnl<=0|val_avg_R<=0|val_net_pnl<=0,False,True
6,GROUP 3,A02,TREND FOLLOWING,5m,,-13.635695027909147,-6.122049746191075,-0.2569325209790153,-0.17430602272726708,0.7799275959080941,0.3217936066171928,429,198,0.6784116781444858,1.0777178458608345,,dev_avg_R<=0|dev_net_pnl<=0|dev_max_drawdown>60%|val_avg_R<=0|val_net_pnl<=0,True,True
7,GROUP 3,A03,TREND FOLLOWING,15m,,-13.416410173510643,-6.743519513428997,-0.2728164236641167,-0.2121688999999949,0.7452805171316612,0.3677696888959086,393,185,0.7776984140119467,1.0758174581471533,,dev_avg_R<=0|dev_net_pnl<=0|dev_max_drawdown>60%|val_avg_R<=0|val_net_pnl<=0,False,True
8,GROUP 3,A03,TREND FOLLOWING,1h,,-10.137325692527195,-4.057839605794378,-0.27401025301204307,-0.15520177737225785,0.8048811497856766,0.26179047683635187,249,137,0.566408649553112,1.2178697178842235,,dev_avg_R<=0|dev_net_pnl<=0|val_avg_R<=0|val_net_pnl<=0,False,True
9,GROUP 3,A03,TREND FOLLOWING,5m,,-13.985552418373203,-6.796732231034734,-0.22459744824218197,-0.17766037104071786,0.773641626770872,0.3456114082358617,512,221,0.791016872325049,1.0276526663632015,,dev_avg_R<=0|dev_net_pnl<=0|dev_max_drawdown>60%|val_avg_R<=0|val_net_pnl<=0,True,True
10,GROUP 3,A04,TREND FOLLOWING,15m,,-7.45235950020258,-2.0489397755556302,-0.2392708502673746,-0.09866204545453955,0.8630104671967024,0.1553929824590989,187,99,0.4123446100696724,1.2227525315485293,,dev_avg_R<=0|dev_net_pnl<=0|val_avg_R<=0|val_net_pnl<=0,True,True
11,GROUP 3,A04,TREND FOLLOWING,1h,,-2.665837940061401,-1.437203764925757,-0.17314226923076234,-0.15917722727272057,0.7922344948187948,0.167392963282964,78,44,0.9193435432024442,1.012783224311416,,dev_avg_R<=0|dev_net_pnl<=0|val_avg_R<=0|val_net_pnl<=0,True,True
12,GROUP 3,A04,TREND FOLLOWING,5m,,-9.230375665724345,-7.160029907646621,-0.17733178181817708,-0.26878963207546663,0.6853879525419859,0.36184254998686977,330,159,1.5157442694116934,0.878831887613448,,dev_avg_R<=0|dev_net_pnl<=0|val_avg_R<=0|val_net_pnl<=0,True,False
13,GROUP 3,B01,BREAKOUT,15m,,-10.469308340318836,-4.64692449833279,-0.26871880639097157,-0.17862853571427997,0.7671109808588132,0.2630188521942219,266,140,0.6647414749765781,1.1094205555309262,,dev_avg_R<=0|dev_net_pnl<=0|val_avg_R<=0|val_net_pnl<=0,False,True
14,GROUP 3,B01,BREAKOUT,1h,,-4.987302616803303,-2.859064333005054,-0.23302626271185892,-0.22014401492536823,0.7285060663160822,0.16876738905565986,118,67,0.944717614072454,1.0153782855692042,,dev_avg_R<=0|dev_net_pnl<=0|val_avg_R<=0|val_net_pnl<=0,False,True
15,GROUP 3,B01,BREAKOUT,5m,,-13.635695027909147,-6.122049746191075,-0.2569325209790153,-0.17430602272726708,0.7799275959080941,0.3217936066171928,429,198,0.6784116781444858,1.0777178458608345,,dev_avg_R<=0|dev_net_pnl<=0|dev_max_drawdown>60%|val_avg_R<=0|val_net_pnl<=0,True,True
16,GROUP 3,B02,BREAKOUT,15m,,-9.54837333979408,-4.310284743842692,-0.2582020702479286,-0.18553061290322034,0.7609534812249658,0.22897104937218848,242,124,0.7185481228910044,1.0753772758858129,,dev_avg_R<=0|dev_net_pnl<=0|val_avg_R<=0|val_net_pnl<=0,False,True
17,GROUP 3,B02,BREAKOUT,1h,,-2.956964011757692,-2.969398691828592,-0.15634057812499422,-0.26716552586206427,0.6733906045039686,0.14846993459143096,96,58,1.708868734311994,0.8427850307095447,,dev_avg_R<=0|dev_net_pnl<=0|val_avg_R<=0|val_net_pnl<=0,False,True
18,GROUP 3,B02,BREAKOUT,5m,,-12.889386046481475,-6.145700614341111,-0.25248426522842105,-0.18198923298428799,0.773102698352372,0.32294940914530834,394,191,0.7207943545299482,1.060688217974077,,dev_avg_R<=0|dev_net_pnl<=0|dev_max_drawdown>60%|val_avg_R<=0|val_net_pnl<=0,True,True
19,GROUP 3,B03,BREAKOUT,15m,,-4.8125259974480095,-2.2490428208998177,-0.17573712499999436,-0.12513743749999492,0.8328592807474035,0.15731242866966197,148,88,0.7120717236042124,1.0739611117381926,,dev_avg_R<=0|dev_net_pnl<=0|val_avg_R<=0|val_net_pnl<=0,True,True
20,GROUP 3,B03,BREAKOUT,1h,,-1.1063325127571177,-1.5252056557711458,-0.07833272656249507,-0.17862853571428197,0.7694868197119409,0.13790869569284842,64,42,2.2803819495772224,0.8641661403456805,,dev_avg_R<=0|dev_net_pnl<=0|val_avg_R<=0|val_net_pnl<=0,False,True
21,GROUP 3,B03,BREAKOUT,5m,,-9.110267974191638,-4.009199652831714,-0.23021678853754388,-0.15917722727272138,0.799481649136227,0.2670572590864662,253,132,0.6914231941288794,1.097590116727176,,dev_avg_R<=0|dev_net_pnl<=0|val_avg_R<=0|val_net_pnl<=0,True,True
22,GROUP 3,B04,BREAKOUT,15m,,-10.3653873837343,-4.719709851214343,-0.2731709418604589,-0.18483040217390714,0.7607947582474803,0.24909114752206288,258,138,0.6766107731484929,1.0866003133184228,,dev_avg_R<=0|dev_net_pnl<=0|val_avg_R<=0|val_net_pnl<=0,False,True
23,GROUP 3,B04,BREAKOUT,1h,,-4.411277753007618,-2.642582044035698,-0.20653693478260332,-0.20456361363635914,0.7422268892968543,0.14968232519333957,115,66,0.9904456742890987,0.9972253360727943,,dev_avg_R<=0|dev_net_pnl<=0|val_avg_R<=0|val_net_pnl<=0,False,True
24,GROUP 3,B04,BREAKOUT,5m,,-12.884194320833116,-6.698220234586973,-0.22914790624999454,-0.19475650502512,0.7574308126196045,0.3480037358908756,432,199,0.8499161446085639,1.0163130104367082,,dev_avg_R<=0|dev_net_pnl<=0|dev_max_drawdown>60%|val_avg_R<=0|val_net_pnl<=0,True,True
25,GROUP 3,BASELINE_A,BASELINE,15m,,-7.103575872697708,-2.5003073140457053,-0.2991718556337975,-0.15253531707316487,0.7919817540489807,0.15632489564705704,142,82,0.5098585117574573,1.2183582976316139,,dev_avg_R<=0|dev_net_pnl<=0|val_avg_R<=0|val_net_pnl<=0,False,True
26,GROUP 3,BASELINE_A,BASELINE,1h,,-1.5814012875336652,-1.5004194621910505,-0.16497123404254863,-0.24994999999999476,0.6942420115398246,0.1128505659381674,47,30,1.5151126282751137,0.887801079252708,,dev_avg_R<=0|dev_net_pnl<=0|val_avg_R<=0|val_net_pnl<=0,False,True
27,GROUP 3,BASELINE_A,BASELINE,5m,,-10.702167536789727,-7.303158897549327,-0.2569081916376245,-0.2971763749999942,0.6451721364141447,0.384369819178479,287,148,1.156741531306129,0.9197975016811412,,dev_avg_R<=0|dev_net_pnl<=0|val_avg_R<=0|val_net_pnl<=0,False,False
28,GROUP 3,C01,MEAN REVERSION,15m,,-8.504848642077949,-3.934942054449257,-0.43367409199999496,-0.46701532608695123,0.5079378356776084,0.21828446538293184,125,46,1.076880852930815,0.9747019091189025,,dev_avg_R<=0|dev_net_pnl<=0|val_avg_R<=0|val_net_pnl<=0,False,False
29,GROUP 3,C01,MEAN REVERSION,1h,,-8.587174626081547,-1.5004194621910572,-0.7107963846153803,-0.2499499999999963,0.6847695286417579,0.10672607947764004,78,30,0.3516478212466527,2.2523891596506798,,dev_avg_R<=0|dev_net_pnl<=0|val_avg_R<=0|val_net_pnl<=0,False,True
30,GROUP 3,C01,MEAN REVERSION,5m,,-9.240794641452615,-1.4122995060583883,-0.5253984137930982,-0.21874685937499394,0.7295843093224375,0.17253540476596574,116,32,0.416344727415063,1.5864688111789036,,dev_avg_R<=0|dev_net_pnl<=0|val_avg_R<=0|val_net_pnl<=0,True,True
31,GROUP 3,C03,MEAN REVERSION,15m,,-14.463092521991314,-4.792150145700729,-0.4259568677966051,-0.19121467647058327,0.7633584894752842,0.276798735852901,295,136,0.4489061943283152,1.3942094868265436,,dev_avg_R<=0|dev_net_pnl<=0|dev_max_drawdown>60%|val_avg_R<=0|val_net_pnl<=0,False,True
32,GROUP 3,C03,MEAN REVERSION,1h,,-9.63458015178882,-3.626654150260907,-0.4670153260869512,-0.3608944999999959,0.5685430000991211,0.23622922111059708,138,54,0.7727680010501472,1.1557169471705564,,dev_avg_R<=0|dev_net_pnl<=0|val_avg_R<=0|val_net_pnl<=0,False,False
33,GROUP 3,C03,MEAN REVERSION,5m,,-15.46769012075112,-6.093284374704625,-0.2834964594861604,-0.151882986607137,0.7978822542256943,0.3218627488240366,506,224,0.5357491479167892,1.1140221284900915,,dev_avg_R<=0|dev_net_pnl<=0|dev_max_drawdown>60%|val_avg_R<=0|val_net_pnl<=0,True,True
34,GROUP 3,C04,MEAN REVERSION,15m,,-9.539414879477118,-2.2619940036366537,-0.5178403780487746,-0.22997998999999403,0.7213493834657991,0.1409717252209521,123,50,0.44411366851414696,1.5494055040103332,,dev_avg_R<=0|dev_net_pnl<=0|val_avg_R<=0|val_net_pnl<=0,False,False
35,GROUP 3,C04,MEAN REVERSION,1h,,-8.889049270692455,-2.0445247721266133,-0.7970735616438311,-0.34980004999999603,0.5849696890829899,0.1295946782834323,73,30,0.4388554166551351,2.3670105740636473,,dev_avg_R<=0|dev_net_pnl<=0|val_avg_R<=0|val_net_pnl<=0,False,False
36,GROUP 3,C04,MEAN REVERSION,5m,,-7.797617107660338,-2.0138727293661454,-0.38574606799999445,-0.27693649999999376,0.6706577300749068,0.17896322647814117,125,37,0.7179243626146249,1.1766377779635355,,dev_avg_R<=0|dev_net_pnl<=0|val_avg_R<=0|val_net_pnl<=0,True,False
37,GROUP 3,D01,MOMENTUM,15m,,-11.700325488790972,-3.696388067751088,-0.24417832080924326,-0.11807257547169281,0.8433302924447403,0.26157917388955687,346,159,0.4835506079343274,1.1983245652191419,,dev_avg_R<=0|dev_net_pnl<=0|dev_max_drawdown>60%|val_avg_R<=0|val_net_pnl<=0,False,True
38,GROUP 3,D01,MOMENTUM,1h,,-10.505230770272457,-6.076284103475998,-0.30994573819741994,-0.2821596935483816,0.6733304425647194,0.3197453433627098,233,124,0.910351906076734,1.0773692106672141,,dev_avg_R<=0|dev_net_pnl<=0|val_avg_R<=0|val_net_pnl<=0,False,True
39,GROUP 3,D01,MOMENTUM,5m,,-12.48495198362802,-6.743519513428963,-0.22808502554744028,-0.21216889999999344,0.7436000376715082,0.3508030174440503,411,185,0.9302184546782691,0.9997829008625025,,dev_avg_R<=0|dev_net_pnl<=0|dev_max_drawdown>60%|val_avg_R<=0|val_net_pnl<=0,True,True
40,GROUP 3,D02,MOMENTUM,15m,,-10.702167536789773,-5.561413692007651,-0.25690819163762524,-0.23493495488721192,0.7117506373027112,0.2957722665210692,287,133,0.9144704705196514,1.0157508650114484,,dev_avg_R<=0|dev_net_pnl<=0|val_avg_R<=0|val_net_pnl<=0,False,False
41,GROUP 3,D02,MOMENTUM,1h,,-7.306280875458263,-4.797699017778284,-0.19933476728110147,-0.22434742307691785,0.729974283457463,0.278210223729356,217,117,1.1254806481427477,0.992021970390295,,dev_avg_R<=0|dev_net_pnl<=0|val_avg_R<=0|val_net_pnl<=0,False,True
42,GROUP 3,D02,MOMENTUM,5m,,-7.3480036611353965,-4.432163906966091,-0.1470118041237057,-0.18705233070865504,0.764037214039684,0.2508411719452412,291,127,1.2723626638256647,0.93298534669117,,dev_avg_R<=0|dev_net_pnl<=0|val_avg_R<=0|val_net_pnl<=0,True,True
43,GROUP 3,D03,MOMENTUM,15m,,-9.046410882205377,-3.2023392213192716,-0.18274323557691688,-0.09923294339622062,0.85955089275791,0.20003442414334902,312,159,0.5430184219018784,1.1107946087053806,,dev_avg_R<=0|dev_net_pnl<=0|val_avg_R<=0|val_net_pnl<=0,False,True
44,GROUP 3,D03,MOMENTUM,1h,,-9.130120107034251,-3.4360369705423977,-0.376342468354426,-0.21428926785713764,0.7359754299557035,0.20881738525028815,158,84,0.5693996449407555,1.349725082799393,,dev_avg_R<=0|dev_net_pnl<=0|val_avg_R<=0|val_net_pnl<=0,False,True
45,GROUP 3,D03,MOMENTUM,5m,,-12.608469763629845,-7.027951592886298,-0.21206047209820916,-0.20524102238805386,0.7469549648937792,0.35672351154332177,448,201,0.9678419573309396,0.9732324170923716,,dev_avg_R<=0|dev_net_pnl<=0|dev_max_drawdown>60%|val_avg_R<=0|val_net_pnl<=0,True,True
46,GROUP 3,D04,MOMENTUM,15m,,-12.239266241725137,-6.2348792490062825,-0.24723668342390753,-0.19508733516483018,0.7629292751302759,0.34351153131465695,368,182,0.789071154260458,1.0794185756558594,,dev_avg_R<=0|dev_net_pnl<=0|dev_max_drawdown>60%|val_avg_R<=0|val_net_pnl<=0,False,True
47,GROUP 3,D04,MOMENTUM,1h,,-10.127697121546806,-6.100012965649766,-0.3140738853210952,-0.30115515384614877,0.6439758800884818,0.32251680643095976,218,117,0.9588672217629973,1.0159845010689805,,dev_avg_R<=0|dev_net_pnl<=0|val_avg_R<=0|val_net_pnl<=0,False,True
48,GROUP 3,D04,MOMENTUM,5m,,-14.562084120569851,-7.3062808754582385,-0.24994999999999415,-0.19933476728110006,0.7497072491219667,0.37026266975142197,501,217,0.7974985688381865,1.0308752465096345,,dev_avg_R<=0|dev_net_pnl<=0|dev_max_drawdown>60%|val_avg_R<=0|val_net_pnl<=0,False,True
49,GROUP 3,E01,VOLATILITY / REGIME,15m,,-5.866052087572587,-3.2493146765432197,-0.19645890178570888,-0.17637627894736338,0.7750429084282336,0.191244533814967,168,95,0.897776976987019,1.0333319608209564,,dev_avg_R<=0|dev_net_pnl<=0|val_avg_R<=0|val_net_pnl<=0,False,True
50,GROUP 3,E01,VOLATILITY / REGIME,1h,,-0.9514655015986975,-2.701692819422971,-0.05024989999999509,-0.2691519326923033,0.6749732865095108,0.16823040522214322,80,52,5.356268026251388,0.7308047068652032,,dev_avg_R<=0|dev_net_pnl<=0|val_avg_R<=0|val_net_pnl<=0,False,True
51,GROUP 3,E01,VOLATILITY / REGIME,5m,,-10.116882940887725,-5.5367653794848,-0.24631908909090364,-0.2214214142857083,0.7333989037768642,0.30294401070516347,275,140,0.8989210503453636,1.023358920493394,,dev_avg_R<=0|dev_net_pnl<=0|val_avg_R<=0|val_net_pnl<=0,True,True
52,GROUP 3,E02,VOLATILITY / REGIME,15m,,-6.85609394146499,-1.5679531785562109,-0.2699200099999939,-0.08549109411764216,0.875743051820061,0.1258693635665842,150,85,0.3167275153762928,1.2997464133579306,,dev_avg_R<=0|dev_net_pnl<=0|val_avg_R<=0|val_net_pnl<=0,True,True
53,GROUP 3,E02,VOLATILITY / REGIME,1h,,-0.03899343717726614,-2.013872729366156,0.007727548387101413,-0.27693649999999587,0.6584407401498599,0.127069148981092,62,37,-35.837562720700625,0.6611972966457335,,dev_net_pnl<=0|val_avg_R<=0|val_net_pnl<=0,False,True
54,GROUP 3,E02,VOLATILITY / REGIME,5m,,-10.365387383734294,-3.3449854581103358,-0.2731709418604603,-0.13721607258063956,0.8213237131236096,0.2557497927789031,258,124,0.502308450694333,1.1888945777759556,,dev_avg_R<=0|dev_net_pnl<=0|val_avg_R<=0|val_net_pnl<=0,True,True
55,GROUP 3,E03,VOLATILITY / REGIME,15m,,-12.784657610058527,-8.92829272933318,-0.23326860739856303,-0.26381806249999457,0.693391351473585,0.4643916827606353,419,216,1.1309625647536647,0.9662409403202842,,dev_avg_R<=0|dev_net_pnl<=0|dev_max_drawdown>60%|val_avg_R<=0|val_net_pnl<=0,False,False
56,GROUP 3,E03,VOLATILITY / REGIME,1h,,-10.632794707682958,-3.3104639566171263,-0.27632548490565517,-0.11015992999999409,0.8534004890130333,0.23648106636637042,265,150,0.39866004410561556,1.247500093900449,,dev_avg_R<=0|dev_net_pnl<=0|val_avg_R<=0|val_net_pnl<=0,False,True
57,GROUP 3,E03,VOLATILITY / REGIME,5m,,-15.041240832351772,-8.976759074967633,-0.25565571714285185,-0.24566459012874992,0.7089200948000244,0.45313534648834763,525,233,0.960919602636857,1.003966524654764,,dev_avg_R<=0|dev_net_pnl<=0|dev_max_drawdown>60%|val_avg_R<=0|val_net_pnl<=0,False,False
58,GROUP 3,E04,VOLATILITY / REGIME,15m,,-8.62333330223923,-5.678801237336118,-0.22498748749999464,-0.27555257692307195,0.6670885114846492,0.3065860173769017,240,117,1.2247462291567592,0.9184028849871622,,dev_avg_R<=0|dev_net_pnl<=0|val_avg_R<=0|val_net_pnl<=0,False,False
59,GROUP 3,E04,VOLATILITY / REGIME,1h,,-3.4077603977077366,-3.9838078801645933,-0.19508733516482943,-0.42615597058822935,0.53654612035278,0.2130622327636317,91,51,2.18443688427119,0.7221684851629208,,dev_avg_R<=0|dev_net_pnl<=0|val_avg_R<=0|val_net_pnl<=0,False,False
60,GROUP 3,E04,VOLATILITY / REGIME,5m,,-13.152133074055804,-5.368385561561784,-0.26001045843828163,-0.1735940794117588,0.7810325445140063,0.27769404029773187,397,170,0.6676426804307359,1.104362128883048,,dev_avg_R<=0|dev_net_pnl<=0|dev_max_drawdown>60%|val_avg_R<=0|val_net_pnl<=0,True,True
61,GROUP 3,F01,RANGE / MARKET STRUCTURE,15m,,-7.986459259873309,-2.8298028021153647,-0.3795264007633532,-0.19597699999999366,0.7493755117258056,0.17290855243169706,131,74,0.5163725095429963,1.3263146136142647,,dev_avg_R<=0|dev_net_pnl<=0|val_avg_R<=0|val_net_pnl<=0,False,True
62,GROUP 3,F01,RANGE / MARKET STRUCTURE,1h,,-4.0597369143919435,0.29456932160152804,-0.4537256122448928,0.06957016000000593,1.084029607214398,0.06666737747851688,49,25,-0.15333090776117858,2.1036445005620084,VAL_ONE_MONTH_CONCENTRATION,dev_avg_R<=0|dev_net_pnl<=0,True,True
63,GROUP 3,F01,RANGE / MARKET STRUCTURE,5m,,-8.688310619500319,-4.405587836349452,-0.20169532899627715,-0.17543503731342677,0.7807448842587805,0.251274464325437,269,134,0.8698021822640469,1.056606314699853,,dev_avg_R<=0|dev_net_pnl<=0|val_avg_R<=0|val_net_pnl<=0,True,True
64,GROUP 3,F02,RANGE / MARKET STRUCTURE,15m,,-10.543343636976862,-4.83840856213492,-0.2685094888475779,-0.1862159255319089,0.7570900119055403,0.27221050536573865,269,141,0.6935171130492757,1.0817661522271258,,dev_avg_R<=0|dev_net_pnl<=0|val_avg_R<=0|val_net_pnl<=0,False,True
65,GROUP 3,F02,RANGE / MARKET STRUCTURE,1h,,-2.9797986910810277,-3.570704099266971,-0.13900549999999465,-0.27931766176470135,0.6651922641023983,0.18937241054173506,108,68,2.009400072405136,0.8110687670943938,,dev_avg_R<=0|dev_net_pnl<=0|val_avg_R<=0|val_net_pnl<=0,False,True
66,GROUP 3,F02,RANGE / MARKET STRUCTURE,5m,,-12.387262664152983,-6.055944227469866,-0.21503739510488964,-0.1700699599999945,0.787719473876452,0.3185630729566268,429,200,0.790885510480811,1.0295528490862864,,dev_avg_R<=0|dev_net_pnl<=0|dev_max_drawdown>60%|val_avg_R<=0|val_net_pnl<=0,True,True
67,GROUP 3,F03,RANGE / MARKET STRUCTURE,15m,,-13.149633588114794,-6.378382629330048,-0.24754975841345628,-0.17350977033492307,0.7862148191390177,0.35768210267175254,416,209,0.7009086635630158,1.1071587866064883,,dev_avg_R<=0|dev_net_pnl<=0|dev_max_drawdown>60%|val_avg_R<=0|val_net_pnl<=0,False,True
68,GROUP 3,F03,RANGE / MARKET STRUCTURE,1h,,-10.4982982835339,-4.693624654298745,-0.2646880147601418,-0.1742016862068916,0.7791028927033096,0.24528815637046625,271,145,0.6581396832975297,1.1344219876256847,,dev_avg_R<=0|dev_net_pnl<=0|val_avg_R<=0|val_net_pnl<=0,False,True
69,GROUP 3,F03,RANGE / MARKET STRUCTURE,5m,,-15.267919241601065,-8.29856151575991,-0.25546657734806094,-0.21995213090128168,0.7285946389711964,0.42093621714412066,543,233,0.8609820242810372,1.0192216189771734,,dev_avg_R<=0|dev_net_pnl<=0|dev_max_drawdown>60%|val_avg_R<=0|val_net_pnl<=0,False,True
70,GROUP 3,F04,RANGE / MARKET STRUCTURE,15m,,-13.858891759714993,-6.018503820286335,-0.3093202999999948,-0.1932170170454489,0.757633562475114,0.3288576545169378,370,176,0.6246502962962734,1.1616423655356458,,dev_avg_R<=0|dev_net_pnl<=0|dev_max_drawdown>60%|val_avg_R<=0|val_net_pnl<=0,False,True
71,GROUP 3,F04,RANGE / MARKET STRUCTURE,1h,,-7.916012184196452,-5.522645448438935,-0.25520526578946773,-0.28659222018348113,0.6646538545247169,0.29192208479346915,190,109,1.1229870954931869,0.9595203172710183,,dev_avg_R<=0|dev_net_pnl<=0|val_avg_R<=0|val_net_pnl<=0,False,True
72,GROUP 3,F04,RANGE / MARKET STRUCTURE,5m,,-14.146773849703408,-6.819233302118178,-0.2417655696721257,-0.18462753738317142,0.7700723013180099,0.34772937230786116,488,214,0.7636634845629883,1.0458717820249148,,dev_avg_R<=0|dev_net_pnl<=0|dev_max_drawdown>60%|val_avg_R<=0|val_net_pnl<=0,True,True
73,GROUP 3,G01,TIME / REGIME,15m,,-8.627484294574034,-2.653181618912686,-0.24543189819003983,-0.11222579310344315,0.8486924854652655,0.19945441564449504,221,116,0.45725838381670275,1.2395681716402633,,dev_avg_R<=0|dev_net_pnl<=0|val_avg_R<=0|val_net_pnl<=0,False,True
74,GROUP 3,G01,TIME / REGIME,1h,,-7.414076317207887,-2.875782085465808,-0.24446373351647807,-0.14806219387754607,0.803401798081021,0.15188805367283417,182,98,0.6056611823265227,1.1302145054194965,,dev_avg_R<=0|dev_net_pnl<=0|val_avg_R<=0|val_net_pnl<=0,False,True
75,GROUP 3,G01,TIME / REGIME,5m,,-8.599752439226066,-5.0984855424995095,-0.2011511033834537,-0.20002497499999491,0.757858383700408,0.279936482447789,266,140,0.9944015798843914,1.0171927912615741,,dev_avg_R<=0|dev_net_pnl<=0|val_avg_R<=0|val_net_pnl<=0,True,True
76,GROUP 3,G02,TIME / REGIME,15m,,-11.641450986888035,-5.828101811585135,-0.27614017704917526,-0.22914790624999387,0.723491913680918,0.3128493993395877,305,144,0.829824579308454,1.0579503919139837,,dev_avg_R<=0|dev_net_pnl<=0|val_avg_R<=0|val_net_pnl<=0,False,False
77,GROUP 3,G02,TIME / REGIME,1h,,-12.71748923352176,-3.813151288464121,-0.399522949392708,-0.17862853571427934,0.7687728678752545,0.20768881080973312,247,112,0.4471045680499765,1.3478470763621335,,dev_avg_R<=0|dev_net_pnl<=0|dev_max_drawdown>60%|val_avg_R<=0|val_net_pnl<=0,False,True
78,GROUP 3,G02,TIME / REGIME,5m,,-11.856597107554025,-7.120854819334155,-0.25585828698224283,-0.27588507792207145,0.6620947802680234,0.3645801189873871,338,154,1.078272981407159,0.9526224746034792,,dev_avg_R<=0|dev_net_pnl<=0|dev_max_drawdown>60%|val_avg_R<=0|val_net_pnl<=0,True,False
79,GROUP 3,G03,TIME / REGIME,15m,,-9.190916523601027,-6.052514733429902,-0.21364089090908533,-0.26519428244274235,0.6801701237335892,0.31517205089670886,275,131,1.2413086339150097,0.921596479075317,,dev_avg_R<=0|dev_net_pnl<=0|val_avg_R<=0|val_net_pnl<=0,False,False
80,GROUP 3,G03,TIME / REGIME,1h,,-8.07836274039298,-2.869531709634735,-0.22296349999999446,-0.12193711538460997,0.8362661236868374,0.20284038918725084,222,117,0.546892721833901,1.1751592356301128,,dev_avg_R<=0|dev_net_pnl<=0|val_avg_R<=0|val_net_pnl<=0,False,True
81,GROUP 3,G03,TIME / REGIME,5m,,-10.169743161536664,-6.26836381462463,-0.20976267337460824,-0.26452664963503086,0.6862381413657076,0.3378510792927569,323,137,1.2610758881901807,0.9173473878177338,,dev_avg_R<=0|dev_net_pnl<=0|val_avg_R<=0|val_net_pnl<=0,True,False
82,GROUP 3,G04,TIME / REGIME,15m,,-5.7223626863606425,-0.6520395181193585,-0.2663188606557324,-0.03405799999999374,0.940114363599239,0.10868521243316098,122,74,0.1278842959756431,1.3888317321256571,,dev_avg_R<=0|dev_net_pnl<=0|val_avg_R<=0|val_net_pnl<=0,True,True
83,GROUP 3,G04,TIME / REGIME,1h,,-3.198207892639525,-3.0790228402544355,-0.18338329999999534,-0.3314602448979537,0.6102914384523969,0.15796206247468086,90,49,1.8074723537964588,0.7971875085438863,,dev_avg_R<=0|dev_net_pnl<=0|val_avg_R<=0|val_net_pnl<=0,False,False
84,GROUP 3,G04,TIME / REGIME,5m,,-8.441660206139483,-2.986008833915287,-0.3225682181818125,-0.171416252808983,0.7762989797607378,0.18138674842733268,165,89,0.531410855586417,1.2479705978417368,,dev_avg_R<=0|dev_net_pnl<=0|val_avg_R<=0|val_net_pnl<=0,True,True
85,GROUP 3,RANDOM_BASELINE,RANDOM,15m,,-16.303531330880453,-8.569142269729364,-0.3105800113851936,-0.2210677541322254,0.7257750776668184,0.4443832601551022,527,242,0.7117900252056094,1.0705185026139952,,dev_avg_R<=0|dev_net_pnl<=0|dev_max_drawdown>60%|val_avg_R<=0|val_net_pnl<=0,False,False
86,GROUP 3,RANDOM_BASELINE,RANDOM,1h,,-10.3524613739002,-7.286124534104879,-0.2864805060975557,-0.3233691544117588,0.6095657674041377,0.3998843368975901,246,136,1.1287649509444853,0.9294458025217447,,dev_avg_R<=0|dev_net_pnl<=0|val_avg_R<=0|val_net_pnl<=0,False,False
87,GROUP 3,RANDOM_BASELINE,RANDOM,5m,,-17.59279874982225,-10.018863422200761,-0.29612343352600595,-0.22314461744965847,0.7234187115766564,0.5100704480865303,692,298,0.7535527154762023,1.0663617233877347,,dev_avg_R<=0|dev_net_pnl<=0|dev_max_drawdown>60%|val_avg_R<=0|val_net_pnl<=0,False,False
88,GROUP 4,C02,MEAN REVERSION,15m,,-0.2759029451277346,0.7042144616554339,-0.09633453846153497,1.7470510000000106,,0.017538844998496922,13,2,-18.13525063700371,,VAL_ONE_BIG_WIN|VAL_ONE_MONTH_CONCENTRATION,dev_closed_trades<30|val_closed_trades<8|dev_avg_R<=0|dev_net_pnl<=0,True,True
89,GROUP 4,C02,MEAN REVERSION,1h,,-1.4507472692969186,0.09526697748909527,-1.248450499999993,0.24930025000000466,1.3819224088843918,0.019984910788091625,6,2,-0.19968773291372469,,VAL_ONE_BIG_WIN|VAL_ONE_MONTH_CONCENTRATION,dev_closed_trades<30|val_closed_trades<8|dev_avg_R<=0|dev_net_pnl<=0,True,True
90,GROUP 4,C02,MEAN REVERSION,5m,,-1.1844129587889303,-0.24944065934065893,-0.49957512499999734,-1.2484504999999977,0.0,0.021636462886803733,12,1,2.499024546108064,0.0,,dev_closed_trades<30|val_closed_trades<8|dev_avg_R<=0|dev_net_pnl<=0|val_avg_R<=0|val_net_pnl<=0,False,False
