strategy_id,family,timeframe,group,robustness_score,definition,gate_failures,flags,val_dev_avg_R_ratio,val_dev_pf_ratio,val_dev_win_rate_ratio,val_dev_trade_count_ratio,val_dev_dd_pct_ratio,beat_BASELINE_A_val_avg_R,beat_BASELINE_A_val_net,beat_RANDOM_val_avg_R,beat_RANDOM_val_net,monthly_consistency_dev,monthly_consistency_val,dev_range12_median,dev_range12_q1,dev_range12_q3,dev_range24_median,dev_closed_trades,dev_wins,dev_losses,dev_win_rate,dev_gross_pnl,dev_fees,dev_slippage,dev_net_pnl,dev_avg_net_pnl,dev_avg_R,dev_profit_factor,dev_max_drawdown,dev_max_drawdown_pct,dev_final_equity,dev_median_holding_time,dev_average_holding_time,dev_longest_winning_streak,dev_longest_losing_streak,dev_signals,dev_filled_trades,dev_tp_count,dev_sl_count,dev_months_with_trades,dev_largest_win_net_pnl,dev_sum_of_winning_net_pnl,dev_max_month_share_of_net,val_closed_trades,val_wins,val_losses,val_win_rate,val_gross_pnl,val_fees,val_slippage,val_net_pnl,val_avg_net_pnl,val_avg_R,val_profit_factor,val_max_drawdown,val_max_drawdown_pct,val_final_equity,val_median_holding_time,val_average_holding_time,val_longest_winning_streak,val_longest_losing_streak,val_signals,val_filled_trades,val_tp_count,val_sl_count,val_months_with_trades,val_largest_win_net_pnl,val_sum_of_winning_net_pnl,val_max_month_share_of_net
A01,TREND FOLLOWING,5m,GROUP 3,,EMA20>EMA50; prior close above EMA20; current low touches EMA20; bullish close (close>open) resumes above previous candle high.,dev_avg_R<=0|dev_net_pnl<=0|val_avg_R<=0|val_net_pnl<=0,,0.872707015283811,1.0471872396319808,1.0324675324675325,0.5283018867924528,0.600529331909888,True,True,True,True,1/8 months with trades were net-positive,0/4 months with trades were net-positive,0.006099392361111061,0.0040128827100909875,0.009486593678125713,0.00886083835177556,265,88,177,0.3320754716981132,2.229611118740474,8.19072946640877,4.095365290606718,-10.056483638275015,-0.03794899486141516,-0.2537179264150888,0.7043737268439589,11.200307163890477,0.5318622137901874,9.943516361724981,0 days 05:40:00,0 days 10:49:50.943396226,5,14,803,266,88,177,8,0.3568450419746817,23.961073498694606,,140,48,92,0.34285714285714286,2.206011777517646,5.161851070333203,2.580926086669279,-5.536765379484836,-0.0395483241391774,-0.22142141428570972,0.7376111786830162,6.74750141554736,0.31939885991553524,14.463234620515165,0 days 06:20:00,0 days 10:22:53.571428571,6,9,390,140,48,92,4,0.3608676858746531,15.564611392950301,
A01,TREND FOLLOWING,15m,GROUP 3,,EMA20>EMA50; prior close above EMA20; current low touches EMA20; bullish close (close>open) resumes above previous candle high.,dev_avg_R<=0|dev_net_pnl<=0|val_avg_R<=0|val_net_pnl<=0,,1.9582540303611182,0.7916619809275645,0.84,0.5,0.9612741968707358,False,False,False,True,2/8 months with trades were net-positive,1/4 months with trades were net-positive,0.011157016537118652,0.007415814049580036,0.016934187061480453,0.016436581541667633,140,50,90,0.35714285714285715,2.5629681613523707,4.80659467929559,2.403297980389571,-4.64692449833279,-0.033192317845234215,-0.17862853571428045,0.7609017290510012,5.132114671407601,0.2512377573365734,15.353075501667211,0 days 06:52:30,0 days 12:38:08.571428571,4,9,305,140,50,90,8,0.3490611388611375,14.788282957952037,,70,21,49,0.3,-0.6057898260117394,2.562272450117967,1.2811360736113981,-4.4491983497411045,-0.06355997642487292,-0.34980004999999464,0.6023769701117245,4.951470365737761,0.2415083734073194,15.550801650258894,0 days 05:37:30,0 days 10:32:08.571428571,3,7,129,70,21,49,4,0.34906113886113993,6.740290224377063,
A01,TREND FOLLOWING,1h,GROUP 3,,EMA20>EMA50; prior close above EMA20; current low touches EMA20; bullish close (close>open) resumes above previous candle high.,dev_avg_R<=0|dev_net_pnl<=0|val_avg_R<=0|val_net_pnl<=0,,1.0175090791588013,0.9942765205297797,0.9973544973544973,0.6206896551724138,0.5904287315174347,True,True,True,True,3/8 months with trades were net-positive,1/4 months with trades were net-positive,0.02429507870376951,0.016989257279350706,0.03672959536504762,0.03709822949607159,58,21,37,0.3620689655172414,1.4513690876463252,2.248647339495313,1.1243240325898067,-1.9216022844387943,-0.03313107386963438,-0.16387237068965016,0.7861606050669447,4.056660458785821,0.188625160896383,18.078397715561206,0 days 04:30:00,0 days 09:09:18.620689655,4,12,76,58,21,37,8,0.368914869565226,7.064591700258794,,36,13,23,0.3611111111111111,0.8835530543068313,1.412234126355367,0.7061172840658805,-1.2347983561144162,-0.03429995433651156,-0.16674162499999567,0.7816610309835481,2.2879106104834683,0.11136971448032344,18.765201643885582,0 days 06:00:00,0 days 08:40:00,3,8,48,36,13,23,4,0.352394458847052,4.420620654412167,
A02,TREND FOLLOWING,5m,GROUP 3,,EMA20>EMA50; close > previous 20-bar high; volume > volume_ma20.,dev_avg_R<=0|dev_net_pnl<=0|dev_max_drawdown>60%|val_avg_R<=0|val_net_pnl<=0,,0.6784116781444858,1.0777178458608345,1.0833333333333333,0.46153846153846156,0.456478324376803,True,True,True,True,1/8 months with trades were net-positive,1/4 months with trades were net-positive,0.006099392361111061,0.0040128827100909875,0.009486593678125713,0.00886083835177556,429,142,287,0.331002331002331,4.352612513634153,11.992204302260522,5.996103239282778,-13.635695027909147,-0.03178483689489312,-0.2569325209790153,0.7236844030221301,15.097031260280504,0.7049482734070986,6.3643049720908405,0 days 04:10:00,0 days 08:33:00.419580420,5,11,2633,430,142,287,8,0.36480252255342194,35.71256897544796,,198,71,127,0.35858585858585856,4.28951150271652,6.941040117686733,3.4705211312208624,-6.122049746191075,-0.03091944316258119,-0.17430602272726708,0.7799275959080941,6.52971636404761,0.3217936066171928,13.877950253808926,0 days 05:32:30,0 days 09:40:21.212121212,3,7,1420,198,71,127,4,0.34634959956366396,21.696293818749513,
A02,TREND FOLLOWING,15m,GROUP 3,,EMA20>EMA50; close > previous 20-bar high; volume > volume_ma20.,dev_avg_R<=0|dev_net_pnl<=0|val_avg_R<=0|val_net_pnl<=0,,0.6647414749765781,1.1094205555309262,1.0919540229885056,0.5263157894736842,0.47807037719234996,False,False,True,True,1/8 months with trades were net-positive,1/4 months with trades were net-positive,0.011157016537118652,0.007415814049580036,0.016934187061480453,0.016436581541667633,266,87,179,0.32706766917293234,1.7094588948567748,8.11917787187423,4.059589363301381,-10.469308340318836,-0.03935830203127382,-0.26871880639097157,0.6914519268950297,11.656516181264971,0.5501676421344073,9.53069165968117,0 days 04:15:00,0 days 08:41:16.691729323,7,11,769,266,87,179,8,0.36196870272761683,23.461573920472652,,140,50,90,0.35714285714285715,2.7766796882194504,4.949068994921728,2.474535191630513,-4.64692449833279,-0.033192317845234215,-0.17862853571427997,0.7671109808588132,5.352186703973302,0.2630188521942219,15.35307550166721,0 days 05:15:00,0 days 09:14:34.285714286,4,8,475,140,50,90,4,0.3490611388611413,15.306461519904659,
A02,TREND FOLLOWING,1h,GROUP 3,,EMA20>EMA50; close > previous 20-bar high; volume > volume_ma20.,dev_avg_R<=0|dev_net_pnl<=0|val_avg_R<=0|val_net_pnl<=0,,0.944717614072454,1.0153782855692042,1.0126865671641792,0.5677966101694916,0.6339371704626288,True,False,True,True,0/8 months with trades were net-positive,0/4 months with trades were net-positive,0.02429507870376951,0.016989257279350706,0.03672959536504762,0.03709822949607159,118,40,78,0.3389830508474576,1.4283134514092894,4.277077140756315,2.138538927456277,-4.987302616803303,-0.042265276413587315,-0.23302626271185892,0.717472568273108,5.44672900372303,0.2662210025206415,15.012697383196699,0 days 03:00:00,0 days 06:00:00,3,8,179,118,40,78,8,0.3507238388440528,12.665151823883829,,67,23,44,0.34328358208955223,0.9884226040327913,2.564991126621559,1.2824958104162858,-2.859064333005054,-0.04267260198515006,-0.22014401492536823,0.7285060663160822,3.480170195925435,0.16876738905565986,17.140935666994945,0 days 03:00:00,0 days 09:26:51.940298507,4,9,115,67,23,44,4,0.3537277050753409,7.671794659718044,
A03,TREND FOLLOWING,5m,GROUP 3,,EMA20>EMA50; previous 6-bar return > 0; current candle closes bullish.,dev_avg_R<=0|dev_net_pnl<=0|dev_max_drawdown>60%|val_avg_R<=0|val_net_pnl<=0,,0.791016872325049,1.0276526663632015,1.0458435681965095,0.431640625,0.48028063060549714,True,True,True,True,1/8 months with trades were net-positive,0/4 months with trades were net-positive,0.006099392361111061,0.0040128827100909875,0.009486593678125713,0.00886083835177556,512,175,337,0.341796875,6.925226851547728,13.940518359076641,6.970260910844289,-13.985552418373203,-0.02731553206713517,-0.22459744824218197,0.7528240349034867,15.398046689359798,0.7196030533235206,6.014447581626788,0 days 04:05:00,0 days 08:17:25.898437500,5,9,12431,513,175,337,8,0.3654252820392323,42.59580820425995,,221,79,142,0.3574660633484163,4.40851921249925,7.470166894269747,3.7350845492642373,-6.796732231034734,-0.03075444448432006,-0.17766037104071786,0.773641626770872,6.925551753449964,0.3456114082358617,13.20326776896527,0 days 05:25:00,0 days 10:03:58.914027149,5,8,6418,221,79,142,4,0.34040843181922503,23.229690622582602,
A03,TREND FOLLOWING,15m,GROUP 3,,EMA20>EMA50; previous 6-bar return > 0; current candle closes bullish.,dev_avg_R<=0|dev_net_pnl<=0|dev_max_drawdown>60%|val_avg_R<=0|val_net_pnl<=0,,0.7776984140119467,1.0758174581471533,1.0621621621621622,0.4707379134860051,0.5315074358837564,False,False,True,True,1/8 months with trades were net-positive,1/4 months with trades were net-positive,0.011157016537118652,0.007415814049580036,0.016934187061480453,0.016436581541667633,393,128,265,0.3256997455470738,2.266869705931362,10.455519541816772,5.227760337625233,-13.416410173510643,-0.03413844827865303,-0.2728164236641167,0.6927574111087902,14.672667845909938,0.6919370531183724,6.5835898264893515,0 days 04:00:00,0 days 08:28:07.786259542,6,12,4248,394,128,265,8,0.3613518339605379,30.250746199335836,,185,64,121,0.34594594594594597,3.0059616225291808,6.499653589645421,3.249827546312757,-6.743519513428997,-0.03645145682934593,-0.2121688999999949,0.7452805171316612,7.532414754874829,0.3677696888959086,13.256480486571009,0 days 05:15:00,0 days 09:16:42.162162162,4,8,2238,186,64,121,4,0.3475331253949225,19.73077855553589,
A03,TREND FOLLOWING,1h,GROUP 3,,EMA20>EMA50; previous 6-bar return > 0; current candle closes bullish.,dev_avg_R<=0|dev_net_pnl<=0|val_avg_R<=0|val_net_pnl<=0,,0.566408649553112,1.2178697178842235,1.1219248445525818,0.5502008032128514,0.5124021826140203,True,False,True,True,0/8 months with trades were net-positive,0/4 months with trades were net-positive,0.02429507870376951,0.016989257279350706,0.03672959536504762,0.03709822949607159,249,81,168,0.3253012048192771,0.4341415254123,7.047644739603003,3.5238224783364913,-10.137325692527195,-0.04071215137561122,-0.27401025301204307,0.6608926537593675,10.218164001598412,0.5109082000799205,9.862674307472808,0 days 04:00:00,0 days 08:35:39.759036145,4,9,1037,249,81,168,8,0.32528325627003585,19.75682377049768,,137,50,87,0.36496350364963503,3.815737682941399,5.249050889867761,2.624526398868015,-4.057839605794378,-0.0296192671955794,-0.15520177737225785,0.8048811497856766,5.653551790438643,0.26179047683635187,15.942160394205622,0 days 03:00:00,0 days 09:38:58.686131387,4,9,649,137,50,87,4,0.370445783137063,16.73891888953883,
A04,TREND FOLLOWING,5m,GROUP 3,,EMA20>EMA50; close crosses back above EMA20 after prior close <= EMA20; close > previous candle high.,dev_avg_R<=0|dev_net_pnl<=0|val_avg_R<=0|val_net_pnl<=0,,1.5157442694116934,0.878831887613448,0.9146146466261591,0.4818181818181818,0.7444446366911858,True,True,False,True,1/8 months with trades were net-positive,0/4 months with trades were net-positive,0.006099392361111061,0.0040128827100909875,0.009486593678125713,0.00886083835177556,330,118,212,0.3575757575757576,6.464075026379758,10.462966050723939,5.231484641380165,-9.230375665724345,-0.027970835350679835,-0.17733178181817708,0.7798851659823387,10.147008629873307,0.48605703117849325,10.769624334275651,0 days 04:45:00,0 days 09:58:23.636363636,6,12,1594,331,118,212,8,0.35515332279429246,32.703988762362,,159,52,107,0.3270440251572327,0.984641732309604,5.429780929197385,2.7148907107588403,-7.160029907646621,-0.04503163463928694,-0.26878963207546663,0.6853879525419859,7.242710368093633,0.36184254998686977,12.83997009235338,0 days 05:45:00,0 days 10:51:06.037735849,6,7,795,159,52,107,4,0.34040843181922675,15.598252763019863,
A04,TREND FOLLOWING,15m,GROUP 3,,EMA20>EMA50; close crosses back above EMA20 after prior close <= EMA20; close > previous candle high.,dev_avg_R<=0|dev_net_pnl<=0|val_avg_R<=0|val_net_pnl<=0,,0.4123446100696724,1.2227525315485293,1.1393298059964725,0.5294117647058824,0.4118104259298873,True,True,True,True,2/8 months with trades were net-positive,2/4 months with trades were net-positive,0.011157016537118652,0.007415814049580036,0.016934187061480453,0.016436581541667633,187,63,124,0.33689839572192515,1.7024170144310757,6.103184059353165,3.051592455280492,-7.45235950020258,-0.039852189840655514,-0.2392708502673746,0.7057932369224056,7.546821191241783,0.37734105956208913,12.547640499797417,0 days 05:30:00,0 days 11:00:19.251336897,4,9,522,188,63,124,8,0.3268326939026678,17.877987845473793,,99,38,61,0.3838383838383838,3.764443852145597,3.875588457726989,1.9377951699742386,-2.0489397755556302,-0.02069636136924879,-0.09866204545453955,0.8630104671967024,3.3026824649183375,0.1553929824590989,17.95106022444437,0 days 06:45:00,0 days 11:04:05.454545455,3,5,279,99,38,61,4,0.36457975026880446,12.907967760567512,
A04,TREND FOLLOWING,1h,GROUP 3,,EMA20>EMA50; close crosses back above EMA20 after prior close <= EMA20; close > previous candle high.,dev_avg_R<=0|dev_net_pnl<=0|val_avg_R<=0|val_net_pnl<=0,,0.9193435432024442,1.012783224311416,1.012987012987013,0.5641025641025641,0.7714079569514214,True,True,True,True,1/8 months with trades were net-positive,0/4 months with trades were net-positive,0.02429507870376951,0.016989257279350706,0.03672959536504762,0.03709822949607159,78,28,50,0.358974358974359,1.9207980932904913,3.057757035435037,1.5288789979168558,-2.665837940061401,-0.03417740948796669,-0.17314226923076234,0.7822350092315453,4.750015091517856,0.21699667701704223,17.3341620599386,0 days 07:00:00,0 days 09:42:18.461538462,5,7,116,78,28,50,8,0.3754905666364516,9.575973430325206,,44,16,28,0.36363636363636365,1.1665421932674602,1.7358304443718537,0.8679155138213637,-1.437203764925757,-0.03266372193013084,-0.15917722727272057,0.7922344948187948,3.573397527331249,0.167392963282964,18.562796235074245,0 days 07:00:00,0 days 12:15:00,3,6,72,44,16,28,4,0.36258662455999097,5.480228287484881,
B01,BREAKOUT,5m,GROUP 3,,20-bar close breakout; EMA20>EMA50; volume > volume_ma20.,dev_avg_R<=0|dev_net_pnl<=0|dev_max_drawdown>60%|val_avg_R<=0|val_net_pnl<=0,,0.6784116781444858,1.0777178458608345,1.0833333333333333,0.46153846153846156,0.456478324376803,True,True,True,True,1/8 months with trades were net-positive,1/4 months with trades were net-positive,0.006099392361111061,0.0040128827100909875,0.009486593678125713,0.00886083835177556,429,142,287,0.331002331002331,4.352612513634153,11.992204302260522,5.996103239282778,-13.635695027909147,-0.03178483689489312,-0.2569325209790153,0.7236844030221301,15.097031260280504,0.7049482734070986,6.3643049720908405,0 days 04:10:00,0 days 08:33:00.419580420,5,11,2633,430,142,287,8,0.36480252255342194,35.71256897544796,,198,71,127,0.35858585858585856,4.28951150271652,6.941040117686733,3.4705211312208624,-6.122049746191075,-0.03091944316258119,-0.17430602272726708,0.7799275959080941,6.52971636404761,0.3217936066171928,13.877950253808926,0 days 05:32:30,0 days 09:40:21.212121212,3,7,1420,198,71,127,4,0.34634959956366396,21.696293818749513,
B01,BREAKOUT,15m,GROUP 3,,20-bar close breakout; EMA20>EMA50; volume > volume_ma20.,dev_avg_R<=0|dev_net_pnl<=0|val_avg_R<=0|val_net_pnl<=0,,0.6647414749765781,1.1094205555309262,1.0919540229885056,0.5263157894736842,0.47807037719234996,False,False,True,True,1/8 months with trades were net-positive,1/4 months with trades were net-positive,0.011157016537118652,0.007415814049580036,0.016934187061480453,0.016436581541667633,266,87,179,0.32706766917293234,1.7094588948567748,8.11917787187423,4.059589363301381,-10.469308340318836,-0.03935830203127382,-0.26871880639097157,0.6914519268950297,11.656516181264971,0.5501676421344073,9.53069165968117,0 days 04:15:00,0 days 08:41:16.691729323,7,11,769,266,87,179,8,0.36196870272761683,23.461573920472652,,140,50,90,0.35714285714285715,2.7766796882194504,4.949068994921728,2.474535191630513,-4.64692449833279,-0.033192317845234215,-0.17862853571427997,0.7671109808588132,5.352186703973302,0.2630188521942219,15.35307550166721,0 days 05:15:00,0 days 09:14:34.285714286,4,8,475,140,50,90,4,0.3490611388611413,15.306461519904659,
B01,BREAKOUT,1h,GROUP 3,,20-bar close breakout; EMA20>EMA50; volume > volume_ma20.,dev_avg_R<=0|dev_net_pnl<=0|val_avg_R<=0|val_net_pnl<=0,,0.944717614072454,1.0153782855692042,1.0126865671641792,0.5677966101694916,0.6339371704626288,True,False,True,True,0/8 months with trades were net-positive,0/4 months with trades were net-positive,0.02429507870376951,0.016989257279350706,0.03672959536504762,0.03709822949607159,118,40,78,0.3389830508474576,1.4283134514092894,4.277077140756315,2.138538927456277,-4.987302616803303,-0.042265276413587315,-0.23302626271185892,0.717472568273108,5.44672900372303,0.2662210025206415,15.012697383196699,0 days 03:00:00,0 days 06:00:00,3,8,179,118,40,78,8,0.3507238388440528,12.665151823883829,,67,23,44,0.34328358208955223,0.9884226040327913,2.564991126621559,1.2824958104162858,-2.859064333005054,-0.04267260198515006,-0.22014401492536823,0.7285060663160822,3.480170195925435,0.16876738905565986,17.140935666994945,0 days 03:00:00,0 days 09:26:51.940298507,4,9,115,67,23,44,4,0.3537277050753409,7.671794659718044,
B02,BREAKOUT,5m,GROUP 3,,50-bar close breakout; EMA20>EMA50.,dev_avg_R<=0|dev_net_pnl<=0|dev_max_drawdown>60%|val_avg_R<=0|val_net_pnl<=0,,0.7207943545299482,1.060688217974077,1.070780544342752,0.4847715736040609,0.48424929912878345,True,True,True,True,1/8 months with trades were net-positive,1/4 months with trades were net-positive,0.006099392361111061,0.0040128827100909875,0.009486593678125713,0.00886083835177556,394,131,263,0.33248730964467005,4.482265256455869,11.581100121581088,5.790551181356256,-12.889386046481475,-0.03271417778294791,-0.25248426522842105,0.7288689411757625,14.236640677091874,0.666907334148607,7.1106139535185235,0 days 04:37:30,0 days 08:51:44.314720812,5,9,2192,394,131,263,8,0.3656021740922854,34.649933507598476,,191,68,123,0.35602094240837695,3.959648368721647,6.736898662100686,3.3684503209620718,-6.145700614341111,-0.03217644300702152,-0.18198923298428799,0.773102698352372,6.553169479728748,0.32294940914530834,13.854299385658889,0 days 05:05:00,0 days 09:21:27.958115183,4,11,1247,191,68,123,4,0.34634959956366396,20.940124425065484,
B02,BREAKOUT,15m,GROUP 3,,50-bar close breakout; EMA20>EMA50.,dev_avg_R<=0|dev_net_pnl<=0|val_avg_R<=0|val_net_pnl<=0,,0.7185481228910044,1.0753772758858129,1.0733870967741936,0.512396694214876,0.4377658418668461,False,False,True,True,1/8 months with trades were net-positive,1/4 months with trades were net-positive,0.011157016537118652,0.007415814049580036,0.016934187061480453,0.016436581541667633,242,80,162,0.3305785123966942,2.2646463634232044,7.875346091370745,3.9376736118465403,-9.54837333979408,-0.03945608818096728,-0.2582020702479286,0.7076153628019998,11.081854152713213,0.5230445765154832,10.451626660205923,0 days 04:00:00,0 days 07:23:18.347107438,5,11,634,242,80,162,8,0.3619687027276182,23.108518045809085,,124,44,80,0.3548387096774194,2.3789072462842467,4.459460930266922,2.229731059860016,-4.310284743842692,-0.034760360837441065,-0.18553061290322034,0.7609534812249658,4.659345882703855,0.22897104937218848,15.68971525615731,0 days 04:22:30,0 days 09:23:49.838709677,4,10,395,124,44,80,4,0.34906113886113904,13.720869886353297,
B02,BREAKOUT,1h,GROUP 3,,50-bar close breakout; EMA20>EMA50.,dev_avg_R<=0|dev_net_pnl<=0|val_avg_R<=0|val_net_pnl<=0,,1.708868734311994,0.8427850307095447,0.8985221674876848,0.6041666666666666,0.8097428850402633,False,False,True,True,2/8 months with trades were net-positive,0/4 months with trades were net-positive,0.02429507870376951,0.016989257279350706,0.03672959536504762,0.03709822949607159,96,35,61,0.3645833333333333,2.597857514947499,3.7032139181606856,1.8516076085445055,-2.956964011757692,-0.030801708455809294,-0.15634057812499422,0.799006365759769,3.808385784173975,0.1833544169814453,17.04303598824231,0 days 03:00:00,0 days 06:26:52.500000,3,8,153,96,35,61,8,0.3546774796263143,11.754765655379318,,58,19,39,0.3275862068965517,0.2653618343189623,2.156506973204816,1.0782535529427382,-2.969398691828592,-0.05119652916945848,-0.26716552586206427,0.6733906045039686,2.9693986918286193,0.14846993459143096,17.030601308171406,0 days 03:00:00,0 days 10:17:35.172413793,4,9,96,58,19,39,4,0.3404084318192243,6.122191240294694,
B03,BREAKOUT,5m,GROUP 3,,20-bar close breakout; previous 12-bar range below DEVELOPMENT median; EMA20>EMA50.,dev_avg_R<=0|dev_net_pnl<=0|val_avg_R<=0|val_net_pnl<=0,,0.6914231941288794,1.097590116727176,1.0697674418604652,0.5217391304347826,0.5481601904834148,True,True,True,True,2/8 months with trades were net-positive,2/4 months with trades were net-positive,0.006099392361111061,0.0040128827100909875,0.009486593678125713,0.00886083835177556,253,86,167,0.33992094861660077,3.1440165588786524,8.169522498044387,4.084762035025904,-9.110267974191638,-0.036008964324868144,-0.23021678853754388,0.7283972741301125,10.217691690912785,0.4871883506369774,10.889732025808359,0 days 06:45:00,0 days 11:29:07.826086957,5,9,1562,254,86,167,8,0.35955031892714945,24.432355521258675,,132,48,84,0.36363636363636365,3.541804560583111,5.034002218642641,2.5170019947721842,-4.009199652831714,-0.030372724642664498,-0.15917722727272138,0.799481649136227,5.777740060057603,0.2670572590864662,15.990800347168285,0 days 08:47:30,0 days 12:15:36.363636364,7,9,894,132,48,84,4,0.36931898115869,15.984978613453045,
B03,BREAKOUT,15m,GROUP 3,,20-bar close breakout; previous 12-bar range below DEVELOPMENT median; EMA20>EMA50.,dev_avg_R<=0|dev_net_pnl<=0|val_avg_R<=0|val_net_pnl<=0,,0.7120717236042124,1.0739611117381926,1.0471698113207546,0.5945945945945946,0.581665220091864,True,True,True,True,3/8 months with trades were net-positive,2/4 months with trades were net-positive,0.011157016537118652,0.007415814049580036,0.016934187061480453,0.016436581541667633,148,53,95,0.3581081081081081,3.1941902665117543,5.337810310275003,2.668905953684761,-4.8125259974480095,-0.03251706755032439,-0.17573712499999436,0.7755022706543174,5.630170153215117,0.2704518393670111,15.187474002551989,0 days 06:30:00,0 days 11:51:41.351351351,6,8,440,148,53,95,8,0.35684504197468364,16.624332234813487,,88,33,55,0.375,2.9106211470995667,3.439775493562851,1.719888474436534,-2.2490428208998177,-0.02555730478295247,-0.12513743749999492,0.8328592807474035,3.3137384246062,0.15731242866966197,17.750957179100183,0 days 06:45:00,0 days 11:19:25.909090909,4,8,281,88,33,55,4,0.3600326996043402,11.2069410408238,
B03,BREAKOUT,1h,GROUP 3,,20-bar close breakout; previous 12-bar range below DEVELOPMENT median; EMA20>EMA50.,dev_avg_R<=0|dev_net_pnl<=0|val_avg_R<=0|val_net_pnl<=0,,2.2803819495772224,0.8641661403456805,0.9142857142857143,0.65625,0.888850971029988,True,False,True,True,4/8 months with trades were net-positive,1/4 months with trades were net-positive,0.02429507870376951,0.016989257279350706,0.03672959536504762,0.03709822949607159,64,25,39,0.390625,2.8664674564270642,2.648532835044978,1.3242671341392045,-1.1063325127571177,-0.017286445511829972,-0.07833272656249507,0.8904385207734865,3.4697754083031818,0.1551539011461525,18.893667487242883,0 days 03:00:00,0 days 07:28:07.500000,4,9,88,64,25,39,8,0.3832096513008184,8.991491289619859,,42,15,27,0.35714285714285715,0.939195795698413,1.6429341444471304,0.8214673070224284,-1.5252056557711458,-0.03631442037550346,-0.17862853571428197,0.7694868197119409,2.8563333990955684,0.13790869569284842,18.474794344228854,0 days 04:30:00,0 days 12:32:51.428571429,3,7,65,42,15,27,4,0.355282954509808,5.0913602770973485,
B04,BREAKOUT,5m,GROUP 3,,20-bar close breakout; close in the upper half of the candle range; EMA20>EMA50.,dev_avg_R<=0|dev_net_pnl<=0|dev_max_drawdown>60%|val_avg_R<=0|val_net_pnl<=0,,0.8499161446085639,1.0163130104367082,1.0337401292175161,0.46064814814814814,0.5195376229036212,True,True,True,True,1/8 months with trades were net-positive,1/4 months with trades were net-positive,0.006099392361111061,0.0040128827100909875,0.009486593678125713,0.00886083835177556,432,147,285,0.3402777777777778,5.742599614737049,12.417861666613929,6.208932268956236,-12.884194320833116,-0.0298245238908174,-0.22914790624999454,0.7452731637216153,14.333080432087826,0.6698335607456736,7.11580567916689,0 days 04:25:00,0 days 08:35:13.194444444,6,8,2823,433,147,285,8,0.36480252255342194,37.69624121188909,,199,70,129,0.35175879396984927,3.5290157573839185,6.818156739811546,3.409079252159345,-6.698220234586973,-0.03365939816375364,-0.19475650502512,0.7574308126196045,7.040475810924056,0.3480037358908756,13.301779765413025,0 days 05:55:00,0 days 09:59:37.386934673,3,8,1601,199,70,129,4,0.34634959956366385,20.91542808952135,
B04,BREAKOUT,15m,GROUP 3,,20-bar close breakout; close in the upper half of the candle range; EMA20>EMA50.,dev_avg_R<=0|dev_net_pnl<=0|val_avg_R<=0|val_net_pnl<=0,,0.6766107731484929,1.0866003133184228,1.0905797101449275,0.5348837209302325,0.446936406833515,False,False,True,True,2/8 months with trades were net-positive,0/4 months with trades were net-positive,0.011157016537118652,0.007415814049580036,0.016934187061480453,0.016436581541667633,258,84,174,0.32558139534883723,2.0949070421732134,8.306862601454153,4.153431824453359,-10.3653873837343,-0.0401759200919934,-0.2731709418604589,0.7001606284504478,12.130170421411018,0.5573301787760826,9.634612616265711,0 days 04:30:00,0 days 08:58:32.790697674,7,12,780,258,84,174,8,0.373345969249089,24.20441354056256,,138,49,89,0.35507246376811596,2.5994715732919373,4.879453849759116,2.439727574747165,-4.719709851214343,-0.034200796023292346,-0.18483040217390714,0.7607947582474803,5.068770990075537,0.24909114752206288,15.280290148785657,0 days 05:15:00,0 days 09:44:33.913043478,4,8,496,138,49,89,4,0.3490611388611413,15.011086249388363,
B04,BREAKOUT,1h,GROUP 3,,20-bar close breakout; close in the upper half of the candle range; EMA20>EMA50.,dev_avg_R<=0|dev_net_pnl<=0|val_avg_R<=0|val_net_pnl<=0,,0.9904456742890987,0.9972253360727943,1.0018939393939394,0.5739130434782609,0.6193444164988351,True,False,True,True,1/8 months with trades were net-positive,1/4 months with trades were net-positive,0.02429507870376951,0.016989257279350706,0.03672959536504762,0.03709822949607159,115,40,75,0.34782608695652173,1.9387416249276632,4.233345928833409,2.116673449101872,-4.411277753007618,-0.03835893698267495,-0.20653693478260332,0.7442920495981804,4.944606639110418,0.2416786544060515,15.588722246992381,0 days 03:00:00,0 days 06:04:10.434782609,4,8,177,115,40,75,8,0.3507238388440528,12.839956501053448,,66,23,43,0.3484848484848485,1.1272591405983128,2.5132272685462427,1.256613916087768,-2.642582044035698,-0.04003912187932876,-0.20456361363635914,0.7422268892968543,3.0481187086652,0.14968232519333957,17.3574179559643,0 days 04:00:00,0 days 09:44:32.727272727,4,9,113,66,23,43,4,0.3493160014762882,7.608999421646828,
C01,MEAN REVERSION,5m,GROUP 3,,"Close <= EMA20*(1-1%); RSI14 < 35; bullish reversal (prior bearish, current bullish).",dev_avg_R<=0|dev_net_pnl<=0|val_avg_R<=0|val_net_pnl<=0,,0.416344727415063,1.5864688111789036,1.4241071428571428,0.27586206896551724,0.3580522753649646,True,True,True,True,2/8 months with trades were net-positive,2/4 months with trades were net-positive,0.006099392361111061,0.0040128827100909875,0.009486593678125713,0.00886083835177556,116,28,88,0.2413793103448276,-3.786932890218145,3.635908465311929,1.8179532859225405,-9.240794641452615,-0.07966202277114322,-0.5253984137930982,0.4598793901156393,10.006334440115001,0.4818721081721921,10.759205358547383,0 days 00:50:00,0 days 03:53:50.172413793,2,10,139,116,28,88,8,0.3523944588470528,7.8679667580264,,32,11,21,0.34375,0.4968083103934966,1.272738461499916,0.6363693549519689,-1.4122995060583883,-0.044134359564324634,-0.21874685937499394,0.7295843093224375,3.7439126749951193,0.17253540476596574,18.58770049394161,0 days 01:50:00,0 days 03:52:39.375000,4,14,38,32,11,21,4,0.3700404385884454,3.8103985648992684,
C01,MEAN REVERSION,15m,GROUP 3,,"Close <= EMA20*(1-1%); RSI14 < 35; bullish reversal (prior bearish, current bullish).",dev_avg_R<=0|dev_net_pnl<=0|val_avg_R<=0|val_net_pnl<=0,,1.076880852930815,0.9747019091189025,0.9590792838874679,0.368,0.4671496966370683,False,False,False,True,1/8 months with trades were net-positive,1/4 months with trades were net-positive,0.011157016537118652,0.007415814049580036,0.016934187061480453,0.016436581541667633,125,34,91,0.272,-2.654824102708293,3.9000168020505908,1.9500077373190652,-8.504848642077949,-0.06803878913662359,-0.43367409199999496,0.521121207340988,9.744669516317105,0.46726877263182404,11.495151357922053,0 days 02:00:00,0 days 06:04:12,3,9,164,125,34,91,8,0.3523944588470529,9.255070511689775,,46,12,34,0.2608695652173913,-1.319104852384139,1.743891687894285,0.8719455141708329,-3.934942054449257,-0.08554221857498386,-0.46701532608695123,0.5079378356776084,4.485970189537273,0.21828446538293184,16.06505794555074,0 days 03:15:00,0 days 05:43:41.739130435,3,12,54,46,12,34,4,0.3507238388440511,4.0618972470808306,
C01,MEAN REVERSION,1h,GROUP 3,,"Close <= EMA20*(1-1%); RSI14 < 35; bullish reversal (prior bearish, current bullish).",dev_avg_R<=0|dev_net_pnl<=0|val_avg_R<=0|val_net_pnl<=0,,0.3516478212466527,2.2523891596506798,1.857142857142857,0.38461538461538464,0.2470145102596366,False,False,True,True,1/8 months with trades were net-positive,1/4 months with trades were net-positive,0.02429507870376951,0.016989257279350706,0.03672959536504762,0.03709822949607159,78,14,64,0.1794871794871795,-4.987481041308647,2.399796554428862,1.1998970303440373,-8.587174626081547,-0.11009198238566083,-0.7107963846153803,0.30401919033740954,8.682441603570641,0.4320640085696197,11.412825373918459,0 days 02:00:00,0 days 07:08:27.692307692,2,13,91,78,14,64,8,0.3447076368297528,3.751060145426859,,30,10,20,0.3333333333333333,0.2024777891942793,1.1352648005106283,0.5676324508747081,-1.5004194621910572,-0.050013982073035236,-0.2499499999999963,0.6847695286417579,2.1498949416313664,0.10672607947764004,18.499580537808942,0 days 06:00:00,0 days 08:02:00,1,4,37,30,10,20,4,0.34470763682975253,3.2593344274826133,
C02,MEAN REVERSION,5m,GROUP 4,,Close <= EMA20*(1-1%); RSI14 < 30; close > previous candle high.,dev_closed_trades<30|val_closed_trades<8|dev_avg_R<=0|dev_net_pnl<=0|val_avg_R<=0|val_net_pnl<=0,,2.499024546108064,0.0,0.0,0.08333333333333333,0.22408132220046775,False,True,False,True,2/7 months with trades were net-positive,0/1 months with trades were net-positive,0.006099392361111061,0.0040128827100909875,0.009486593678125713,0.00886083835177556,12,3,9,0.25,-0.46551930140381037,0.4792625158433155,0.23963114154180443,-1.1844129587889303,-0.0987010798990775,-0.49957512499999734,0.4714853211681147,2.0109315301498043,0.09655629784015336,18.81558704121107,0 days 00:50:00,0 days 02:20:25,2,7,12,12,3,9,7,0.3551533227942941,1.056608920502485,,1,0,1,0.0,-0.18981518231893085,0.03975034965034965,0.019875127371378393,-0.24944065934065893,-0.24944065934065893,-1.2484504999999977,0.0,0.43678267633388757,0.021636462886803733,19.75055934065934,0 days 04:00:00,0 days 04:00:00,0,1,1,1,0,1,1,,,
C02,MEAN REVERSION,15m,GROUP 4,,Close <= EMA20*(1-1%); RSI14 < 30; close > previous candle high.,dev_closed_trades<30|val_closed_trades<8|dev_avg_R<=0|dev_net_pnl<=0,VAL_ONE_BIG_WIN|VAL_ONE_MONTH_CONCENTRATION,-18.13525063700371,,2.5999999999999996,0.15384615384615385,0.23416178910970076,True,True,True,True,1/6 months with trades were net-positive,2/2 months with trades were net-positive,0.011157016537118652,0.007415814049580036,0.016934187061480453,0.016436581541667633,13,5,8,0.38461538461538464,0.4743311307604815,0.5001559715369743,0.25007810435124167,-0.2759029451277346,-0.02122330347136421,-0.09633453846153497,0.8574188736969226,1.4980108467039663,0.07490054233519831,19.724097054872264,0 days 05:15:00,0 days 14:00:00,3,4,13,13,5,8,6,0.33834070938206984,1.6591564297102914,,2,2,0,1.0,0.826319351770709,0.08140312235696173,0.040701767758313405,0.7042144616554339,0.35210723082771694,1.7470510000000106,,0.3604036061296654,0.017538844998496922,20.704214461655432,0 days 14:45:00,0 days 14:45:00,2,0,2,2,2,0,2,0.3551533227942928,0.7042144616554339,0.5043255174842834
C02,MEAN REVERSION,1h,GROUP 4,,Close <= EMA20*(1-1%); RSI14 < 30; close > previous candle high.,dev_closed_trades<30|val_closed_trades<8|dev_avg_R<=0|dev_net_pnl<=0,VAL_ONE_BIG_WIN|VAL_ONE_MONTH_CONCENTRATION,-0.19968773291372469,,,0.3333333333333333,0.27551195457740674,True,True,True,True,0/5 months with trades were net-positive,1/2 months with trades were net-positive,0.02429507870376951,0.016989257279350706,0.03672959536504762,0.03709822949607159,6,0,6,0.0,-1.1039654006214457,0.23118809644455923,0.11559377223091363,-1.4507472692969186,-0.24179121154948646,-1.248450499999993,0.0,1.4507472692969294,0.07253736346484647,18.54925273070308,0 days 01:00:00,0 days 01:30:00,0,6,6,6,0,6,5,,,,2,1,1,0.5,0.21466187193807898,0.0795965605223458,0.03979833392663794,0.09526697748909527,0.047633488744547633,0.24930025000000466,1.3819224088843918,0.4005286204746952,0.019984910788091625,20.095266977489096,0 days 10:30:00,0 days 10:30:00,1,1,2,2,1,1,2,0.34470763682975386,0.34470763682975386,3.6183328779294044
C03,MEAN REVERSION,5m,GROUP 3,,Position in previous 24-bar range <= 0.25; RSI14 < 40; bullish candle.,dev_avg_R<=0|dev_net_pnl<=0|dev_max_drawdown>60%|val_avg_R<=0|val_net_pnl<=0,,0.5357491479167892,1.1140221284900915,1.136393514460999,0.4426877470355731,0.4073569529439696,True,True,True,True,1/8 months with trades were net-positive,1/4 months with trades were net-positive,0.006099392361111061,0.0040128827100909875,0.009486593678125713,0.00886083835177556,506,163,343,0.3221343873517787,4.32993836428144,13.198418268365803,6.5992102166667586,-15.46769012075112,-0.030568557550891544,-0.2834964594861604,0.7162175991127908,16.69618243649593,0.7901245983355232,4.532309879248881,0 days 03:37:30,0 days 07:42:08.063241107,7,15,2253,507,163,343,8,0.3608676858746511,39.03776924668456,,224,82,142,0.36607142857142855,5.283751504142829,7.584689705273311,3.792346173574144,-6.093284374704625,-0.027202162387074225,-0.151882986607137,0.7978822542256943,6.437254976480732,0.3218627488240366,13.906715625295375,0 days 04:25:00,0 days 09:01:40.446428571,6,9,1280,225,82,142,4,0.33616284663531915,24.05391695767456,
C03,MEAN REVERSION,15m,GROUP 3,,Position in previous 24-bar range <= 0.25; RSI14 < 40; bullish candle.,dev_avg_R<=0|dev_net_pnl<=0|dev_max_drawdown>60%|val_avg_R<=0|val_net_pnl<=0,,0.4489061943283152,1.3942094868265436,1.2854030501089326,0.4610169491525424,0.3771049999603977,False,False,True,True,1/8 months with trades were net-positive,1/4 months with trades were net-positive,0.011157016537118652,0.007415814049580036,0.016934187061480453,0.016436581541667633,295,81,214,0.2745762711864407,-3.78797309913653,7.116746913232306,3.5583725096224783,-14.463092521991314,-0.049027432277936656,-0.4259568677966051,0.5475206535947601,14.96364999283304,0.7340097211173797,5.536907478008688,0 days 03:45:00,0 days 07:42:06.101694915,4,21,732,296,81,214,8,0.3463495995636634,17.50100183257882,,136,48,88,0.35294117647058826,2.728883226856615,5.014021793557875,2.5070115789994705,-4.792150145700729,-0.035236398130152426,-0.19121467647058327,0.7633584894752842,5.602663673480862,0.276798735852901,15.207849854299269,0 days 05:22:30,0 days 10:04:44.558823529,4,8,391,137,48,88,4,0.3447076368297543,15.458524112906229,
C03,MEAN REVERSION,1h,GROUP 3,,Position in previous 24-bar range <= 0.25; RSI14 < 40; bullish candle.,dev_avg_R<=0|dev_net_pnl<=0|val_avg_R<=0|val_net_pnl<=0,,0.7727680010501472,1.1557169471705564,1.1358024691358024,0.391304347826087,0.4903778211170675,False,False,False,True,1/8 months with trades were net-positive,0/4 months with trades were net-positive,0.02429507870376951,0.016989257279350706,0.03672959536504762,0.03709822949607159,138,36,102,0.2608695652173913,-3.4840687090785787,4.100341542485102,2.0501699002251392,-9.63458015178882,-0.06981579820136827,-0.4670153260869512,0.4919396583142928,9.634580151788809,0.48172900758944043,10.365419848211177,0 days 03:00:00,0 days 08:04:20.869565217,3,11,216,138,36,102,8,0.3283895120473036,9.32887627510328,,54,16,38,0.2962962962962963,-0.78877868138604,1.8919171107130945,0.9459583581617728,-3.626654150260907,-0.06716026204186866,-0.3608944999999959,0.5685430000991211,4.845645998112877,0.23622922111059708,16.373345849739092,0 days 04:30:00,0 days 07:00:00,3,10,88,54,16,38,4,0.3507238388440493,4.778943976769317,
C04,MEAN REVERSION,5m,GROUP 3,,"6-bar return <= -1%; RSI14 < 35; bullish reversal (prior bearish, current bullish).",dev_avg_R<=0|dev_net_pnl<=0|val_avg_R<=0|val_net_pnl<=0,,0.7179243626146249,1.1766377779635355,1.1261261261261262,0.296,0.43226133496842023,True,True,False,True,2/8 months with trades were net-positive,2/4 months with trades were net-positive,0.006099392361111061,0.0040128827100909875,0.009486593678125713,0.00886083835177556,125,36,89,0.288,-1.671067176454896,4.084366899314983,2.0421830318904592,-7.797617107660338,-0.062380936861282696,-0.38574606799999445,0.5699780702568015,8.621374340892825,0.4140162721035776,12.202382892339662,0 days 01:00:00,0 days 04:15:50.400000,4,8,140,125,36,89,8,0.3568450419746833,10.335451390304259,,37,12,25,0.32432432432432434,0.15886874626580624,1.448494290609898,0.7242471850220535,-2.0138727293661454,-0.05442899268557151,-0.27693649999999376,0.6706577300749068,3.834958672767147,0.17896322647814117,17.986127270633855,0 days 02:05:00,0 days 06:32:42.162162162,2,8,45,38,12,25,4,0.36369288594034094,4.100959508306195,
C04,MEAN REVERSION,15m,GROUP 3,,"6-bar return <= -1%; RSI14 < 35; bullish reversal (prior bearish, current bullish).",dev_avg_R<=0|dev_net_pnl<=0|val_avg_R<=0|val_net_pnl<=0,,0.44411366851414696,1.5494055040103332,1.3940000000000001,0.4065040650406504,0.2736174337538819,False,True,False,True,1/8 months with trades were net-positive,1/4 months with trades were net-positive,0.011157016537118652,0.007415814049580036,0.016934187061480453,0.016436581541667633,123,30,93,0.24390243902439024,-3.8318127496242735,3.805068725204163,1.902533404648681,-9.539414879477118,-0.07755621853233428,-0.5178403780487746,0.46556526461196074,10.744559271542661,0.5152147042931328,10.460585120522882,0 days 02:15:00,0 days 06:34:16.097560976,2,13,138,123,30,93,8,0.35407303659596795,8.31012641680632,,50,17,33,0.34,0.6937527600772232,1.9704977268505304,0.9852490368633463,-2.2619940036366537,-0.04523988007273307,-0.22997998999999403,0.7213493834657991,2.9109138554608194,0.1409717252209521,17.738005996363345,0 days 04:45:00,0 days 08:32:42,3,10,56,50,17,33,4,0.35192231207293245,5.8556769054425,
C04,MEAN REVERSION,1h,GROUP 3,,"6-bar return <= -1%; RSI14 < 35; bullish reversal (prior bearish, current bullish).",dev_avg_R<=0|dev_net_pnl<=0|val_avg_R<=0|val_net_pnl<=0,,0.4388554166551351,2.3670105740636473,1.990909090909091,0.410958904109589,0.29158276512362435,False,False,False,True,1/8 months with trades were net-positive,1/4 months with trades were net-positive,0.02429507870376951,0.016989257279350706,0.03672959536504762,0.03709822949607159,73,11,62,0.1506849315068493,-5.560813734050703,2.2188246178968685,1.1094109187448837,-8.889049270692455,-0.12176779822866379,-0.7970735616438311,0.24713437932755952,8.889049270692468,0.44445246353462337,11.110950729307547,0 days 02:00:00,0 days 08:01:38.630136986,2,18,80,73,11,62,8,0.32939143713301516,2.917904090722802,,30,9,21,0.3,-0.3673212918434301,1.1181357147423734,0.5590677655408098,-2.0445247721266133,-0.06815082573755378,-0.34980004999999603,0.5849696890829899,2.6003510945625123,0.1295946782834323,17.955475227873386,0 days 06:00:00,0 days 08:08:00,1,6,37,30,9,21,4,0.3404084318192238,2.8816811418685173,
D01,MOMENTUM,5m,GROUP 3,,6-bar return > 0.5%; EMA20>EMA50; bullish candle.,dev_avg_R<=0|dev_net_pnl<=0|dev_max_drawdown>60%|val_avg_R<=0|val_net_pnl<=0,,0.9302184546782691,0.9997829008625025,1.0155984555984556,0.45012165450121655,0.5392814806062955,True,True,True,True,1/8 months with trades were net-positive,0/4 months with trades were net-positive,0.006099392361111061,0.0040128827100909875,0.009486593678125713,0.00886083835177556,411,140,271,0.340632603406326,5.445400769251106,11.953567594353053,5.976785158526072,-12.48495198362802,-0.03037701212561562,-0.22808502554744028,0.7437615076533235,13.887204447073081,0.6505007682623453,7.515048016371983,0 days 03:40:00,0 days 07:34:16.204379562,5,12,2238,412,140,271,8,0.3648025225534178,36.238999946031996,,185,64,121,0.34594594594594597,2.934398676391627,6.451944970814207,3.225973219006384,-6.743519513428963,-0.036451456829345745,-0.21216889999999344,0.7436000376715082,7.11836455559745,0.3508030174440503,13.256480486571043,0 days 04:50:00,0 days 08:14:04.864864865,5,10,1078,185,64,121,4,0.34634959956366396,19.55726248430539,
D01,MOMENTUM,15m,GROUP 3,,6-bar return > 0.5%; EMA20>EMA50; bullish candle.,dev_avg_R<=0|dev_net_pnl<=0|dev_max_drawdown>60%|val_avg_R<=0|val_net_pnl<=0,,0.4835506079343274,1.1983245652191419,1.125569290826285,0.4595375722543353,0.42782986249362565,True,False,True,True,2/8 months with trades were net-positive,1/4 months with trades were net-positive,0.011157016537118652,0.007415814049580036,0.016934187061480453,0.016436581541667633,346,116,230,0.3352601156069364,2.5601289058330505,9.506969169728208,4.753485224895815,-11.700325488790972,-0.03381596962078316,-0.24417832080924326,0.7037578273216134,12.857232379108437,0.6114093400702112,8.299674511209039,0 days 04:00:00,0 days 07:57:34.335260116,6,9,1540,346,116,230,8,0.3551533227942911,27.795487625884483,,159,60,99,0.37735849056603776,5.393320843174718,6.059805041730614,3.0299038691951914,-3.696388067751088,-0.02324772369654772,-0.11807257547169281,0.8433302924447403,5.641419898839359,0.26157917388955687,16.303611932248913,0 days 05:00:00,0 days 08:21:07.924528302,3,8,822,160,60,99,4,0.3699494507541211,19.897120373868482,
D01,MOMENTUM,1h,GROUP 3,,6-bar return > 0.5%; EMA20>EMA50; bullish candle.,dev_avg_R<=0|dev_net_pnl<=0|val_avg_R<=0|val_net_pnl<=0,,0.910351906076734,1.0773692106672141,1.0296067167476801,0.5321888412017167,0.5926470017030465,False,False,True,True,0/8 months with trades were net-positive,0/4 months with trades were net-positive,0.02429507870376951,0.016989257279350706,0.03672959536504762,0.03709822949607159,233,73,160,0.3133047210300429,-0.7737271656060831,6.487669198732361,3.2438344059340123,-10.505230770272457,-0.045086827340225136,-0.30994573819741994,0.6249765037815831,10.790414612539367,0.5395207306269684,9.494769229727536,0 days 03:00:00,0 days 07:32:11.330472103,4,12,661,233,73,160,8,0.33355150246800136,17.50696280213805,,124,40,84,0.3225806451612903,0.5415971456980238,4.411920742516661,2.20596050665736,-6.076284103475998,-0.049002291157064504,-0.2821596935483816,0.6733304425647194,6.544671582590421,0.3197453433627098,13.923715896524003,0 days 03:00:00,0 days 09:12:05.806451613,4,12,388,124,40,84,4,0.3511080238717431,12.524420997977552,
D02,MOMENTUM,5m,GROUP 3,,12-bar return > 1%; EMA20>EMA50.,dev_avg_R<=0|dev_net_pnl<=0|val_avg_R<=0|val_net_pnl<=0,,1.2723626638256647,0.93298534669117,0.9636470674810508,0.436426116838488,0.6042574803657863,True,True,True,True,2/8 months with trades were net-positive,1/4 months with trades were net-positive,0.006099392361111061,0.0040128827100909875,0.009486593678125713,0.00886083835177556,291,107,184,0.36769759450171824,8.113437334865122,10.307625978427849,5.1538150175726685,-7.3480036611353965,-0.025250871687750507,-0.1470118041237057,0.8189166279506318,8.959791434492443,0.41512298994361624,12.651996338864603,0 days 03:15:00,0 days 07:28:58.144329897,4,9,2019,291,107,184,8,0.3682861631079268,33.230010642310035,,127,45,82,0.3543307086614173,2.5461085099428953,4.652181186921424,2.326091229987562,-4.432163906966091,-0.0348989284013078,-0.18705233070865504,0.764037214039684,5.158224904877736,0.2508411719452412,15.567836093033911,0 days 03:00:00,0 days 07:19:48.188976378,3,7,887,127,45,82,4,0.35072383884405134,14.35115350865167,
D02,MOMENTUM,15m,GROUP 3,,12-bar return > 1%; EMA20>EMA50.,dev_avg_R<=0|dev_net_pnl<=0|val_avg_R<=0|val_net_pnl<=0,,0.9144704705196514,1.0157508650114484,1.0221606648199446,0.4634146341463415,0.5245748463065282,False,False,False,True,0/8 months with trades were net-positive,1/4 months with trades were net-positive,0.011157016537118652,0.007415814049580036,0.016934187061480453,0.016436581541667633,287,95,192,0.3310104529616725,2.1901803002023588,8.594898192965008,4.297449644027124,-10.702167536789773,-0.03728978235815252,-0.25690819163762524,0.7007137890005036,11.856743145760765,0.56383234652513,9.297832463210229,0 days 03:30:00,0 days 06:42:10.662020906,4,14,1778,287,95,192,8,0.35745421713416287,25.056805457818992,,133,45,88,0.3383458646616541,1.4315767845979361,4.661993412474436,2.3309970641311515,-5.561413692007651,-0.041815140541410924,-0.23493495488721192,0.7117506373027112,5.998255545703046,0.2957722665210692,14.438586307992347,0 days 03:30:00,0 days 07:44:53.233082707,4,7,920,133,45,88,4,0.34470763682975514,13.732345156118882,
D02,MOMENTUM,1h,GROUP 3,,12-bar return > 1%; EMA20>EMA50.,dev_avg_R<=0|dev_net_pnl<=0|val_avg_R<=0|val_net_pnl<=0,,1.1254806481427477,0.992021970390295,0.9761583445793973,0.5391705069124424,0.7259218583071688,True,False,True,True,1/8 months with trades were net-positive,1/4 months with trades were net-positive,0.02429507870376951,0.016989257279350706,0.03672959536504762,0.03709822949607159,217,76,141,0.35023041474654376,2.834249123696289,6.760352860395082,3.380177138759469,-7.306280875458263,-0.03366949712192748,-0.19933476728110147,0.7358448756636573,7.665018501526738,0.3832509250763369,12.693719124541737,0 days 04:00:00,0 days 08:09:24.055299539,3,9,1010,217,76,141,8,0.33355150246800125,20.352773226991562,,117,40,77,0.3418803418803419,1.6982668929177114,4.33064365741967,2.165322253276325,-4.797699017778284,-0.04100597451092552,-0.22434742307691785,0.729974283457463,5.811578694804279,0.278210223729356,15.202300982221715,0 days 04:00:00,0 days 08:54:52.307692308,4,6,595,118,40,77,4,0.3583258684820166,12.969864306222762,
D03,MOMENTUM,5m,GROUP 3,,Three consecutive bullish candles; EMA20>EMA50.,dev_avg_R<=0|dev_net_pnl<=0|dev_max_drawdown>60%|val_avg_R<=0|val_net_pnl<=0,,0.9678419573309396,0.9732324170923716,1.0065800032097578,0.4486607142857143,0.5392978497291668,True,True,True,True,1/8 months with trades were net-positive,0/4 months with trades were net-positive,0.006099392361111061,0.0040128827100909875,0.009486593678125713,0.00886083835177556,448,155,293,0.34598214285714285,7.571216582890572,13.453122969144653,6.726563377375763,-12.608469763629845,-0.028143905722388052,-0.21206047209820916,0.7674990596032356,14.359764600235621,0.6614591764503917,7.3915302363701425,0 days 04:02:30,0 days 08:56:02.276785714,5,12,4593,449,155,293,8,0.3719830496552252,41.62128837030892,,201,70,131,0.3482587064676617,3.2080477602693582,6.823999034096067,3.41200031905959,-7.027951592886298,-0.03496493329794178,-0.20524102238805386,0.7469549648937792,7.148222199828801,0.35672351154332177,12.9720484071137,0 days 05:30:00,0 days 10:25:49.253731343,4,8,2442,201,70,131,4,0.3404084318192234,20.745569392957865,
D03,MOMENTUM,15m,GROUP 3,,Three consecutive bullish candles; EMA20>EMA50.,dev_avg_R<=0|dev_net_pnl<=0|val_avg_R<=0|val_net_pnl<=0,,0.5430184219018784,1.1107946087053806,1.0783613802481726,0.5096153846153846,0.4018573924360892,True,False,True,True,2/8 months with trades were net-positive,1/4 months with trades were net-positive,0.011157016537118652,0.007415814049580036,0.016934187061480453,0.016436581541667633,312,111,201,0.3557692307692308,5.880436936218721,9.95123089887697,4.975616919547128,-9.046410882205377,-0.02899490667373519,-0.18274323557691688,0.7738162267097312,10.622212923915223,0.4977746531691891,10.953589117794621,0 days 04:00:00,0 days 09:00:11.538461538,8,10,1458,312,111,201,8,0.3660491046464714,30.9494329867349,,159,61,98,0.3836477987421384,5.64606065374173,5.898932309030775,2.9494675660302274,-3.2023392213192716,-0.020140498247291017,-0.09923294339622062,0.85955089275791,4.102868688805291,0.20003442414334902,16.79766077868073,0 days 05:15:00,0 days 09:15:45.283018868,4,7,805,159,61,98,4,0.3518357792357447,19.598369762892677,
D03,MOMENTUM,1h,GROUP 3,,Three consecutive bullish candles; EMA20>EMA50.,dev_avg_R<=0|dev_net_pnl<=0|val_avg_R<=0|val_net_pnl<=0,,0.5693996449407555,1.349725082799393,1.1858178053830228,0.5316455696202531,0.4388167553360598,True,False,True,True,1/8 months with trades were net-positive,1/4 months with trades were net-positive,0.02429507870376951,0.016989257279350706,0.03672959536504762,0.03709822949607159,158,46,112,0.2911392405063291,-2.432277574066938,4.465228760691286,2.2326137722760264,-9.130120107034251,-0.057785570297685135,-0.376342468354426,0.5452780268625194,9.568517869017917,0.47586465810852907,10.86987989296575,0 days 04:00:00,0 days 08:07:12.911392405,2,9,337,158,46,112,8,0.31177848004555503,10.948346838467527,,84,29,55,0.34523809523809523,1.335558620949,3.1810635050679457,1.5905320864234525,-3.4360369705423977,-0.040905202030266645,-0.21428926785713764,0.7359754299557035,4.371738439030253,0.20881738525028815,16.563963029457604,0 days 06:00:00,0 days 11:12:08.571428571,3,7,212,84,29,55,4,0.3540730365959664,9.578043385562035,
D04,MOMENTUM,5m,GROUP 3,,12-bar return > 0; close > previous candle high; EMA20>EMA50.,dev_avg_R<=0|dev_net_pnl<=0|dev_max_drawdown>60%|val_avg_R<=0|val_net_pnl<=0,,0.7974985688381865,1.0308752465096345,1.0506912442396314,0.43313373253493015,0.4957839994117835,True,False,True,True,1/8 months with trades were net-positive,1/4 months with trades were net-positive,0.006099392361111061,0.0040128827100909875,0.009486593678125713,0.00886083835177556,501,167,334,0.3333333333333333,4.932716415450899,12.99653286856155,6.498267667459199,-14.562084120569851,-0.029066036168802094,-0.24994999999999415,0.7272531294745372,15.980488703192442,0.7468225481070694,5.437915879430152,0 days 04:10:00,0 days 08:17:43.473053892,5,13,7963,502,167,334,8,0.3613518339605376,38.82838775731144,,217,76,141,0.35023041474654376,3.4660426226721244,7.181548421080086,3.590775077050278,-7.3062808754582385,-0.033669497121927364,-0.19933476728110006,0.7497072491219667,7.419527309075525,0.37026266975142197,12.69371912454176,0 days 05:25:00,0 days 10:01:27.096774194,5,8,4158,217,76,141,4,0.34040843181922503,21.88465993216652,
D04,MOMENTUM,15m,GROUP 3,,12-bar return > 0; close > previous candle high; EMA20>EMA50.,dev_avg_R<=0|dev_net_pnl<=0|dev_max_drawdown>60%|val_avg_R<=0|val_net_pnl<=0,,0.789071154260458,1.0794185756558594,1.0520861252568572,0.4945652173913043,0.5418013163006749,False,False,True,True,2/8 months with trades were net-positive,0/4 months with trades were net-positive,0.011157016537118652,0.007415814049580036,0.016934187061480453,0.016436581541667633,368,123,245,0.3342391304347826,2.8546461548572553,10.062607788614294,5.031304607968098,-12.239266241725137,-0.03325887565686179,-0.24723668342390753,0.7067965035405442,13.444472379746257,0.6340175281597578,7.76073375827486,0 days 04:00:00,0 days 08:29:20.869565217,6,10,2469,368,123,245,8,0.3613518339605379,29.50398167147832,,182,64,118,0.3516483516483517,3.530769792212036,6.510432105684142,3.2552169355341753,-6.2348792490062825,-0.03425757829124331,-0.19508733516483018,0.7629292751302759,7.124431409859978,0.34351153131465695,13.765120750993715,0 days 04:52:30,0 days 08:52:25.054945055,4,9,1376,182,64,118,4,0.35085185378853884,20.064779860875348,
D04,MOMENTUM,1h,GROUP 3,,12-bar return > 0; close > previous candle high; EMA20>EMA50.,dev_avg_R<=0|dev_net_pnl<=0|val_avg_R<=0|val_net_pnl<=0,,0.9588672217629973,1.0159845010689805,1.013826043237808,0.536697247706422,0.6305167978847608,False,False,True,True,0/8 months with trades were net-positive,0/4 months with trades were net-positive,0.02429507870376951,0.016989257279350706,0.03672959536504762,0.03709822949607159,218,68,150,0.3119266055045872,-0.4761811359300333,6.43434406977495,3.2171719158418233,-10.127697121546806,-0.04645732624562755,-0.3140738853210952,0.633844196846423,10.230236768090228,0.5115118384045114,9.872302878453198,0 days 04:00:00,0 days 08:02:12.110091743,4,10,548,218,68,150,8,0.3420299159397886,17.531832057890885,,117,37,80,0.3162393162393162,-0.09127769021009666,4.005823532172879,2.00291174326679,-6.100012965649766,-0.052136862954271494,-0.30115515384614877,0.6439758800884818,6.617107952351795,0.32251680643095976,13.899987034350236,0 days 05:00:00,0 days 09:39:29.230769231,6,8,336,117,37,80,4,0.3507238388440494,11.033694062867813,
E01,VOLATILITY / REGIME,5m,GROUP 3,,Previous 12-bar range < DEVELOPMENT median; EMA20>EMA50; close > previous 12-bar high.,dev_avg_R<=0|dev_net_pnl<=0|val_avg_R<=0|val_net_pnl<=0,,0.8989210503453636,1.023358920493394,1.0248447204968945,0.509090909090909,0.5694100740880632,True,True,True,True,2/8 months with trades were net-positive,1/4 months with trades were net-positive,0.006099392361111061,0.0040128827100909875,0.009486593678125713,0.00886083835177556,275,92,183,0.33454545454545453,2.8549443877206366,8.647884409915141,4.32394291869322,-10.116882940887725,-0.03678866523959172,-0.24631908909090364,0.7166585340588708,11.097138150474994,0.5320313504996245,9.883117059112282,0 days 06:45:00,0 days 11:22:34.909090909,5,9,1999,276,92,183,8,0.3556721336205503,25.58873786291563,,140,48,92,0.34285714285714286,2.068508175889805,5.070182025498564,2.535091529876041,-5.5367653794848,-0.039548324139177145,-0.2214214142857083,0.7333989037768642,6.2332363938166555,0.30294401070516347,14.4632346205152,0 days 08:22:30,0 days 12:12:27.857142857,7,9,1134,140,48,92,4,0.3512361790445818,15.231211414019162,
E01,VOLATILITY / REGIME,15m,GROUP 3,,Previous 12-bar range < DEVELOPMENT median; EMA20>EMA50; close > previous 12-bar high.,dev_avg_R<=0|dev_net_pnl<=0|val_avg_R<=0|val_net_pnl<=0,,0.897776976987019,1.0333319608209564,1.0190900981266726,0.5654761904761905,0.5942316116045068,False,False,True,True,2/8 months with trades were net-positive,2/4 months with trades were net-positive,0.011157016537118652,0.007415814049580036,0.016934187061480453,0.016436581541667633,168,59,109,0.35119047619047616,2.7957744458372358,5.774550556311033,2.887275977098789,-5.866052087572587,-0.034916976711741585,-0.19645890178570888,0.7500425205202029,6.707511055450933,0.321835005207112,14.133947912427415,0 days 06:30:00,0 days 11:53:39.642857143,5,8,603,168,59,109,8,0.3551533227942912,17.602147782984655,,95,34,61,0.35789473684210527,2.144459541471159,3.5958491212664585,1.7979250967479201,-3.2493146765432197,-0.034203312384665466,-0.17637627894736338,0.7750429084282336,3.9609958012114177,0.191244533814967,16.75068532345678,0 days 07:00:00,0 days 11:24:18.947368421,4,8,360,95,34,61,4,0.35278047388206635,11.194838445460565,
E01,VOLATILITY / REGIME,1h,GROUP 3,,Previous 12-bar range < DEVELOPMENT median; EMA20>EMA50; close > previous 12-bar high.,dev_avg_R<=0|dev_net_pnl<=0|val_avg_R<=0|val_net_pnl<=0,,5.356268026251388,0.7308047068652032,0.8173076923076923,0.65,1.0438383752647853,False,False,True,True,4/8 months with trades were net-positive,1/4 months with trades were net-positive,0.02429507870376951,0.016989257279350706,0.03672959536504762,0.03709822949607159,80,32,48,0.4,4.020021906916725,3.3143242690067543,1.657163139508668,-0.9514655015986975,-0.011893318769983724,-0.05024989999999509,0.9236028177826304,3.6103612138394183,0.1611651853472709,19.048534498401303,0 days 04:00:00,0 days 07:34:30,5,5,121,80,32,48,8,0.3820440248775377,11.502730765634492,,52,17,35,0.3269230769230769,0.2580504865774189,1.9731621609919197,0.9865811450084703,-2.701692819422971,-0.05195563114274944,-0.2691519326923033,0.6749732865095108,3.4037786022514815,0.16823040522214322,17.29830718057703,0 days 05:00:00,0 days 13:24:13.846153846,3,10,88,52,17,35,4,0.347067491955078,5.610524937724632,
E02,VOLATILITY / REGIME,5m,GROUP 3,,Previous 24-bar range < DEVELOPMENT median; EMA20>EMA50; close > previous 24-bar high.,dev_avg_R<=0|dev_net_pnl<=0|val_avg_R<=0|val_net_pnl<=0,,0.502308450694333,1.1888945777759556,1.1394009216589862,0.4806201550387597,0.4712183948337694,True,True,True,True,1/8 months with trades were net-positive,1/4 months with trades were net-positive,0.006099392361111061,0.0040128827100909875,0.009486593678125713,0.00886083835177556,258,84,174,0.32558139534883723,1.6646069993168529,8.01999597793319,4.009998405117956,-10.365387383734294,-0.04017592009199339,-0.2731709418604603,0.6908297240786863,11.29437341951183,0.5427415304301169,9.634612616265708,0 days 06:25:00,0 days 11:21:26.046511628,5,12,1571,259,84,174,8,0.35675729870618617,23.16108068582995,,124,46,78,0.3709677419354839,3.7960624092450104,4.760697945560005,2.3803499217953403,-3.3449854581103358,-0.02697568917830916,-0.13721607258063956,0.8213237131236096,5.675378115613199,0.2557497927789031,16.655014541889663,0 days 08:35:00,0 days 12:59:38.225806452,8,9,899,124,46,78,4,0.37755462485340313,15.3759400580127,
E02,VOLATILITY / REGIME,15m,GROUP 3,,Previous 24-bar range < DEVELOPMENT median; EMA20>EMA50; close > previous 24-bar high.,dev_avg_R<=0|dev_net_pnl<=0|val_avg_R<=0|val_net_pnl<=0,,0.3167275153762928,1.2997464133579306,1.1884753901560625,0.5666666666666667,0.3554848363666333,True,True,True,True,2/8 months with trades were net-positive,1/4 months with trades were net-positive,0.011157016537118652,0.007415814049580036,0.016934187061480453,0.016436581541667633,150,49,101,0.32666666666666666,0.6230307770092803,4.986083041811244,2.4930416766630263,-6.85609394146499,-0.045707292943099935,-0.2699200099999939,0.6737799333929722,7.205155080326163,0.3540780103395674,13.143906058535013,0 days 06:00:00,0 days 10:53:54,4,11,417,150,49,101,8,0.3490611388611418,14.160681674990256,,85,33,52,0.38823529411764707,3.364459966821571,3.288274869508643,1.644138275869139,-1.5679531785562109,-0.01844650798301424,-0.08549109411764216,0.875743051820061,2.5773077637988457,0.1258693635665842,18.432046821443787,0 days 06:45:00,0 days 10:48:31.764705882,4,5,288,85,33,52,4,0.3490611388611413,11.050682652460862,
E02,VOLATILITY / REGIME,1h,GROUP 3,,Previous 24-bar range < DEVELOPMENT median; EMA20>EMA50; close > previous 24-bar high.,dev_net_pnl<=0|val_avg_R<=0|val_net_pnl<=0,,-35.837562720700625,0.6611972966457335,0.7733887733887734,0.5967741935483871,1.354044840774287,False,False,True,True,5/8 months with trades were net-positive,1/4 months with trades were net-positive,0.02429507870376951,0.016989257279350706,0.03672959536504762,0.03709822949607159,62,26,36,0.41935483870967744,3.8117299841223207,2.567148312244827,1.2835751090547605,-0.03899343717726614,-0.0006289264060849355,0.007727548387101413,0.9958309622409867,2.0317591254141014,0.09384412181536744,19.961006562822732,0 days 04:30:00,0 days 09:41:36.774193548,4,7,91,62,26,36,8,0.3708074359105496,9.314108988667172,,37,12,25,0.32432432432432434,0.06866362302170978,1.3883575568146913,0.6941787955731743,-2.013872729366156,-0.054428992685571775,-0.27693649999999587,0.6584407401498599,2.54138297962184,0.127069148981092,17.986127270633844,0 days 05:00:00,0 days 10:43:47.027027027,2,5,56,37,12,25,4,0.33616284663532175,3.8822424286586825,
E03,VOLATILITY / REGIME,5m,GROUP 3,,Current candle range > median of previous 20 candle ranges; EMA20>EMA50; bullish candle.,dev_avg_R<=0|dev_net_pnl<=0|dev_max_drawdown>60%|val_avg_R<=0|val_net_pnl<=0,,0.960919602636857,1.003966524654764,1.0100636377090426,0.4438095238095238,0.5884054352383764,True,False,False,True,1/8 months with trades were net-positive,0/4 months with trades were net-positive,0.006099392361111061,0.0040128827100909875,0.009486593678125713,0.00886083835177556,525,174,351,0.3314285714285714,3.4594121714569175,12.333768092637527,6.166884911171163,-15.041240832351772,-0.028649982537812896,-0.25565571714285185,0.7061192553644178,16.571024234776008,0.7701073432552034,4.9587591676482266,0 days 03:55:00,0 days 08:06:50.857142857,5,11,9048,526,174,351,8,0.36716593014513005,36.14020302509865,,233,78,155,0.33476394849785407,2.1858305125095643,7.44172602734666,3.720863560130538,-8.976759074967633,-0.038526862982693706,-0.24566459012874992,0.7089200948000244,9.080175649991471,0.45313534648834763,11.02324092503237,0 days 04:40:00,0 days 09:25:20.600858369,5,9,4611,233,78,155,4,0.34040843181922503,21.86274208812532,
E03,VOLATILITY / REGIME,15m,GROUP 3,,Current candle range > median of previous 20 candle ranges; EMA20>EMA50; bullish candle.,dev_avg_R<=0|dev_net_pnl<=0|dev_max_drawdown>60%|val_avg_R<=0|val_net_pnl<=0,,1.1309625647536647,0.9662409403202842,0.9699074074074074,0.5155131264916468,0.7039040221584394,False,False,False,False,1/8 months with trades were net-positive,0/4 months with trades were net-positive,0.011157016537118652,0.007415814049580036,0.016934187061480453,0.016436581541667633,419,142,277,0.33890214797136037,3.6709724675282893,10.970419439896204,5.485210637690612,-12.784657610058527,-0.030512309331881926,-0.23326860739856303,0.7176174415086816,13.989863748079596,0.6597372200497342,7.215342389941471,0 days 03:45:00,0 days 08:08:14.033412888,6,7,3107,419,142,277,8,0.3613518339605379,32.489589065667296,,216,71,145,0.3287037037037037,1.5333262269183245,6.974412381946903,3.487206574304602,-8.92829272933318,-0.04133468856172768,-0.26381806249999457,0.693391351473585,9.332074847200387,0.4643916827606353,11.071707270666817,0 days 04:00:00,0 days 07:52:50.833333333,4,8,1614,217,71,145,4,0.3447076368297552,20.19121440865281,
E03,VOLATILITY / REGIME,1h,GROUP 3,,Current candle range > median of previous 20 candle ranges; EMA20>EMA50; bullish candle.,dev_avg_R<=0|dev_net_pnl<=0|val_avg_R<=0|val_net_pnl<=0,,0.39866004410561556,1.247500093900449,1.1709302325581397,0.5660377358490566,0.44481450619091867,True,False,True,True,1/8 months with trades were net-positive,1/4 months with trades were net-positive,0.02429507870376951,0.016989257279350706,0.03672959536504762,0.03709822949607159,265,86,179,0.32452830188679244,1.4048799418125957,8.025116198850675,4.012558450644879,-10.632794707682958,-0.04012375361389796,-0.27632548490565517,0.6840885168551619,10.632794707682958,0.5316397353841479,9.367205292317037,0 days 04:00:00,0 days 08:30:47.547169811,4,11,768,265,86,179,8,0.340408431819225,23.024717839298656,,150,57,93,0.38,5.428856234569407,5.826212555981877,2.9131076352046557,-3.3104639566171263,-0.02206975971078084,-0.11015992999999409,0.8534004890130333,5.115695238272007,0.23648106636637042,16.689536043382873,0 days 03:00:00,0 days 09:19:12,4,6,481,151,57,93,4,0.3710781763119049,19.271220895738498,
E04,VOLATILITY / REGIME,5m,GROUP 3,,Previous 12-bar range >= DEVELOPMENT Q3; EMA20>EMA50; bullish continuation (current and prior candle bullish).,dev_avg_R<=0|dev_net_pnl<=0|dev_max_drawdown>60%|val_avg_R<=0|val_net_pnl<=0,,0.6676426804307359,1.104362128883048,1.087427031881455,0.4282115869017632,0.41177038750014316,True,True,True,True,1/8 months with trades were net-positive,0/4 months with trades were net-positive,0.006099392361111061,0.0040128827100909875,0.009486593678125713,0.00886083835177556,397,131,266,0.32997481108312343,3.0946386493207085,10.83118063314497,5.415591090231544,-13.152133074055804,-0.03312879867520354,-0.26001045843828163,0.7072250343317573,14.183052221849696,0.6743905067666754,6.847866925944201,0 days 03:00:00,0 days 06:36:45.793450882,4,13,2059,397,131,266,8,0.3551533227942915,31.770195049309486,,170,61,109,0.3588235294117647,3.812212598803811,6.120398138208517,3.0602000221570775,-5.368385561561784,-0.03157873859742226,-0.1735940794117588,0.7810325445140063,5.625195355114251,0.27769404029773187,14.631614438438218,0 days 03:50:00,0 days 07:43:49.411764706,4,6,952,170,61,109,4,0.34634959956366396,19.148433842704307,
E04,VOLATILITY / REGIME,15m,GROUP 3,,Previous 12-bar range >= DEVELOPMENT Q3; EMA20>EMA50; bullish continuation (current and prior candle bullish).,dev_avg_R<=0|dev_net_pnl<=0|val_avg_R<=0|val_net_pnl<=0,,1.2247462291567592,0.9184028849871622,0.9505941213258287,0.4875,0.6588358508869865,False,False,False,True,0/8 months with trades were net-positive,0/4 months with trades were net-positive,0.011157016537118652,0.007415814049580036,0.016934187061480453,0.016436581541667633,240,82,158,0.3416666666666667,2.8783472941907635,7.667786584562398,3.8338940118675966,-8.62333330223923,-0.035930555425996796,-0.22498748749999464,0.7263571602281869,9.712110820584487,0.46534507338079273,11.376666697760768,0 days 03:30:00,0 days 07:21:41.250000,4,11,714,240,82,158,8,0.3568450419746832,22.889763511951507,,117,38,79,0.3247863247863248,0.3717412653075031,4.033694939805683,2.0168475628379383,-5.678801237336118,-0.048536762712274514,-0.27555257692307195,0.6670885114846492,6.274823606685837,0.3065860173769017,14.321198762663883,0 days 03:15:00,0 days 07:08:20,3,7,333,118,38,79,4,0.35072383884405145,11.37918995023524,
E04,VOLATILITY / REGIME,1h,GROUP 3,,Previous 12-bar range >= DEVELOPMENT Q3; EMA20>EMA50; bullish continuation (current and prior candle bullish).,dev_avg_R<=0|dev_net_pnl<=0|val_avg_R<=0|val_net_pnl<=0,,2.18443688427119,0.7221684851629208,0.7806372549019608,0.5604395604395604,1.1689181379567406,False,False,False,True,2/8 months with trades were net-positive,0/4 months with trades were net-positive,0.02429507870376951,0.016989257279350706,0.03672959536504762,0.03709822949607159,91,32,59,0.3516483516483517,1.4693282725315333,3.2513922019382555,1.625696468301014,-3.4077603977077366,-0.037447916458326784,-0.19508733516482943,0.7429652932469569,3.645460290932995,0.18227301454664974,16.592239602292263,0 days 04:00:00,0 days 06:58:01.318681319,3,7,183,91,32,59,8,0.33209138236092933,9.8502172534656,,51,14,37,0.27450980392156865,-1.1293698291781409,1.9029588888860254,0.9514791621004272,-3.9838078801645933,-0.07811388000322732,-0.42615597058822935,0.53654612035278,4.336360250452227,0.2130622327636317,16.01619211983541,0 days 02:00:00,0 days 07:04:42.352941176,3,11,90,51,14,37,4,0.34906113886114015,4.612102209523423,
F01,RANGE / MARKET STRUCTURE,5m,GROUP 3,,Position in previous 24-bar range <= 0.25; bullish reversal; EMA20>EMA50.,dev_avg_R<=0|dev_net_pnl<=0|val_avg_R<=0|val_net_pnl<=0,,0.8698021822640469,1.056606314699853,1.0250873293108922,0.49814126394052044,0.541727105875506,True,True,True,True,2/8 months with trades were net-positive,0/4 months with trades were net-positive,0.006099392361111061,0.0040128827100909875,0.009486593678125713,0.00886083835177556,269,94,175,0.34944237918215615,3.530010292906451,8.145546686603094,4.072774225803676,-8.688310619500319,-0.03229855248884877,-0.20169532899627715,0.7389174883746217,9.728311050510223,0.4638395635000443,11.311689380499683,0 days 05:20:00,0 days 10:43:58.661710037,5,13,1019,270,94,175,8,0.3551533227942909,24.589715416831787,,134,48,86,0.3582089552238806,3.1176211846842037,5.015472161085765,2.5077368599478906,-4.405587836349452,-0.032877521166786945,-0.17543503731342677,0.7807448842587805,5.23353001358638,0.251274464325437,15.59441216365055,0 days 07:17:30,0 days 11:44:51.044776119,5,6,504,134,48,86,4,0.35575960999631007,15.687844517353255,
F01,RANGE / MARKET STRUCTURE,15m,GROUP 3,,Position in previous 24-bar range <= 0.25; bullish reversal; EMA20>EMA50.,dev_avg_R<=0|dev_net_pnl<=0|val_avg_R<=0|val_net_pnl<=0,,0.5163725095429963,1.3263146136142647,1.2112375533428166,0.5648854961832062,0.42407992520999016,False,False,True,True,1/8 months with trades were net-positive,1/4 months with trades were net-positive,0.011157016537118652,0.007415814049580036,0.016934187061480453,0.016436581541667633,131,38,93,0.2900763358778626,-1.7990916486580972,4.124912040658913,2.062455570556299,-7.986459259873309,-0.06096533786162832,-0.3795264007633532,0.5650058470544368,8.21306281014046,0.4077263321202449,12.01354074012669,0 days 07:15:00,0 days 12:34:41.679389313,4,9,284,132,38,93,8,0.32782986909504686,10.373463984595595,,74,26,48,0.35135135135135137,1.3362643429084717,2.7773778739719392,1.3886892710518974,-2.8298028021153647,-0.03824057840696439,-0.19597699999999366,0.7493755117258056,3.5061340032587758,0.17290855243169706,17.170197197884633,0 days 08:00:00,0 days 12:48:26.756756757,3,7,168,74,26,48,4,0.3421547575839883,8.461204000936675,
F01,RANGE / MARKET STRUCTURE,1h,GROUP 3,,Position in previous 24-bar range <= 0.25; bullish reversal; EMA20>EMA50.,dev_avg_R<=0|dev_net_pnl<=0,VAL_ONE_MONTH_CONCENTRATION,-0.15333090776117858,2.1036445005620084,1.6584615384615384,0.5102040816326531,0.29105373853458044,True,True,True,True,2/8 months with trades were net-positive,3/4 months with trades were net-positive,0.02429507870376951,0.016989257279350706,0.03672959536504762,0.03709822949607159,49,13,36,0.2653061224489796,-1.309182151373791,1.8337033935425262,0.9168513694756261,-4.0597369143919435,-0.08285177376310089,-0.4537256122448928,0.5153102660286895,4.736007711135274,0.22905521782396224,15.940263085608056,0 days 05:00:00,0 days 08:04:53.877551020,3,12,60,49,13,36,8,0.35132256441209914,4.316212955906413,,25,11,14,0.44,1.7914300823846891,0.9979068752838021,0.49895388549935904,0.29456932160152804,0.011782772864061127,0.06957016000000593,1.084029607214398,1.3719114339816336,0.06666737747851688,20.29456932160153,0 days 14:00:00,0 days 16:31:12,3,5,37,25,11,14,4,0.3529960363538607,3.80011137239258,1.8223248164673813
F02,RANGE / MARKET STRUCTURE,5m,GROUP 3,,Position in previous 24-bar range >= 0.75; close > previous 24-bar high; EMA20>EMA50.,dev_avg_R<=0|dev_net_pnl<=0|dev_max_drawdown>60%|val_avg_R<=0|val_net_pnl<=0,,0.790885510480811,1.0295528490862864,1.0435135135135136,0.4662004662004662,0.4745875097955538,True,True,True,True,1/8 months with trades were net-positive,1/4 months with trades were net-positive,0.006099392361111061,0.0040128827100909875,0.009486593678125713,0.00886083835177556,429,148,281,0.34498834498834496,7.214739414421537,13.068000183260219,6.5340018953143,-12.387262664152983,-0.02887473814487875,-0.21503739510488964,0.7651083424960087,15.40969866492864,0.6712420078098129,7.612737335847013,0 days 04:25:00,0 days 08:45:25.174825175,5,8,2880,430,148,281,8,0.38927969440686183,40.34880636351138,,200,72,128,0.36,4.659772043052778,7.14381007038667,3.5719062001359743,-6.055944227469866,-0.030279721137349336,-0.1700699599999945,0.787719473876452,6.464163574699938,0.3185630729566268,13.944055772530131,0 days 05:55:00,0 days 09:56:34.500000,4,8,1628,200,72,128,4,0.34634959956366396,22.472081107954846,
F02,RANGE / MARKET STRUCTURE,15m,GROUP 3,,Position in previous 24-bar range >= 0.75; close > previous 24-bar high; EMA20>EMA50.,dev_avg_R<=0|dev_net_pnl<=0|val_avg_R<=0|val_net_pnl<=0,,0.6935171130492757,1.0817661522271258,1.0839780786589297,0.5241635687732342,0.49165468175363675,False,False,True,True,1/8 months with trades were net-positive,0/4 months with trades were net-positive,0.011157016537118652,0.007415814049580036,0.016934187061480453,0.016436581541667633,269,88,181,0.3271375464684015,2.1165770458412023,8.439946769116187,4.219973913701879,-10.543343636976862,-0.0391945860110664,-0.2685094888475779,0.6998647631439137,11.73055147792302,0.5536619816063109,9.456656363023143,0 days 04:00:00,0 days 08:26:19.182156134,6,12,794,269,88,181,8,0.3619687027276181,24.585299528744976,,141,50,91,0.3546099290780142,2.537616035121059,4.917349308568166,2.4586752886878127,-4.83840856213492,-0.03431495434138242,-0.1862159255319089,0.7570900119055403,5.539228216327704,0.27221050536573865,15.16159143786508,0 days 05:15:00,0 days 09:31:10.212765957,4,8,514,141,50,91,4,0.3490611388611413,15.08011599130346,
F02,RANGE / MARKET STRUCTURE,1h,GROUP 3,,Position in previous 24-bar range >= 0.75; close > previous 24-bar high; EMA20>EMA50.,dev_avg_R<=0|dev_net_pnl<=0|val_avg_R<=0|val_net_pnl<=0,,2.009400072405136,0.8110687670943938,0.873529411764706,0.6296296296296297,1.0067737973021598,False,False,True,True,2/8 months with trades were net-positive,1/4 months with trades were net-positive,0.02429507870376951,0.016989257279350706,0.03672959536504762,0.03709822949607159,108,40,68,0.37037037037037035,3.3364716509946653,4.210846338638677,2.1054240034370153,-2.9797986910810277,-0.027590728621120626,-0.13900549999999465,0.8201428671522027,3.9244811272602327,0.18809827098122156,17.020201308918974,0 days 03:00:00,0 days 07:02:13.333333333,3,8,174,108,40,68,8,0.35541263354117403,13.587788281422654,,68,22,46,0.3235294117647059,0.20868888119781118,2.5195952855284713,1.2597976949363114,-3.570704099266971,-0.05251035440098488,-0.27931766176470135,0.6651922641023983,3.838082257112024,0.18937241054173506,16.42929590073303,0 days 03:00:00,0 days 09:22:56.470588235,4,10,116,68,22,46,4,0.3476599757222384,7.094234958052312,
F03,RANGE / MARKET STRUCTURE,5m,GROUP 3,,Higher low (low>prev low); higher close (close>prev close); EMA20>EMA50.,dev_avg_R<=0|dev_net_pnl<=0|dev_max_drawdown>60%|val_avg_R<=0|val_net_pnl<=0,,0.8609820242810372,1.0192216189771734,1.0357653791130186,0.429097605893186,0.5400494420239568,True,False,True,True,0/8 months with trades were net-positive,0/4 months with trades were net-positive,0.006099392361111061,0.0040128827100909875,0.009486593678125713,0.00886083835177556,543,180,363,0.3314917127071823,4.167903226263436,12.95721428392626,6.478608183938241,-15.267919241601065,-0.02811771499374045,-0.25546657734806094,0.7148539879897445,16.678439229262516,0.7794401482326646,4.73208075839894,0 days 03:35:00,0 days 07:53:02.320441989,5,10,13661,544,180,363,8,0.36258662455999013,38.2762952959389,,233,80,153,0.34334763948497854,2.8730546912294814,7.447743659150774,3.72387254783862,-8.29856151575991,-0.035616143844463134,-0.21995213090128168,0.7285946389711964,8.434951761614242,0.42093621714412066,11.701438484240088,0 days 05:15:00,0 days 09:31:43.004291845,5,8,6866,233,80,153,4,0.34040843181922625,22.277700811199814,
F03,RANGE / MARKET STRUCTURE,15m,GROUP 3,,Higher low (low>prev low); higher close (close>prev close); EMA20>EMA50.,dev_avg_R<=0|dev_net_pnl<=0|dev_max_drawdown>60%|val_avg_R<=0|val_net_pnl<=0,,0.7009086635630158,1.1071587866064883,1.073973357199408,0.5024038461538461,0.5247629733527055,False,False,True,True,0/8 months with trades were net-positive,0/4 months with trades were net-positive,0.011157016537118652,0.007415814049580036,0.016934187061480453,0.016436581541667633,416,139,277,0.33413461538461536,3.278997341576711,10.952420073295183,5.476210856396322,-13.149633588114794,-0.03160969612527595,-0.24754975841345628,0.710119296933745,14.453616402423782,0.6816069746432853,6.850366411885192,0 days 04:00:00,0 days 08:19:15.288461538,6,11,4589,417,139,277,8,0.3613518339605379,32.212591109916666,,209,75,134,0.3588516746411483,4.820655230176127,7.466024436228523,3.733013423277652,-6.378382629330048,-0.03051857717382798,-0.17350977033492307,0.7862148191390177,7.467117026692909,0.35768210267175254,13.621617370669952,0 days 04:15:00,0 days 08:30:12.918660287,4,7,2357,210,75,134,4,0.3581070512660599,23.457093354749997,
F03,RANGE / MARKET STRUCTURE,1h,GROUP 3,,Higher low (low>prev low); higher close (close>prev close); EMA20>EMA50.,dev_avg_R<=0|dev_net_pnl<=0|val_avg_R<=0|val_net_pnl<=0,,0.6581396832975297,1.1344219876256847,1.091979852770244,0.5350553505535055,0.46329732520603534,True,False,True,True,1/8 months with trades were net-positive,0/4 months with trades were net-positive,0.02429507870376951,0.016989257279350706,0.03672959536504762,0.03709822949607159,271,89,182,0.3284132841328413,1.5050593078618322,8.002238143420897,4.001119447974836,-10.4982982835339,-0.03873910805732066,-0.2646880147601418,0.6867840197050054,10.588800885538586,0.5294400442769293,9.501701716466096,0 days 05:00:00,0 days 09:04:38.966789668,4,11,1168,271,89,182,8,0.33937299583401753,23.019462443892404,,145,52,93,0.3586206896551724,3.2558230675236848,5.299631271911302,2.6498164499111274,-4.693624654298745,-0.03236982520206031,-0.1742016862068916,0.7791028927033096,4.945523925855596,0.24528815637046625,15.306375345701253,0 days 05:00:00,0 days 10:15:18.620689655,4,8,673,146,52,93,4,0.34202991593978527,16.554388557547725,
F04,RANGE / MARKET STRUCTURE,5m,GROUP 3,,Close breaks previous confirmed 3-bar pivot swing high; EMA20>EMA50. Pivot at i confirmed at i+1 when high[i]>high[i-1] and high[i]>high[i+1].,dev_avg_R<=0|dev_net_pnl<=0|dev_max_drawdown>60%|val_avg_R<=0|val_net_pnl<=0,,0.7636634845629883,1.0458717820249148,1.0567586049692272,0.4385245901639344,0.47775534593764607,True,True,True,True,1/8 months with trades were net-positive,0/4 months with trades were net-positive,0.006099392361111061,0.0040128827100909875,0.009486593678125713,0.00886083835177556,488,164,324,0.3360655737704918,5.525683205436705,13.11497044914665,6.5574866059934624,-14.146773849703408,-0.028989290675621743,-0.2417655696721257,0.7362970438183838,15.57429712782147,0.7278398353144642,5.853226150296592,0 days 03:55:00,0 days 08:23:17.336065574,5,10,7000,489,164,324,8,0.36480252255342194,39.49985209088828,,214,76,138,0.35514018691588783,4.230236086718664,7.366312220852154,3.6831571679846875,-6.819233302118178,-0.03186557617812232,-0.18462753738317142,0.7700723013180099,6.967992684053071,0.34772937230786116,13.180766697881825,0 days 05:25:00,0 days 10:01:32.523364485,5,7,3789,214,76,138,4,0.3404084318192234,22.838930291080597,
F04,RANGE / MARKET STRUCTURE,15m,GROUP 3,,Close breaks previous confirmed 3-bar pivot swing high; EMA20>EMA50. Pivot at i confirmed at i+1 when high[i]>high[i-1] and high[i]>high[i+1].,dev_avg_R<=0|dev_net_pnl<=0|dev_max_drawdown>60%|val_avg_R<=0|val_net_pnl<=0,,0.6246502962962734,1.1616423655356458,1.123628526645768,0.4756756756756757,0.4625774187008228,False,False,True,True,1/8 months with trades were net-positive,0/4 months with trades were net-positive,0.011157016537118652,0.007415814049580036,0.016934187061480453,0.016436581541667633,370,116,254,0.31351351351351353,0.17267297037273183,9.354376457946668,4.677188272141059,-13.858891759714993,-0.03745646421544593,-0.3093202999999948,0.6522089628900208,15.075302148737133,0.7109245744000103,6.141108240285012,0 days 04:00:00,0 days 07:58:15.405405405,8,12,2150,370,116,254,8,0.3613518339605379,25.98943749821384,,176,62,114,0.3522727272727273,3.1794615454193833,6.131976380560444,3.0659889851452737,-6.018503820286335,-0.03419604443344509,-0.1932170170454489,0.757633562475114,6.6919445177476415,0.3288576545169378,13.981496179713659,0 days 05:00:00,0 days 08:56:15,4,9,1198,176,62,114,4,0.3490611388611413,18.813745569311425,
F04,RANGE / MARKET STRUCTURE,1h,GROUP 3,,Close breaks previous confirmed 3-bar pivot swing high; EMA20>EMA50. Pivot at i confirmed at i+1 when high[i]>high[i-1] and high[i]>high[i+1].,dev_avg_R<=0|dev_net_pnl<=0|val_avg_R<=0|val_net_pnl<=0,,1.1229870954931869,0.9595203172710183,0.9683995922528034,0.5736842105263158,0.7226055153931802,False,False,True,True,0/8 months with trades were net-positive,0/4 months with trades were net-positive,0.02429507870376951,0.016989257279350706,0.03672959536504762,0.03709822949607159,190,63,127,0.33157894736842103,1.3353122323320517,6.167549388467216,3.083775028061288,-7.916012184196452,-0.04166322202208659,-0.25520526578946773,0.6926938831426372,8.162224524427872,0.40398540915457876,12.08398781580355,0 days 04:00:00,0 days 07:59:03.157894737,4,9,461,190,63,127,8,0.3463495995636654,17.843358521303355,,109,35,74,0.3211009174311927,0.3118471511294182,3.8896616810711944,1.9448309184971588,-5.522645448438935,-0.05066647200402693,-0.28659222018348113,0.6646538545247169,5.968636264772096,0.29192208479346915,14.477354551561064,0 days 05:00:00,0 days 09:40:11.009174312,3,11,303,109,35,74,4,0.3507238388440494,10.94584695248531,
G01,TIME / REGIME,5m,GROUP 3,,EMA20>EMA50; candle open hour in 00-08 UTC.,dev_avg_R<=0|dev_net_pnl<=0|val_avg_R<=0|val_net_pnl<=0,,0.9944015798843914,1.0171927912615741,1.0010752688172042,0.5263157894736842,0.6024910832493886,True,True,True,True,2/8 months with trades were net-positive,1/4 months with trades were net-positive,0.006099392361111061,0.0040128827100909875,0.009486593678125713,0.00886083835177556,266,93,173,0.34962406015037595,3.8207387067103764,8.280326793834824,4.1401643521016185,-8.599752439226066,-0.032329896388067915,-0.2011511033834537,0.7450489132551497,9.771632630852297,0.4646317434907417,11.400247560773934,0 days 07:25:00,0 days 11:17:10.827067669,5,14,12417,267,93,173,8,0.35515332279429285,25.131237096945306,,140,49,91,0.35,2.701488681916232,5.199982366029236,2.5999918583865056,-5.0984855424995095,-0.03641775387499649,-0.20002497499999491,0.757858383700408,5.679508927936308,0.279936482447789,14.90151445750049,0 days 08:20:00,0 days 10:58:04.285714286,4,9,6309,140,49,91,4,0.3447076368297538,15.957314862298977,
G01,TIME / REGIME,15m,GROUP 3,,EMA20>EMA50; candle open hour in 00-08 UTC.,dev_avg_R<=0|dev_net_pnl<=0|val_avg_R<=0|val_net_pnl<=0,,0.45725838381670275,1.2395681716402633,1.1328052190121156,0.5248868778280543,0.43552970647985584,True,False,True,True,2/8 months with trades were net-positive,1/4 months with trades were net-positive,0.011157016537118652,0.007415814049580036,0.016934187061480453,0.016436581541667633,221,74,147,0.334841628959276,1.1606176550216918,6.525401106294457,3.262700843301268,-8.627484294574034,-0.03903839047318568,-0.24543189819003983,0.6846678584383382,9.380794226743495,0.457958234942397,11.372515705425963,0 days 07:00:00,0 days 11:38:37.194570136,5,7,4202,222,74,147,8,0.3490611388611413,18.732505879110718,,116,44,72,0.3793103448275862,4.118721803596124,4.514601595219061,2.2573018272897496,-2.653181618912686,-0.022872255335454193,-0.11222579310344315,0.8486924854652655,4.321926934712181,0.19945441564449504,17.346818381087314,0 days 08:30:00,0 days 11:29:44.482758621,4,8,2209,116,44,72,4,0.371576023018074,14.881847140703995,
G01,TIME / REGIME,1h,GROUP 3,,EMA20>EMA50; candle open hour in 00-08 UTC.,dev_avg_R<=0|dev_net_pnl<=0|val_avg_R<=0|val_net_pnl<=0,,0.6056611823265227,1.1302145054194965,1.0960187353629978,0.5384615384615384,0.38195737028675014,True,False,True,True,1/8 months with trades were net-positive,1/4 months with trades were net-positive,0.02429507870376951,0.016989257279350706,0.03672959536504762,0.03709822949607159,182,61,121,0.33516483516483514,1.8750714147289493,6.192764842112886,3.0963828898239507,-7.414076317207887,-0.0407366830615818,-0.24446373351647807,0.7108401053327713,8.230428358752558,0.3976570829325952,12.585923682792117,0 days 07:00:00,0 days 10:38:34.285714286,6,9,1017,182,61,121,8,0.3533827103605351,18.225981152518894,,98,36,62,0.3673469387755102,2.6584648764670917,3.689497531544582,1.8447494303883172,-2.875782085465808,-0.02934471515781437,-0.14806219387754607,0.803401798081021,3.0667698302939996,0.15188805367283417,17.124217914534192,0 days 09:00:00,0 days 11:52:02.448979592,4,5,595,98,36,62,4,0.34634959956366274,11.751930972921977,
G02,TIME / REGIME,5m,GROUP 3,,EMA20>EMA50; candle open hour in 08-16 UTC.,dev_avg_R<=0|dev_net_pnl<=0|dev_max_drawdown>60%|val_avg_R<=0|val_net_pnl<=0,,1.078272981407159,0.9526224746034792,0.9798237476808904,0.4556213017751479,0.5975899115846816,True,True,False,True,1/8 months with trades were net-positive,1/4 months with trades were net-positive,0.006099392361111061,0.0040128827100909875,0.009486593678125713,0.00886083835177556,338,112,226,0.33136094674556216,2.121567321728156,9.318775932593892,4.659388496688289,-11.856597107554025,-0.035078689667319606,-0.25585828698224283,0.6950232625401942,12.64511105420002,0.6100841261201985,8.143402892445977,0 days 04:25:00,0 days 08:06:48.284023669,5,17,12639,339,112,226,8,0.35025393040774944,27.020456946828258,,154,50,104,0.3246753246753247,0.33576851782915185,4.971082168814297,2.4855411683490103,-7.120854819334155,-0.04623931700866334,-0.27588507792207145,0.6620947802680234,7.346824700975045,0.3645801189873871,12.879145180665844,0 days 05:17:30,0 days 08:45:50.649350649,6,7,6340,154,50,104,4,0.34470763682975436,13.952672322336973,
G02,TIME / REGIME,15m,GROUP 3,,EMA20>EMA50; candle open hour in 08-16 UTC.,dev_avg_R<=0|dev_net_pnl<=0|val_avg_R<=0|val_net_pnl<=0,,0.829824579308454,1.0579503919139837,1.0483305274971941,0.4721311475409836,0.5277604637280787,False,False,False,True,1/8 months with trades were net-positive,1/4 months with trades were net-positive,0.011157016537118652,0.007415814049580036,0.016934187061480453,0.016436581541667633,305,99,206,0.32459016393442625,1.5272539416287594,8.77913636446919,4.389568564047604,-11.641450986888035,-0.03816869176028864,-0.27614017704917526,0.6838618513785109,12.093329979099655,0.5927867296645,8.358549013111972,0 days 04:00:00,0 days 08:18:26.557377049,7,16,4418,306,99,206,8,0.3490611388611392,25.1824851234809,,144,49,95,0.3402777777777778,1.8543165013401282,5.1216118995642725,2.560806413360991,-5.828101811585135,-0.040472929247119,-0.22914790624999387,0.723491913680918,6.382155544238131,0.3128493993395877,14.171898188414865,0 days 05:00:00,0 days 08:50:06.250000,3,10,2164,144,49,95,4,0.3490611388611402,15.249407671662611,
G02,TIME / REGIME,1h,GROUP 3,,EMA20>EMA50; candle open hour in 08-16 UTC.,dev_avg_R<=0|dev_net_pnl<=0|dev_max_drawdown>60%|val_avg_R<=0|val_net_pnl<=0,,0.4471045680499765,1.3478470763621335,1.260204081632653,0.4534412955465587,0.32630253721853064,True,False,True,True,0/8 months with trades were net-positive,0/4 months with trades were net-positive,0.02429507870376951,0.016989257279350706,0.03672959536504762,0.03709822949607159,247,70,177,0.2834008097165992,-2.7142647154178343,6.6688167977802975,3.334407720323629,-12.71748923352176,-0.05148781066203142,-0.399522949392708,0.5703709874492497,12.751441562388626,0.6364915595818375,7.282510766478232,0 days 03:00:00,0 days 07:15:47.368421053,4,13,1044,247,70,177,8,0.3319702125297944,16.88360580895863,,112,40,72,0.35714285714285715,2.327008679501603,4.093439590809197,2.0467203771565274,-3.813151288464121,-0.034045993647001074,-0.17862853571427934,0.7687728678752545,4.17196304350114,0.20768881080973312,16.18684871153588,0 days 05:00:00,0 days 10:25:10.714285714,6,6,586,112,40,72,4,0.3434492630127415,12.6777823378153,
G03,TIME / REGIME,5m,GROUP 3,,EMA20>EMA50; candle open hour in 16-24 UTC.,dev_avg_R<=0|dev_net_pnl<=0|val_avg_R<=0|val_net_pnl<=0,,1.2610758881901807,0.9173473878177338,0.9472758081334723,0.4241486068111455,0.6297356492094764,True,True,False,True,0/8 months with trades were net-positive,0/4 months with trades were net-positive,0.006099392361111061,0.0040128827100909875,0.009486593678125713,0.00886083835177556,323,112,211,0.34674922600619196,4.715404220838552,9.923430802349785,4.961716580025431,-10.169743161536664,-0.03148527294593394,-0.20976267337460824,0.7480679080562826,11.320899316280961,0.53649667081238,9.830256838463336,0 days 03:55:00,0 days 09:33:28.049535604,4,11,12093,324,112,211,8,0.3619687027276147,30.197258450185853,,137,45,92,0.3284671532846715,0.8842865261362612,4.768433413126346,2.3842169276345446,-6.26836381462463,-0.045754480398719925,-0.26452664963503086,0.6862381413657076,6.907047386778141,0.3378510792927569,13.73163618537537,0 days 04:55:00,0 days 11:14:38.102189781,3,10,6239,137,45,92,4,0.346940857806687,13.70972989602862,
G03,TIME / REGIME,15m,GROUP 3,,EMA20>EMA50; candle open hour in 16-24 UTC.,dev_avg_R<=0|dev_net_pnl<=0|val_avg_R<=0|val_net_pnl<=0,,1.2413086339150097,0.921596479075317,0.9501807955002008,0.4763636363636364,0.6512772910793647,False,False,False,True,1/8 months with trades were net-positive,1/4 months with trades were net-positive,0.011157016537118652,0.007415814049580036,0.016934187061480453,0.016436581541667633,275,95,180,0.34545454545454546,3.6852864307518454,8.584134688687826,4.292068265665046,-9.190916523601027,-0.033421514631276454,-0.21364089090908533,0.7380346379101158,10.065777033364453,0.48392912698425705,10.80908347639897,0 days 03:45:00,0 days 09:14:53.454545455,6,12,4049,276,95,180,8,0.35515332279429024,25.893555905419905,,131,43,88,0.3282442748091603,0.7028937396299467,4.503605531557781,2.251802941502068,-6.052514733429902,-0.04620240254526642,-0.26519428244274235,0.6801701237335892,6.393555488250323,0.31517205089670886,13.947485266570101,0 days 03:45:00,0 days 10:59:53.129770992,3,10,2119,132,43,88,4,0.3426137999905118,12.871654590852668,
G03,TIME / REGIME,1h,GROUP 3,,EMA20>EMA50; candle open hour in 16-24 UTC.,dev_avg_R<=0|dev_net_pnl<=0|val_avg_R<=0|val_net_pnl<=0,,0.546892721833901,1.1751592356301128,1.098515519568151,0.527027027027027,0.4821797982494319,True,False,True,True,0/8 months with trades were net-positive,0/4 months with trades were net-positive,0.02429507870376951,0.016989257279350706,0.03672959536504762,0.03709822949607159,222,76,146,0.34234234234234234,2.0742110039869144,6.768382150551685,3.384191593828209,-8.07836274039298,-0.036389021353121526,-0.22296349999999446,0.7116194115076132,8.413475219147251,0.4206737609573626,11.921637259607017,0 days 05:00:00,0 days 09:14:35.675675676,3,9,1016,222,76,146,8,0.3404084318192276,19.934489243249622,,117,44,73,0.37606837606837606,3.8609628973079864,4.486995761134848,2.243498845807873,-2.869531709634735,-0.024525912048160126,-0.12193711538460997,0.8362661236868374,4.261870163567195,0.20284038918725084,17.130468290365265,0 days 04:00:00,0 days 10:21:01.538461538,4,6,620,118,44,73,4,0.3600326996043389,14.656051720310915,
G04,TIME / REGIME,5m,GROUP 3,,EMA20>EMA50; previous 12-bar range < DEVELOPMENT median; market-audit 4-hour bucket 08-12 UTC.,dev_avg_R<=0|dev_net_pnl<=0|val_avg_R<=0|val_net_pnl<=0,,0.531410855586417,1.2479705978417368,1.163251817580965,0.5393939393939394,0.41530602086193774,True,True,True,True,2/8 months with trades were net-positive,2/4 months with trades were net-positive,0.006099392361111061,0.0040128827100909875,0.009486593678125713,0.00886083835177556,165,51,114,0.3090909090909091,-0.6936480171958079,5.16534157490397,2.5826706140397038,-8.441660206139483,-0.05116157700690595,-0.3225682181818125,0.6220490940277628,8.887542795229669,0.4367544396560338,11.558339793860517,0 days 05:45:00,0 days 11:24:56.363636364,4,11,4074,166,51,114,8,0.34906113886114265,13.893675078807744,,89,32,57,0.3595505617977528,2.001423581053155,3.3249546097418223,1.6624778052266196,-2.986008833915287,-0.03355066105522794,-0.171416252808983,0.7762989797607378,3.701372951669022,0.18138674842733268,17.013991166084715,0 days 06:15:00,0 days 11:12:45.168539326,5,7,2382,89,32,57,4,0.34906113886114026,10.362204020552538,
G04,TIME / REGIME,15m,GROUP 3,,EMA20>EMA50; previous 12-bar range < DEVELOPMENT median; market-audit 4-hour bucket 08-12 UTC.,dev_avg_R<=0|dev_net_pnl<=0|val_avg_R<=0|val_net_pnl<=0,,0.1278842959756431,1.3888317321256571,1.2364864864864866,0.6065573770491803,0.3602409976017017,True,True,True,True,2/8 months with trades were net-positive,2/4 months with trades were net-positive,0.011157016537118652,0.007415814049580036,0.016934187061480453,0.016436581541667633,122,40,82,0.32786885245901637,0.5900981474650645,4.208307124200931,2.104153709624777,-5.7223626863606425,-0.04690461218328397,-0.2663188606557324,0.676910198588536,6.0610328334976415,0.3017013975553336,14.277637313639358,0 days 05:52:30,0 days 12:58:31.475409836,4,9,1487,123,40,82,8,0.3335515024680013,11.989006293290467,,74,30,44,0.40540540540540543,3.7254545439489544,2.918328753803217,1.4591653082650957,-0.6520395181193585,-0.00881134483945079,-0.03405799999999374,0.940114363599239,2.318783265482807,0.10868521243316098,19.34796048188064,0 days 06:00:00,0 days 10:46:12.972972973,5,4,852,74,30,44,4,0.3633381720695836,10.236039114891096,
G04,TIME / REGIME,1h,GROUP 3,,EMA20>EMA50; previous 12-bar range < DEVELOPMENT median; market-audit 4-hour bucket 08-12 UTC.,dev_avg_R<=0|dev_net_pnl<=0|val_avg_R<=0|val_net_pnl<=0,,1.8074723537964588,0.7971875085438863,0.860969387755102,0.5444444444444444,0.8884582025540467,False,False,False,True,1/8 months with trades were net-positive,1/4 months with trades were net-positive,0.02429507870376951,0.016989257279350706,0.03672959536504762,0.03709822949607159,90,32,58,0.35555555555555557,1.8734541188800595,3.381107695437472,1.6905543160821124,-3.198207892639525,-0.035535643251550265,-0.18338329999999534,0.7655556966354541,3.633209799385277,0.17779346515186426,16.801792107360473,0 days 06:00:00,0 days 11:43:20,4,8,328,90,32,58,8,0.3464760179015414,10.44344535609186,,49,15,34,0.30612244897959184,-0.35437152410817974,1.8164342698261544,0.9082170463201013,-3.0790228402544355,-0.06283720082151908,-0.3314602448979537,0.6102914384523969,3.1742898177435244,0.15796206247468086,16.920977159745565,0 days 08:00:00,0 days 14:37:57.551020408,2,8,216,49,15,34,4,0.3447076368297564,4.821811639817235,
BASELINE_A,BASELINE,5m,GROUP 3,,"Existing v0.5 / v0.3 generate_signals: 20-bar close breakout, volume > 1.5*volume_ma20, EMA20>EMA50, 50<RSI14<70.",dev_avg_R<=0|dev_net_pnl<=0|val_avg_R<=0|val_net_pnl<=0,,1.156741531306129,0.9197975016811412,0.9593883357041251,0.5156794425087108,0.686670062828752,False,False,False,True,1/8 months with trades were net-positive,0/4 months with trades were net-positive,0.006099392361111061,0.0040128827100909875,0.009486593678125713,0.00886083835177556,287,95,192,0.3310104529616725,2.225481180150731,8.61843210704708,4.309216609893377,-10.702167536789727,-0.037289782358152355,-0.2569081916376245,0.7014284505393247,11.720017252887834,0.5597591040958729,9.29783246321028,0 days 05:35:00,0 days 10:19:45.365853659,6,12,869,288,95,192,8,0.3591568962770174,25.142398216784528,,148,47,101,0.31756756756756754,-0.08075857357365723,4.814933562777061,2.407466761198609,-7.303158897549327,-0.04934566822668463,-0.2971763749999942,0.6451721364141447,7.762970285959302,0.384369819178479,12.696841102450676,0 days 06:15:00,0 days 10:20:32.432432432,4,10,474,148,47,101,4,0.34470763682975336,13.27909984544883,
BASELINE_A,BASELINE,15m,GROUP 3,,"Existing v0.5 / v0.3 generate_signals: 20-bar close breakout, volume > 1.5*volume_ma20, EMA20>EMA50, 50<RSI14<70.",dev_avg_R<=0|dev_net_pnl<=0|val_avg_R<=0|val_net_pnl<=0,,0.5098585117574573,1.2183582976316139,1.154471544715447,0.5774647887323944,0.4268374877394808,False,False,True,True,2/8 months with trades were net-positive,1/4 months with trades were net-positive,0.011157016537118652,0.007415814049580036,0.016934187061480453,0.016436581541667633,142,45,97,0.31690140845070425,0.03630005611166026,4.759917279823083,2.3799586489862854,-7.103575872697708,-0.05002518220209654,-0.2991718556337975,0.6500401036284045,7.452637011558849,0.36623984569619045,12.896424127302293,0 days 06:00:00,0 days 10:43:37.605633803,3,10,290,142,45,97,8,0.3490611388611418,13.19468100287002,,82,30,52,0.36585365853658536,2.0234062914789304,3.0158087331154846,1.507904872409151,-2.5003073140457053,-0.030491552610313475,-0.15253531707316487,0.7919817540489807,3.188420603493743,0.15632489564705704,17.499692685954297,0 days 05:37:30,0 days 10:01:49.756097561,4,5,171,82,30,52,4,0.3490611388611413,9.519346551483176,
BASELINE_A,BASELINE,1h,GROUP 3,,"Existing v0.5 / v0.3 generate_signals: 20-bar close breakout, volume > 1.5*volume_ma20, EMA20>EMA50, 50<RSI14<70.",dev_avg_R<=0|dev_net_pnl<=0|val_avg_R<=0|val_net_pnl<=0,,1.5151126282751137,0.887801079252708,0.9215686274509803,0.6382978723404256,1.322490602973119,False,False,True,True,3/8 months with trades were net-positive,1/4 months with trades were net-positive,0.02429507870376951,0.016989257279350706,0.03672959536504762,0.03709822949607159,47,17,30,0.3617021276595745,1.1359226907144357,1.8115491295116881,0.9057748487364125,-1.5814012875336652,-0.033646835904971605,-0.16497123404254863,0.7819792381016155,1.714766249370701,0.08533184711064538,18.418598712466334,0 days 03:00:00,0 days 07:25:31.914893617,3,5,51,47,17,30,8,0.3447076368297551,5.672042255016321,,30,10,20,0.3333333333333333,0.263293952784547,1.1758088994347833,0.5879045155408144,-1.5004194621910505,-0.050013982073035014,-0.24994999999999476,0.6942420115398246,2.329375333558602,0.1128505659381674,18.49958053780895,0 days 03:00:00,0 days 09:26:00,2,7,42,30,10,20,4,0.3540730365959666,3.406793166160206,
RANDOM_BASELINE,RANDOM,5m,GROUP 3,,"Existing occupancy process: independent Bernoulli(p=1/12) on each bar, seed=20240101, first sample of the investigation-11 generator; replayed through the v0.4 engine.",dev_avg_R<=0|dev_net_pnl<=0|dev_max_drawdown>60%|val_avg_R<=0|val_net_pnl<=0,,0.7535527154762023,1.0663617233877347,1.0766320927394752,0.430635838150289,0.5736276454883912,True,False,False,False,0/8 months with trades were net-positive,0/4 months with trades were net-positive,0.006099392361111061,0.0040128827100909875,0.009486593678125713,0.00886083835177556,692,220,472,0.3179190751445087,1.9181565156017721,13.007303190590386,6.503652074833636,-17.59279874982225,-0.025423119580667994,-0.29612343352600595,0.6783989857385546,18.74806991767175,0.8892013000040335,2.4072012501777387,0 days 03:32:30,0 days 07:26:48.815028902,5,14,5771,693,220,472,8,0.36135183396053705,37.1110049375635,,298,102,196,0.3422818791946309,3.1837283414106494,8.80172731178655,4.400864451824861,-10.018863422200761,-0.03362034705436497,-0.22314461744965847,0.7234187115766564,10.206960759149796,0.5100704480865303,9.981136577799244,0 days 04:10:00,0 days 08:49:34.832214765,5,10,2907,299,102,196,4,0.3377641075524749,26.205074499679153,
RANDOM_BASELINE,RANDOM,15m,GROUP 3,,"Existing occupancy process: independent Bernoulli(p=1/12) on each bar, seed=20240101, first sample of the investigation-11 generator; replayed through the v0.4 engine.",dev_avg_R<=0|dev_net_pnl<=0|dev_max_drawdown>60%|val_avg_R<=0|val_net_pnl<=0,,0.7117900252056094,1.0705185026139952,1.095442023541197,0.45920303605313095,0.5388164643528394,False,False,False,False,1/8 months with trades were net-positive,0/4 months with trades were net-positive,0.011157016537118652,0.007415814049580036,0.016934187061480453,0.016436581541667633,527,165,362,0.31309297912713474,1.7494709389300647,12.035334554962308,6.017667714848209,-16.303531330880453,-0.030936492088957216,-0.3105800113851936,0.6779659351002516,17.27277218376348,0.8247395719224008,3.6964686691195503,0 days 04:00:00,0 days 08:02:21.745730550,6,18,1927,528,165,362,8,0.35684504197468436,34.32319766425198,,242,83,159,0.34297520661157027,2.8328446465657593,7.601324138722932,3.800662777572192,-8.569142269729364,-0.03540967880053457,-0.2210677541322254,0.7257750776668184,8.887665203102044,0.4443832601551022,11.430857730270636,0 days 05:45:00,0 days 09:22:07.685950413,4,12,956,243,83,159,4,0.3420299159397862,22.679448109367936,
RANDOM_BASELINE,RANDOM,1h,GROUP 3,,"Existing occupancy process: independent Bernoulli(p=1/12) on each bar, seed=20240101, first sample of the investigation-11 generator; replayed through the v0.4 engine.",dev_avg_R<=0|dev_net_pnl<=0|val_avg_R<=0|val_net_pnl<=0,,1.1287649509444853,0.9294458025217447,0.9616530156366344,0.5528455284552846,0.748084296521677,False,False,False,False,1/8 months with trades were net-positive,0/4 months with trades were net-positive,0.02429507870376951,0.016989257279350706,0.03672959536504762,0.03709822949607159,246,79,167,0.32113821138211385,0.258430911398184,7.073928147127357,3.536964138171027,-10.3524613739002,-0.04208317631666748,-0.2864805060975557,0.6558378829085914,10.952213347660745,0.534544487508839,9.647538626099806,0 days 06:00:00,0 days 10:41:27.804878049,5,20,461,247,79,167,8,0.34906113886114176,19.727727176167935,,136,42,94,0.3088235294117647,-0.8529078079663625,4.288811292910471,2.144405433228045,-7.286124534104879,-0.05357444510371234,-0.3233691544117588,0.6095657674041377,7.997686737951803,0.3998843368975901,12.713875465895118,0 days 06:00:00,0 days 10:05:17.647058824,4,11,260,136,42,94,4,0.3404084318192238,11.375467933497037,
