investigation,regime,horizon,metric,n,mean,p05,p25,p50,p75,p95
05_momentum_persistence,ALL,12h,forward_return,105215,0.001272320268850582,-0.02857228843187713,-0.007918429952375405,0.0009549235943124845,0.010149137407698405,0.033108408069187835
05_momentum_persistence,ALL,12h,mfe,105215,0.01436409468157894,0.0008840092644077037,0.004724168536954676,0.010239391630176842,0.019170772272252168,0.04250006403358055
05_momentum_persistence,ALL,12h,mae,105215,0.014177041263164871,0.0007190087673783485,0.004181998308295964,0.00955178070313134,0.0187977589412176,0.04256848731048879
05_momentum_persistence,ALL,12h,future_vol,105215,0.02854113594474381,0.00889653539165835,0.016728331348948106,0.024008709923462837,0.035479580278688125,0.061706080736120175
05_momentum_persistence,ret3_Q1,12h,forward_return,26291,0.0016048795878411306,-0.030654630675679972,-0.008580451241566645,0.0014265701611020365,0.01160361182484837,0.03525944658234825
05_momentum_persistence,ret3_Q1,12h,mfe,26291,0.01571564337361164,0.0011046286030095276,0.005423887276749362,0.011413134880591924,0.021024660466261613,0.0453180813868328
05_momentum_persistence,ret3_Q1,12h,mae,26291,0.015867085880901143,0.0008034502033297253,0.004819264271509138,0.010780501840545464,0.020982924014973092,0.0468456194249931
05_momentum_persistence,ret3_Q1,12h,future_vol,26291,0.03158272925451278,0.011345335357689806,0.018522986487345773,0.026668453520227467,0.03914051600006238,0.06685601331379981
05_momentum_persistence,ret3_Q2,12h,forward_return,26312,0.0011178547886367485,-0.02644431461985713,-0.0070046339122679935,0.0009064877391942172,0.00896846887012459,0.030239596680577817
05_momentum_persistence,ret3_Q2,12h,mfe,26312,0.012960630663112841,0.0008133884183468832,0.004276320015136337,0.009161205267104067,0.016923641768286313,0.03890265011174294
05_momentum_persistence,ret3_Q2,12h,mae,26312,0.012498395451032585,0.0005946453555777498,0.0036025492026590666,0.00823460178448654,0.016599426386068733,0.03794736339168003
05_momentum_persistence,ret3_Q2,12h,future_vol,26312,0.02545902611414543,0.00782332370953503,0.014581236726834153,0.021445584222768956,0.03201091921932432,0.055247138561591094
05_momentum_persistence,ret3_Q3,12h,forward_return,26315,0.0008796700728232206,-0.02729196150703935,-0.007242872530282107,0.0006679322224565354,0.008872079371516017,0.03077934524257741
05_momentum_persistence,ret3_Q3,12h,mfe,26315,0.012996896991531979,0.0007520717138693956,0.004166661795462323,0.009130386508375388,0.017004774341885076,0.03912402711723342
05_momentum_persistence,ret3_Q3,12h,mae,26315,0.012785658274154111,0.0006495200879606534,0.003719384168809625,0.008405464660929951,0.016809471619892824,0.03887931067778683
05_momentum_persistence,ret3_Q3,12h,future_vol,26315,0.02578255526568609,0.007913072758925208,0.014667303159757051,0.021695859872611464,0.032198530727562645,0.05664407760987714
05_momentum_persistence,ret3_Q4,12h,forward_return,26297,0.001487309376667668,-0.030285761764357155,-0.008882531953327888,0.0009729164553602399,0.011549786475616886,0.03547927319222675
05_momentum_persistence,ret3_Q4,12h,mfe,26297,0.01578525244882364,0.0008984586252722696,0.0052519204983751955,0.011409425957480845,0.021645126612288346,0.045811650649615024
05_momentum_persistence,ret3_Q4,12h,mae,26297,0.015559320949811203,0.0008946178000661221,0.004915685145321813,0.010873675303562647,0.020614079403824315,0.04558974960051435
05_momentum_persistence,ret3_Q4,12h,future_vol,26297,0.03134457339863484,0.011367925271704193,0.01876835938079267,0.026657014749909027,0.039027899235521454,0.06619761035647154
05_momentum_persistence,ret3_positive,12h,forward_return,53093,0.0011847114626350479,-0.028737897570272296,-0.00806072549024106,0.0007710657210353578,0.01008559704169687,0.03336603221768656
05_momentum_persistence,ret3_positive,12h,mfe,53093,0.014373316699558701,0.00082495181311808,0.004653799016368199,0.010192029624404908,0.019331606402607893,0.04266871032454501
05_momentum_persistence,ret3_positive,12h,mae,53093,0.014146847878370936,0.0007578852429826374,0.004216552864990564,0.009567830192787508,0.01870912066656749,0.0423465913314299
05_momentum_persistence,ret3_positive,12h,future_vol,53093,0.028520164577929632,0.008899526244200422,0.016750701021852943,0.024053802452721814,0.035461679204300586,0.061642115890961635
05_momentum_persistence,ret3_negative,12h,forward_return,52057,0.0013629157085410664,-0.028449200322797276,-0.007788039707044003,0.0011354575790685217,0.010216932902214815,0.03289001299249413
05_momentum_persistence,ret3_negative,12h,mfe,52057,0.014359294388308593,0.0009589072413353162,0.004791446171712899,0.010287313390072939,0.01902700643094657,0.04242920893089783
05_momentum_persistence,ret3_negative,12h,mae,52057,0.014210747257144718,0.0006858342496128158,0.004143660605884558,0.009538754537136374,0.018905068433222927,0.04292249088962306
05_momentum_persistence,ret3_negative,12h,future_vol,52057,0.02857004164545331,0.00889691761082428,0.016718066799723298,0.02396981845939284,0.03551507269261936,0.06177590592701068
05_momentum_persistence,ret6_Q1,12h,forward_return,26288,0.0015897515186661948,-0.031155587352948506,-0.008647573668254444,0.0015629885996175652,0.0115962924777685,0.035462951067284684
05_momentum_persistence,ret6_Q1,12h,mfe,26288,0.015737905831653146,0.0011683259451545913,0.005456140178628832,0.011417061313788057,0.021030470194776163,0.04529013147927884
05_momentum_persistence,ret6_Q1,12h,mae,26288,0.015969977888694142,0.0007703834984632953,0.0048241933455341335,0.010851082967600068,0.021025959381697518,0.047514930770686074
05_momentum_persistence,ret6_Q1,12h,future_vol,26288,0.03170788372034729,0.011405659877278653,0.01852532071638308,0.02669359707795929,0.03922060570903618,0.06703992540166914
05_momentum_persistence,ret6_Q2,12h,forward_return,26310,0.0011678216863494442,-0.02597994369120633,-0.006871577189080408,0.0008804639262393055,0.008975317970684793,0.029649347559720235
05_momentum_persistence,ret6_Q2,12h,mfe,26310,0.012923803030404963,0.000831204161489163,0.0042624922985070035,0.009153333524891005,0.016882668489070607,0.03851471510564487
05_momentum_persistence,ret6_Q2,12h,mae,26310,0.012421912982738781,0.0005913006597375869,0.0035965246319425714,0.008221202878605949,0.016424255665776016,0.03777699538162573
05_momentum_persistence,ret6_Q2,12h,future_vol,26310,0.02534571601314374,0.007750884367304642,0.014448561529045056,0.02139473493572317,0.03192966421653092,0.05519004253939471
05_momentum_persistence,ret6_Q3,12h,forward_return,26312,0.0009648020253065868,-0.027174536729643095,-0.007122956808791381,0.0006766395858512908,0.00901480252196385,0.0303662661614908
05_momentum_persistence,ret6_Q3,12h,mfe,26312,0.012993495021626649,0.0007259736684109619,0.004166418354169532,0.00918930317776634,0.017061203949112314,0.039012568681203674
05_momentum_persistence,ret6_Q3,12h,mae,26312,0.012762031243033174,0.0006766468968396,0.003686680850309265,0.008426306709501508,0.016954236249977606,0.03870040287216029
05_momentum_persistence,ret6_Q3,12h,future_vol,26312,0.02575552626465982,0.007922211413814217,0.014637707137986403,0.021787597221624305,0.03230773741337772,0.05634250693901468
05_momentum_persistence,ret6_Q4,12h,forward_return,26305,0.0013672126860557422,-0.030618747303392136,-0.009022350566815551,0.0008537857707364704,0.011453041993214397,0.035971241281512294
05_momentum_persistence,ret6_Q4,12h,mfe,26305,0.01580270118535774,0.0008858584482928756,0.00521910461427777,0.011329622386469396,0.021768882175226656,0.04654968241078594
05_momentum_persistence,ret6_Q4,12h,mae,26305,0.015556111808528957,0.0009254785036080903,0.004935464323587269,0.010850647068721853,0.02061260057801817,0.0454409265908948
05_momentum_persistence,ret6_Q4,12h,future_vol,26305,0.031358812993886695,0.011432595539160801,0.01876835938079267,0.026548316251830198,0.039053672647877895,0.0665785416156916
05_momentum_persistence,ret6_positive,12h,forward_return,53298,0.001156835772934894,-0.028766560603610762,-0.008040447676570583,0.0007370373325057411,0.01009598256781985,0.033295846769021656
05_momentum_persistence,ret6_positive,12h,mfe,53298,0.014360150311244923,0.0008044220486236322,0.0046385175210511,0.010164776213079874,0.01939518425225545,0.04286499047920084
05_momentum_persistence,ret6_positive,12h,mae,53298,0.014126557079242581,0.0007788141426805673,0.004209877995351302,0.009581889018883627,0.018763025543939632,0.042138981694905674
05_momentum_persistence,ret6_positive,12h,future_vol,53298,0.028486707390487507,0.008896896165685736,0.016739453456951908,0.024104583979894078,0.03547661700643687,0.061542810929137846
05_momentum_persistence,ret6_negative,12h,forward_return,51884,0.0013912027688790854,-0.02834252103917641,-0.007794597513572005,0.001168168293830596,0.0101981968439821,0.03290295582623363
05_momentum_persistence,ret6_negative,12h,mfe,51884,0.014370286813188358,0.0009732600443315144,0.0048115950141983665,0.010316877849793071,0.018986681229488878,0.0422174065400872
05_momentum_persistence,ret6_negative,12h,mae,51884,0.014231179878373246,0.0006622521280815419,0.004148458176811393,0.009524183614682658,0.018848847960651005,0.04319089755910073
05_momentum_persistence,ret6_negative,12h,future_vol,51884,0.028601466691561606,0.008900774130688521,0.01672086378360721,0.023904486915095974,0.035486947989640014,0.06187404668399717
05_momentum_persistence,ret12_Q1,12h,forward_return,26285,0.001591179024671857,-0.03050754735749763,-0.00887504234728953,0.0016259781805578744,0.011553978329664538,0.03484227178214665
05_momentum_persistence,ret12_Q1,12h,mfe,26285,0.01570727508073222,0.0011726458209196712,0.005478527307023473,0.011372113605725431,0.021016437993261805,0.04508132057353324
05_momentum_persistence,ret12_Q1,12h,mae,26285,0.016020361951999105,0.0007470551885936594,0.004883932424933679,0.010937005958895796,0.021109129038373475,0.047502334291554704
05_momentum_persistence,ret12_Q1,12h,future_vol,26285,0.03172763703273133,0.011564971759294062,0.01852452360469555,0.026758891180733962,0.03913641916684381,0.06695770353898217
05_momentum_persistence,ret12_Q2,12h,forward_return,26313,0.0012030078660789894,-0.026375216230829942,-0.006774501054681248,0.0009510251096891409,0.009022462590655422,0.03066096231213504
05_momentum_persistence,ret12_Q2,12h,mfe,26313,0.012920088161127346,0.0008218839169887637,0.004192301672720111,0.00906553263701615,0.01680429275272055,0.03882603506947893
05_momentum_persistence,ret12_Q2,12h,mae,26313,0.012475247408421358,0.0005763271476715516,0.003545359749739352,0.008173607459757704,0.01644687862166372,0.03842071232987721
05_momentum_persistence,ret12_Q2,12h,future_vol,26313,0.025395335569548705,0.0077616918130562875,0.014434356888463281,0.021350683665314566,0.03196558024580355,0.056282149686261475
05_momentum_persistence,ret12_Q3,12h,forward_return,26313,0.0011178480230479943,-0.02664213114976397,-0.006965345089651409,0.0006208495092916433,0.009064752737725446,0.031021349414596503
05_momentum_persistence,ret12_Q3,12h,mfe,26313,0.01302011017258731,0.0007245611473167823,0.004203952705774672,0.009197590508815967,0.017020927538015096,0.03932349646074689
05_momentum_persistence,ret12_Q3,12h,mae,26313,0.012581017642634387,0.0006672049204254905,0.0036447994144230833,0.008356462980454893,0.016626316403106522,0.03789672051257253
05_momentum_persistence,ret12_Q3,12h,future_vol,26313,0.025601127815221697,0.007791677661617988,0.014495577152590585,0.021681096319571266,0.03220358785573148,0.05483710563617794
05_momentum_persistence,ret12_Q4,12h,forward_return,26304,0.0011775530494607628,-0.031122475338751253,-0.009087634246655346,0.0007488662897190412,0.011365763388526406,0.035554825576579456
05_momentum_persistence,ret12_Q4,12h,mfe,26304,0.01581082944305991,0.0008839359758296528,0.005240708001982786,0.011360265128247615,0.02175288345921972,0.046760054663215686
05_momentum_persistence,ret12_Q4,12h,mae,26304,0.015633997882723755,0.0010096802691641816,0.005021401701328337,0.010968624552968376,0.020646461848980335,0.04550190306812976
05_momentum_persistence,ret12_Q4,12h,future_vol,26304,0.031444827325783666,0.011480902696878468,0.01890012861468052,0.026638676663312204,0.03923471360494821,0.06658065407154039
05_momentum_persistence,ret12_positive,12h,forward_return,53715,0.001146398285479174,-0.028813197858475557,-0.007977896750630986,0.0006893616587493323,0.010098368742688213,0.03335961741666882
05_momentum_persistence,ret12_positive,12h,mfe,53715,0.014380314496908438,0.0007965364927472908,0.004638196035221753,0.010193044566433329,0.019490800481980264,0.043004140472899084
05_momentum_persistence,ret12_positive,12h,mae,53715,0.014062414277431514,0.0008024340518385964,0.004231721528956345,0.009552244543715505,0.018605781092214835,0.0417359690519363
05_momentum_persistence,ret12_positive,12h,future_vol,53715,0.02844272877433995,0.008804450826696137,0.01676023683791919,0.024094872808921426,0.03543793510940689,0.0614369589600968
05_momentum_persistence,ret12_negative,12h,forward_return,51474,0.00140134227956893,-0.028321562457380472,-0.007851325871176318,0.0012251005200107912,0.010190998383060701,0.03287941215286519
05_momentum_persistence,ret12_negative,12h,mfe,51474,0.014346182047366382,0.0009779753566205752,0.004808580569666487,0.010285928375615705,0.01890017356028123,0.04198979068965392
05_momentum_persistence,ret12_negative,12h,mae,51474,0.014298163567188861,0.0006425630382006109,0.004124570077033124,0.009552633198647797,0.01900525142618012,0.043399137599326114
05_momentum_persistence,ret12_negative,12h,future_vol,51474,0.028644345614555245,0.008936270805375568,0.016703674308190117,0.023919222813953506,0.03552850891658024,0.062059688715797034
05_momentum_persistence,ret24_Q1,12h,forward_return,26282,0.001698491364008243,-0.030238942592288497,-0.008822477929853328,0.0016974831319460648,0.01170101762875686,0.03494309531562149
05_momentum_persistence,ret24_Q1,12h,mfe,26282,0.01564481561978988,0.0011976078255751643,0.0054704642982572604,0.0113422774148082,0.021125566497642134,0.0450441936077789
05_momentum_persistence,ret24_Q1,12h,mae,26282,0.01604784033373364,0.0007464650949966681,0.004942829769042673,0.01102225313786992,0.021202269306306976,0.0476406587683575
05_momentum_persistence,ret24_Q1,12h,future_vol,26282,0.03169265595352351,0.011597850733334658,0.018787837181981515,0.02697471694008154,0.03893453438289442,0.06675121361453559
05_momentum_persistence,ret24_Q2,12h,forward_return,26310,0.0009923432311110237,-0.026124415959754132,-0.006747687054109275,0.0008767666152209586,0.008525378974544029,0.028802077461244562
05_momentum_persistence,ret24_Q2,12h,mfe,26310,0.012544947264250414,0.0008146628307891924,0.0041275979357011106,0.008849091170862855,0.016398190024932535,0.037849414715004276
05_momentum_persistence,ret24_Q2,12h,mae,26310,0.012443330442099925,0.0005792470504731473,0.003504926047949386,0.008183267504479508,0.016570071882645726,0.03782881805293489
05_momentum_persistence,ret24_Q2,12h,future_vol,26310,0.02498827770635034,0.007640326284490593,0.014220052230739116,0.020961870383636443,0.031488792914094454,0.05469940787043173
05_momentum_persistence,ret24_Q3,12h,forward_return,26323,0.0012029818373564866,-0.026915254074911764,-0.006945831260410984,0.0007286577792497972,0.009173817219572555,0.032443567214598214
05_momentum_persistence,ret24_Q3,12h,mfe,26323,0.013324001980532942,0.0007568487591776974,0.004201206893121534,0.009402426448277712,0.017460162754056596,0.040522383818711066
05_momentum_persistence,ret24_Q3,12h,mae,26323,0.012684341389231812,0.0006563168226310534,0.0036290295726196797,0.008210237031947787,0.016484350556463523,0.03918746846618133
05_momentum_persistence,ret24_Q3,12h,future_vol,26323,0.026008343369764753,0.007856298162805484,0.014592796924432036,0.02168774713575991,0.03256004233358327,0.057127658503444034
05_momentum_persistence,ret24_Q4,12h,forward_return,26300,0.0011959234122807427,-0.03164697199491102,-0.009261236939557022,0.0006386600076948579,0.011750150994659758,0.03515963277976332
05_momentum_persistence,ret24_Q4,12h,mfe,26300,0.015945091678593672,0.000864095802582765,0.005276252435983009,0.011479586347036719,0.021919160411307204,0.046454775742206716
05_momentum_persistence,ret24_Q4,12h,mae,26300,0.015535897890962224,0.0010035184861177826,0.005032244390374779,0.010904173741120016,0.020589752267335087,0.0452215977922622
05_momentum_persistence,ret24_Q4,12h,future_vol,26300,0.031480989569555896,0.011603885841277714,0.01911140894285988,0.026718152554387566,0.03932085690372944,0.06672697641341563
05_momentum_persistence,ret24_positive,12h,forward_return,54656,0.00119297900986893,-0.02891337812889999,-0.00799059956956183,0.0007042989081708084,0.010237885288046145,0.033657742412873615
05_momentum_persistence,ret24_positive,12h,mfe,54656,0.014539383657267419,0.0007960168493702513,0.004652959196545903,0.010327588394872578,0.019713513354175705,0.043282855383315555
05_momentum_persistence,ret24_positive,12h,mae,54656,0.014023702065822301,0.000787276661544517,0.004200349184171753,0.009487471100734113,0.018452345521750596,0.041978330439120165
05_momentum_persistence,ret24_positive,12h,future_vol,54656,0.02856308572308972,0.008847940446415337,0.01681503481664611,0.024112952689463327,0.035798973826423885,0.06176118999355695
05_momentum_persistence,ret24_negative,12h,forward_return,50534,0.0013548824728894886,-0.028245254390372492,-0.007840217218151369,0.00122054531873661,0.010034213360904487,0.032432911318198365
05_momentum_persistence,ret24_negative,12h,mfe,50534,0.014172854000741105,0.0009861816758020558,0.004794980035846108,0.010129447381404866,0.01863829310023024,0.04175011917216156
05_momentum_persistence,ret24_negative,12h,mae,50534,0.01434461484230155,0.0006535859067651363,0.00416155508737906,0.009615701504595231,0.019191122857237952,0.043109271332500504
05_momentum_persistence,ret24_negative,12h,future_vol,50534,0.028517468843042657,0.008930971920391382,0.01664136645181844,0.023886194997227418,0.03517043465555081,0.061680901241321626
