investigation,regime,month,horizon,n,median_forward_return,mean_forward_return,mfe_median,mae_median,p_plus_1R_before_minus_1R,p_minus_1R_before_plus_1R,p_neither,future_vol_median
08_volume_regime,ALL,2024-01,1h,8879,4.517988518859539e-05,2.124765258139537e-05,0.002436590629568691,0.0025849353161649935,0.06160603671584638,0.06994030859331006,0.8684536546908436,0.006044419303772644
08_volume_regime,ALL,2024-01,4h,8879,0.00010970119415509849,4.231866353943963e-05,0.004969630310632134,0.0055054863312613556,0.22795359837819573,0.2545331681495664,0.5175132334722379,0.012988063661384148
08_volume_regime,ALL,2024-01,12h,8879,0.00016819784970056872,4.586004963755207e-05,0.009669893447409983,0.011107498180053299,0.37673161392048654,0.4631152156774411,0.1601531704020723,0.024114561654695024
08_volume_regime,ALL,2024-02,1h,8352,0.00017945023415866235,0.0005433406629831935,0.0022698596686994144,0.0020405115673953755,0.06297892720306514,0.04645593869731801,0.8905651340996169,0.005123814417060886
08_volume_regime,ALL,2024-02,4h,8352,0.0007985761364643906,0.002183776461520156,0.0054436066594754084,0.0041934029314550925,0.24952107279693486,0.14212164750957854,0.6083572796934866,0.01106414300615369
08_volume_regime,ALL,2024-02,12h,8352,0.002661702422199097,0.006682677324324979,0.010881310864947258,0.006887750125684822,0.47701149425287354,0.2855603448275862,0.23742816091954022,0.020447628455453313
08_volume_regime,ALL,2024-03,1h,8928,0.0002679720546627795,0.00022015766293167994,0.0034250420186016095,0.0031974183236427867,0.11727150537634409,0.131160394265233,0.7515681003584229,0.007938271928965625
08_volume_regime,ALL,2024-03,4h,8928,0.0012179394258780007,0.0008858192643981964,0.007437259817941966,0.0061336376404526605,0.34408602150537637,0.299171146953405,0.35674283154121866,0.016347866563686718
08_volume_regime,ALL,2024-03,12h,8928,0.001785981503882983,0.002374695251074401,0.013753420211916834,0.012328929774779063,0.49988799283154123,0.3949372759856631,0.1051747311827957,0.0315724724549345
08_volume_regime,ALL,2024-04,1h,8640,-0.0001445815801738859,-0.00020323636028925674,0.002852860207444574,0.0030299879090880943,0.08391203703703703,0.10844907407407407,0.8076388888888889,0.007169258802101146
08_volume_regime,ALL,2024-04,4h,8640,-0.0004773396933082652,-0.000835285028169492,0.005935189096255122,0.00678445560706431,0.2520833333333333,0.3453703703703704,0.4025462962962963,0.015315792013244355
08_volume_regime,ALL,2024-04,12h,8640,-0.0005990701567146206,-0.0026435425941208116,0.010227333160891527,0.013709022211331412,0.3980324074074074,0.5255787037037037,0.0763888888888889,0.028979508989723762
08_volume_regime,ALL,2024-05,1h,8928,5.3028772750152164e-05,0.00016262376096854396,0.0024534526000256074,0.0022518415072591558,0.053651433691756276,0.05566756272401434,0.8906810035842294,0.005599268509785955
08_volume_regime,ALL,2024-05,4h,8928,0.0006720940673013986,0.0006802306579643823,0.005338688862189356,0.004763678783120839,0.23342293906810035,0.2152777777777778,0.5512992831541219,0.012234504380231468
08_volume_regime,ALL,2024-05,12h,8928,0.0012175374272261896,0.002356799343243412,0.010009598558474608,0.00814051845994962,0.44388440860215056,0.3695116487455197,0.18660394265232974,0.021387283825588046
08_volume_regime,ALL,2024-06,1h,8640,-1.1613444137748008e-05,-9.607194153252308e-05,0.001578532011611511,0.0016678557526418336,0.026851851851851852,0.03796296296296296,0.9351851851851852,0.0041490436285499055
08_volume_regime,ALL,2024-06,4h,8640,-6.94159747712253e-05,-0.00034052088523477294,0.003329482478948931,0.0034543502410479543,0.14675925925925926,0.15324074074074073,0.7,0.008793547706301148
08_volume_regime,ALL,2024-06,12h,8640,0.00014919508487587496,-0.0010608554561317908,0.006766770883388951,0.006338762115017049,0.3091435185185185,0.3013888888888889,0.3894675925925926,0.01753239627059972
08_volume_regime,ALL,2024-07,1h,8928,0.00012583094258877825,5.418547772505353e-05,0.0027619755115640965,0.0025798164551133485,0.06720430107526881,0.07291666666666667,0.8598790322580645,0.006435237454059118
08_volume_regime,ALL,2024-07,4h,8928,0.0006059299830347697,0.00013975625557154404,0.005969261624468203,0.005647612798597601,0.26366487455197135,0.2743055555555556,0.4620295698924731,0.013851019663836001
08_volume_regime,ALL,2024-07,12h,8928,0.0009171033336692336,0.00046748474194255806,0.011274454465948325,0.011191202233273023,0.4718862007168459,0.4536290322580645,0.0744847670250896,0.025206341433060477
08_volume_regime,ALL,2024-08,1h,8928,2.8429475890434652e-05,-9.730011695970736e-05,0.0028323226949705793,0.002891856131382209,0.08400537634408602,0.11391129032258064,0.8020833333333334,0.006903259783145106
08_volume_regime,ALL,2024-08,4h,8928,2.4318743931939224e-06,-0.00037658477043061027,0.005914462376664598,0.006428608245282352,0.23823924731182797,0.31899641577060933,0.44276433691756273,0.014543240644356904
08_volume_regime,ALL,2024-08,12h,8928,0.00019847778189685528,-0.001239405739014651,0.011123342036194694,0.013063659255172222,0.396505376344086,0.4807347670250896,0.12275985663082438,0.02909111262468804
08_volume_regime,ALL,2024-09,1h,8640,1.900958799316843e-05,0.00010957111289747723,0.0022327355503837243,0.0022829560575167718,0.048726851851851855,0.04583333333333333,0.9054398148148148,0.005443627924990688
08_volume_regime,ALL,2024-09,4h,8640,0.00022184879455400264,0.00046990086950369895,0.0047363018157805525,0.004980874296895588,0.21354166666666666,0.20590277777777777,0.5805555555555556,0.011490070813354267
08_volume_regime,ALL,2024-09,12h,8640,0.0009091241292048524,0.0015858753452226708,0.009026299686663686,0.008833858399672379,0.39143518518518516,0.3940972222222222,0.2144675925925926,0.02190367771475559
08_volume_regime,ALL,2024-10,1h,8928,0.00011152585916929247,0.0001496506893653184,0.0020370569858961796,0.0019581306959067235,0.035842293906810034,0.038418458781362005,0.925739247311828,0.004837495015192324
08_volume_regime,ALL,2024-10,4h,8928,0.0004403619224778721,0.00053955112863744,0.0045382125699198195,0.0040039492843494395,0.18906810035842295,0.16263440860215053,0.6482974910394266,0.010431959975830846
08_volume_regime,ALL,2024-10,12h,8928,0.00118509825569868,0.0015165804951164767,0.008753990473147066,0.007261577464001967,0.4128584229390681,0.33747759856630827,0.24966397849462366,0.019963731799554678
08_volume_regime,ALL,2024-11,1h,8640,0.00032556245366266445,0.0004565900402762749,0.0028840030038950193,0.0027323271457819764,0.08854166666666667,0.08564814814814815,0.8258101851851852,0.006631207977840114
08_volume_regime,ALL,2024-11,4h,8640,0.0007812257834576286,0.001856080087506661,0.006176265761134392,0.005436195674401179,0.30162037037037037,0.24328703703703702,0.4550925925925926,0.01424106450695732
08_volume_regime,ALL,2024-11,12h,8640,0.0025056931875048205,0.005630719834768837,0.013134286818384577,0.009689756394243076,0.4681712962962963,0.39837962962962964,0.13344907407407408,0.027072766375069262
08_volume_regime,ALL,2024-12,1h,8916,7.052709658628142e-05,-2.448424385296507e-05,0.0026018396634464036,0.0027019738786142056,0.063257065948856,0.08221175414984298,0.854531179901301,0.006224717838626221
08_volume_regime,ALL,2024-12,4h,8880,0.00025695799177738454,-7.855735157109397e-05,0.00568323889113187,0.005589231396545824,0.22274774774774775,0.2768018018018018,0.5004504504504504,0.013088951799035095
08_volume_regime,ALL,2024-12,12h,8784,0.0006071651724317562,-0.0001810362299560422,0.010848320711293158,0.010685975687733273,0.44364754098360654,0.41928506375227687,0.13706739526411657,0.027823828688815153
08_volume_regime,vol_Q1,2024-01,1h,1841,6.854093484953694e-05,1.2652073937877864e-05,0.0024647087434792603,0.0025823765656728392,0.048343291689299295,0.051059206952743075,0.9005975013579577,0.006035353324329655
08_volume_regime,vol_Q1,2024-01,4h,1841,0.0005100150928243341,0.0007478605991187632,0.004925101109076513,0.005394224699576844,0.2265073329712113,0.22487778381314502,0.5486148832156437,0.01268763085833356
08_volume_regime,vol_Q1,2024-01,12h,1841,0.00031818378552572746,0.0011484309713082677,0.01000356722586715,0.010601208397555517,0.3981531776208582,0.4492123845736013,0.15263443780554048,0.021783540428255182
08_volume_regime,vol_Q1,2024-02,1h,1675,0.00016385978014432645,0.0005379320240795522,0.002165841343970465,0.00191215501057862,0.05373134328358209,0.04417910447761194,0.9020895522388059,0.004883073937877933
08_volume_regime,vol_Q1,2024-02,4h,1675,0.0011261784260896412,0.002118394481904027,0.005456219341742674,0.003908657231143975,0.24298507462686567,0.13074626865671643,0.626268656716418,0.010432187840502575
08_volume_regime,vol_Q1,2024-02,12h,1675,0.0033531314456243244,0.006715836011790589,0.011366781438811202,0.006622591805878875,0.47940298507462686,0.27044776119402986,0.2501492537313433,0.01874173876328266
08_volume_regime,vol_Q1,2024-03,1h,1531,0.0002895387605441613,0.000272233740283021,0.0033349566683469334,0.0029913585484555583,0.10254735467015023,0.13128674069235793,0.7661659046374918,0.007547420349043093
08_volume_regime,vol_Q1,2024-03,4h,1531,0.0013789545440121564,0.0013219783393941054,0.007313957064332133,0.00539677057248944,0.33442194644023515,0.2769431743958197,0.3886348791639451,0.0154745585871486
08_volume_regime,vol_Q1,2024-03,12h,1531,0.0028030645850989355,0.0029069955079063852,0.013897807080406999,0.011103726843104345,0.5160026126714565,0.37491835401698237,0.10907903331156107,0.030119405208152327
08_volume_regime,vol_Q1,2024-04,1h,2211,-8.078574173686626e-05,3.8429162718186114e-05,0.002648433271501105,0.002821786525070813,0.07507914970601538,0.07869742198100407,0.8462234283129806,0.006700279876159452
08_volume_regime,vol_Q1,2024-04,4h,2211,-0.00014759530536034848,-0.0002590733725178854,0.006037886872998888,0.006015093099380198,0.2573496155585708,0.3034825870646766,0.4391677973767526,0.014255156208793689
08_volume_regime,vol_Q1,2024-04,12h,2211,-6.506692162611127e-05,-0.0021974374064819926,0.010377375814631717,0.013187084302115681,0.4228855721393035,0.4925373134328358,0.0845771144278607,0.02784091668205738
08_volume_regime,vol_Q1,2024-05,1h,2402,-0.0001321572878409949,-4.6994282628574154e-05,0.002221571711009118,0.0023375813281234503,0.040383014154870944,0.05745212323064113,0.9021648626144879,0.005352015294396391
08_volume_regime,vol_Q1,2024-05,4h,2402,0.0005895530606058186,0.0004800687539682384,0.004829856942969557,0.004932603683899028,0.19858451290591175,0.22148209825145712,0.5799333888426311,0.011587055143056989
08_volume_regime,vol_Q1,2024-05,12h,2402,0.0015384775147468943,0.0027301216046378986,0.009318129113689677,0.007525924757530833,0.42173189009159034,0.3642797668609492,0.21398834304746045,0.02021360043375621
08_volume_regime,vol_Q1,2024-06,1h,2320,3.1937932328141017e-05,1.8115408476412046e-05,0.0014628356564080347,0.0015535253989208408,0.023706896551724137,0.023706896551724137,0.9525862068965517,0.003848721898632259
08_volume_regime,vol_Q1,2024-06,4h,2320,8.128463981127432e-06,-0.0002041203288447961,0.003213716282404744,0.003178708664803742,0.1314655172413793,0.14396551724137932,0.7245689655172414,0.0083594981258641
08_volume_regime,vol_Q1,2024-06,12h,2320,0.00035577687777577083,-0.0013296961136412323,0.006213106418634262,0.0061379084705945886,0.27844827586206894,0.30689655172413793,0.4146551724137931,0.016827335037527393
08_volume_regime,vol_Q1,2024-07,1h,2531,6.943963427308297e-05,4.038465033407007e-05,0.002502821397478483,0.0023643238237816,0.05966021335440538,0.06400632161201106,0.8763334650335836,0.005918070782900659
08_volume_regime,vol_Q1,2024-07,4h,2531,0.0003856740872960618,0.00018742855761530626,0.005617657701556533,0.005269623044586891,0.23943105491900435,0.26787830896878706,0.4926906361122086,0.013022173641474115
08_volume_regime,vol_Q1,2024-07,12h,2531,0.0006005380394100701,0.00041039910837109447,0.010611646894783222,0.011066315299466667,0.44843935203476887,0.46503358356380875,0.08652706440142237,0.024695136274051756
08_volume_regime,vol_Q1,2024-08,1h,2625,2.7530971175915298e-05,-4.8986160308481565e-05,0.002626865711957471,0.002791136952140949,0.06438095238095239,0.09180952380952381,0.8438095238095238,0.006508685328667887
08_volume_regime,vol_Q1,2024-08,4h,2625,-0.00016617103431793012,-0.0004568838321716516,0.005698231692796485,0.006074141752533735,0.22742857142857142,0.2998095238095238,0.47276190476190477,0.013642834403606698
08_volume_regime,vol_Q1,2024-08,12h,2625,-0.00015133441344550302,-0.0017995734293760487,0.010584173301044109,0.012249262504738678,0.39276190476190476,0.4807619047619048,0.12647619047619046,0.02775496341682322
08_volume_regime,vol_Q1,2024-09,1h,2705,0.00012144754381115952,0.0002166247533491996,0.002122719358130576,0.00208785505518283,0.03992606284658041,0.03512014787430684,0.9249537892791128,0.005121005567340988
08_volume_regime,vol_Q1,2024-09,4h,2705,0.0003041599001614159,0.0005697859591538987,0.0046898417519094515,0.0047244710932592415,0.20147874306839186,0.18595194085027728,0.6125693160813309,0.011329044411909373
08_volume_regime,vol_Q1,2024-09,12h,2705,0.0005438032487214972,0.0011404520276407201,0.008683317771553067,0.00883372768624413,0.39075785582255085,0.37929759704251387,0.2299445471349353,0.021795602037291608
08_volume_regime,vol_Q1,2024-10,1h,2533,0.000244489301574502,0.0002034744187100863,0.0019163472754542,0.0017732089107657112,0.0284247927358863,0.03316225819186735,0.9384129490722464,0.004481299726452742
08_volume_regime,vol_Q1,2024-10,4h,2533,0.00041555672020354706,0.00045349686473692525,0.004290925672594703,0.0038089772622512674,0.17173312277931307,0.1551519936833794,0.6731148835373075,0.009971406297433512
08_volume_regime,vol_Q1,2024-10,12h,2533,0.0011322768073269707,0.0015951322610593325,0.007988046621046907,0.006933838849619844,0.3904461113304382,0.31898934070272406,0.2905645479668377,0.019295620652260363
08_volume_regime,vol_Q1,2024-11,1h,1867,0.00021228904860359776,0.00012040056986653726,0.0026918012959324944,0.002610233163011122,0.05838243170862346,0.08248527048741296,0.8591322978039636,0.0061630483346740315
08_volume_regime,vol_Q1,2024-11,4h,1867,0.0006967359278200469,0.0014194204108991468,0.005596196561577171,0.005193497338512487,0.2779860739153723,0.23942153186930906,0.4825923942153187,0.013206143825367472
08_volume_regime,vol_Q1,2024-11,12h,1867,0.003644204737927925,0.0071241244762731675,0.013613485405497006,0.008842560889306128,0.4654525977504017,0.38564542046063205,0.14890198178896624,0.02547790450583282
08_volume_regime,vol_Q1,2024-12,1h,2098,-7.074872721068992e-05,-0.00029490098308212115,0.002338073273742136,0.0027480699717299384,0.053860819828408006,0.06816015252621545,0.8779790276453765,0.005914910600730924
08_volume_regime,vol_Q1,2024-12,4h,2084,-3.753549403356926e-05,-0.0006703180505344049,0.0050248485399641,0.00559989792343768,0.18618042226487524,0.28934740882917465,0.52447216890595,0.012467523214148398
08_volume_regime,vol_Q1,2024-12,12h,2056,0.00012769479522400928,-0.0006881700123446766,0.010115160452557226,0.01070577713925347,0.42120622568093385,0.4382295719844358,0.14056420233463035,0.02541984461139718
08_volume_regime,vol_Q1_bull,2024-01,1h,932,-0.00028748846955484186,1.0875968316941136e-05,0.002262750812045189,0.0026122354681037407,0.0611587982832618,0.034334763948497854,0.9045064377682404,0.005846054789585945
08_volume_regime,vol_Q1_bull,2024-01,4h,932,-0.00035178879167951926,0.0007903240147586123,0.004428061653977466,0.0053317379780905005,0.22854077253218885,0.1888412017167382,0.5826180257510729,0.011815211900745233
08_volume_regime,vol_Q1_bull,2024-01,12h,932,-0.00047015648931475473,0.0026778746516616264,0.01056182474007139,0.008986561282648742,0.41094420600858367,0.4002145922746781,0.1888412017167382,0.02178919125450956
08_volume_regime,vol_Q1_bull,2024-02,1h,964,4.124759133794509e-05,0.0004784079953304935,0.002294318453845645,0.002161568151509141,0.06327800829875518,0.052904564315352696,0.8838174273858921,0.005207159211929503
08_volume_regime,vol_Q1_bull,2024-02,4h,964,0.0007774892224546859,0.0022854846648733954,0.005577025417181858,0.00420624839964745,0.28526970954356845,0.12966804979253113,0.5850622406639004,0.011266558875479386
08_volume_regime,vol_Q1_bull,2024-02,12h,964,0.003669043344622258,0.006236704461955763,0.01148255365226114,0.006846751902627735,0.5062240663900415,0.2697095435684647,0.22406639004149378,0.019116228576015852
08_volume_regime,vol_Q1_bull,2024-03,1h,790,0.0005795861189151763,0.0009178637630330615,0.0034052708617060556,0.002624624648609575,0.10886075949367088,0.07215189873417721,0.8189873417721519,0.007148954485072471
08_volume_regime,vol_Q1_bull,2024-03,4h,790,0.0024092043159472665,0.0022605199906074514,0.008307719444218709,0.004701472908342386,0.3822784810126582,0.22278481012658227,0.3949367088607595,0.015061355758587244
08_volume_regime,vol_Q1_bull,2024-03,12h,790,0.0038942965368463645,0.004199255080856679,0.01438964505053597,0.010127959401508346,0.5721518987341773,0.34050632911392403,0.08734177215189873,0.030595081103961093
08_volume_regime,vol_Q1_bull,2024-04,1h,1055,-0.00010284345723077237,0.00016540947306230237,0.002532503608157155,0.0027646498744914316,0.06540284360189573,0.061611374407582936,0.8729857819905213,0.006272703944172619
08_volume_regime,vol_Q1_bull,2024-04,4h,1055,-0.0005215811735591602,9.65797021959391e-05,0.005787362575926824,0.005446603902584335,0.25876777251184835,0.2663507109004739,0.47488151658767774,0.013259112446192482
08_volume_regime,vol_Q1_bull,2024-04,12h,1055,-0.0004031048812691562,-0.003051843650880464,0.010420020099054073,0.011387473778843304,0.44360189573459713,0.46350710900473935,0.09289099526066351,0.024567270258612724
08_volume_regime,vol_Q1_bull,2024-05,1h,1257,-0.0003517885675587973,-0.0002341315826538553,0.0019771850609029418,0.0022735566856116884,0.04295942720763723,0.05250596658711217,0.9045346062052506,0.005243858147714611
08_volume_regime,vol_Q1_bull,2024-05,4h,1257,-0.00028840156265386163,-8.855656410552928e-05,0.0044921632649659315,0.005028567835839048,0.21797931583134447,0.21241050119331742,0.569610182975338,0.011817058625489804
08_volume_regime,vol_Q1_bull,2024-05,12h,1257,0.0008753829161851634,0.0021655853882081117,0.009208605381010315,0.007298850491915809,0.4049323786793954,0.3818615751789976,0.21320604614160701,0.021432173791057715
08_volume_regime,vol_Q1_bull,2024-06,1h,1081,-4.9675820384287306e-05,5.105341405334454e-05,0.001284294399936492,0.0014392549738958538,0.02312673450508788,0.01572617946345976,0.9611470860314524,0.0032925531914893102
08_volume_regime,vol_Q1_bull,2024-06,4h,1081,-0.00021716861489728956,-0.00022697576784632323,0.0031906628216802346,0.0029028544839715398,0.12488436632747456,0.1091581868640148,0.7659574468085106,0.007916275840993905
08_volume_regime,vol_Q1_bull,2024-06,12h,1081,0.0007974480481056645,-0.0009122410713943704,0.006112412508991749,0.00573838394557169,0.25716928769657726,0.26549491211840887,0.47733580018501387,0.01537082892399445
08_volume_regime,vol_Q1_bull,2024-07,1h,1370,-0.00013656006073214932,0.000209713407305551,0.0023923630993168965,0.0022547032670746647,0.07153284671532846,0.04671532846715328,0.8817518248175182,0.005892209715801806
08_volume_regime,vol_Q1_bull,2024-07,4h,1370,0.000740083883734366,0.000966926765149923,0.0061002876724842725,0.0048256479487178705,0.2941605839416058,0.2364963503649635,0.46934306569343065,0.013248164671219313
08_volume_regime,vol_Q1_bull,2024-07,12h,1370,0.001811122578226132,0.0007558406528274413,0.011759959107501716,0.010329152948432174,0.49635036496350365,0.4248175182481752,0.07883211678832117,0.025747218619907794
08_volume_regime,vol_Q1_bull,2024-08,1h,1300,-0.00011982290868756129,-0.00012449318805462842,0.0025078729341390105,0.0025813233085503207,0.07,0.07538461538461538,0.8546153846153847,0.0062733811549448215
08_volume_regime,vol_Q1_bull,2024-08,4h,1300,-0.0005851411633872594,-0.00045695869929543876,0.005599457185151979,0.0056455285298102065,0.24153846153846154,0.28307692307692306,0.4753846153846154,0.01355386396432633
08_volume_regime,vol_Q1_bull,2024-08,12h,1300,-0.0006364143823504587,-0.0013906053812417114,0.009992367590426987,0.011577495491111534,0.3984615384615385,0.43153846153846154,0.17,0.02910221598785281
08_volume_regime,vol_Q1_bull,2024-09,1h,1377,-0.00012275157997088115,8.188729640996489e-05,0.0019802128818400266,0.002069985784654116,0.05228758169934641,0.03558460421205519,0.9121278140885984,0.005136571200709068
08_volume_regime,vol_Q1_bull,2024-09,4h,1377,6.350740241911623e-05,0.0003139840314343903,0.004502486409288631,0.004685123212655906,0.23093681917211328,0.19680464778503995,0.5722585330428468,0.011465472470776514
08_volume_regime,vol_Q1_bull,2024-09,12h,1377,-0.0002611363313295145,0.0008272010348403209,0.00865177928629679,0.008339294021681432,0.40305010893246185,0.39215686274509803,0.2047930283224401,0.02185097403470897
08_volume_regime,vol_Q1_bull,2024-10,1h,1384,0.000154132345365543,0.00011118507612383556,0.0018360109270225689,0.0017013345336240882,0.03106936416184971,0.029624277456647398,0.9393063583815029,0.004349225134197219
08_volume_regime,vol_Q1_bull,2024-10,4h,1384,0.00012911561372475067,0.0005484064775809781,0.004314462175032507,0.0035336771674004397,0.18208092485549132,0.12789017341040462,0.690028901734104,0.009449203611959247
08_volume_regime,vol_Q1_bull,2024-10,12h,1384,0.0017124592690432872,0.0023901626599448222,0.009407006141241792,0.0064850330101159925,0.43786127167630057,0.2947976878612717,0.26734104046242774,0.019455913242369227
08_volume_regime,vol_Q1_bull,2024-11,1h,999,5.627868354673993e-06,0.00012930299363602684,0.0026490969993033797,0.0027304977004072306,0.07107107107107107,0.08408408408408409,0.8448448448448449,0.006309468694432633
08_volume_regime,vol_Q1_bull,2024-11,4h,999,0.0003372939405408282,0.0014219760499117476,0.006171336672553318,0.005622663215415602,0.3163163163163163,0.24624624624624625,0.43743743743743746,0.013939750137750367
08_volume_regime,vol_Q1_bull,2024-11,12h,999,0.0022756917756139305,0.00679225602737234,0.013830785115090727,0.010243024829048819,0.48848848848848847,0.4094094094094094,0.1021021021021021,0.027393346172583818
08_volume_regime,vol_Q1_bull,2024-12,1h,991,-0.0002371058471344334,-0.00019576464002118613,0.002149839147115973,0.0026091888714038225,0.04339051463168517,0.04137235116044399,0.9152371342078708,0.005369349249003344
08_volume_regime,vol_Q1_bull,2024-12,4h,991,-0.00012191313838538775,-0.0008102925845189167,0.005029295422157132,0.005525602814614672,0.16044399596367306,0.27547931382441976,0.5640766902119072,0.011336553849795117
08_volume_regime,vol_Q1_bull,2024-12,12h,979,-0.0009283853546383503,-0.0012494355335757905,0.010135419052955896,0.010997955713880847,0.42696629213483145,0.4606741573033708,0.11235955056179775,0.024604652874813695
08_volume_regime,vol_Q1_bear,2024-01,1h,909,0.0004390474752140605,1.4473119525020912e-05,0.0026722104911458544,0.002568346136854749,0.0352035203520352,0.06820682068206821,0.8965896589658966,0.00624194725265556
08_volume_regime,vol_Q1_bear,2024-01,4h,909,0.0010751579522960686,0.0007043227516200398,0.0054279094176015175,0.005589954590962343,0.22442244224422442,0.26182618261826185,0.5137513751375138,0.013367460009424929
08_volume_regime,vol_Q1_bear,2024-01,12h,909,0.0009003087712202706,-0.00041971150403752983,0.009591772572175028,0.011428192923942038,0.385038503850385,0.49944994499449946,0.11551155115511551,0.021757062048362908
08_volume_regime,vol_Q1_bear,2024-02,1h,711,0.0003205804654040634,0.0006186368956886838,0.0019930763919451255,0.0016283801525781572,0.040787623066104076,0.03234880450070324,0.9268635724331927,0.0044379033859568585
08_volume_regime,vol_Q1_bear,2024-02,4h,711,0.0016714452879753594,0.001891847454643168,0.005385108844227826,0.003454183723320625,0.18565400843881857,0.13220815752461323,0.6821378340365682,0.009648495208380445
08_volume_regime,vol_Q1_bear,2024-02,12h,711,0.0028982055642043925,0.007365460222818398,0.011118789351919123,0.006395042813771901,0.4430379746835443,0.2714486638537271,0.28551336146272854,0.0182657906151477
08_volume_regime,vol_Q1_bear,2024-03,1h,741,0.00017395725220170632,-0.00041608976575278477,0.003238480312309777,0.0033356497567755827,0.09581646423751687,0.19433198380566802,0.7098515519568152,0.007957500515247674
08_volume_regime,vol_Q1_bear,2024-03,4h,741,0.0007021079824702792,0.0003213738799358825,0.006334938672180268,0.006112619871246561,0.2834008097165992,0.33468286099865047,0.38191632928475033,0.015679503097734998
08_volume_regime,vol_Q1_bear,2024-03,12h,741,0.001680332156841935,0.0015292828727771922,0.013362879538177275,0.011416184971098309,0.45614035087719296,0.4116059379217274,0.13225371120107962,0.0296555112024435
08_volume_regime,vol_Q1_bear,2024-04,1h,1156,-7.076947361939201e-05,-7.745684715468815e-05,0.002811237956765189,0.0029028967053723043,0.08391003460207612,0.09429065743944637,0.8217993079584776,0.0072892647997420245
08_volume_regime,vol_Q1_bear,2024-04,4h,1156,0.00030404194552835495,-0.0005836529519496199,0.00613770199352992,0.006562868054723614,0.2560553633217993,0.3373702422145329,0.40657439446366783,0.016055650949805628
08_volume_regime,vol_Q1_bear,2024-04,12h,1156,0.0004107683201574064,-0.001417680842606224,0.01031965730526685,0.015542335313511124,0.4039792387543253,0.5190311418685121,0.07698961937716263,0.03104980307216928
08_volume_regime,vol_Q1_bear,2024-05,1h,1145,0.0001941433900196632,0.00015844815067428907,0.0023822334887255714,0.002413271964042063,0.03755458515283843,0.062882096069869,0.8995633187772926,0.005437109146369911
08_volume_regime,vol_Q1_bear,2024-05,4h,1145,0.001564186343969265,0.0011043150638535885,0.005386676989964645,0.004802898550724577,0.17729257641921398,0.2314410480349345,0.5912663755458515,0.011463239868030512
08_volume_regime,vol_Q1_bear,2024-05,12h,1145,0.002599945393767511,0.0033498788308843975,0.009351482135700362,0.007800482816465393,0.440174672489083,0.34497816593886466,0.21484716157205241,0.01942699053576975
08_volume_regime,vol_Q1_bear,2024-06,1h,1239,0.00013608876562720695,-1.062227031992696e-05,0.0015842456198509325,0.0016680752199130788,0.024213075060532687,0.03066989507667474,0.9451170298627926,0.004064013078294788
08_volume_regime,vol_Q1_bear,2024-06,4h,1239,0.0002499611137034563,-0.00018417946559971875,0.0032192443791674297,0.0036468343982025697,0.13720742534301855,0.17433414043583534,0.688458434221146,0.009147200997972877
08_volume_regime,vol_Q1_bear,2024-06,12h,1239,-0.0001392258809936875,-0.0016939163724538702,0.006327763634925265,0.006760022860272885,0.2970137207425343,0.34301856335754644,0.35996771589991927,0.017800760210424146
08_volume_regime,vol_Q1_bear,2024-07,1h,1161,0.00035633236010057523,-0.00015942619983899532,0.002630590003757982,0.0025187669451017802,0.04565030146425495,0.08440999138673558,0.8699397071490095,0.005925102055451603
08_volume_regime,vol_Q1_bear,2024-07,4h,1161,0.0002091911143151659,-0.0007323927553239052,0.004946446459123788,0.006080559102960348,0.1748492678725237,0.3049095607235142,0.5202411714039621,0.012827655696158624
08_volume_regime,vol_Q1_bear,2024-07,12h,1161,-0.0008557108714892792,2.772135153871739e-06,0.009511740588892925,0.012852992985846856,0.39190353143841516,0.512489233419466,0.09560723514211886,0.02400851414021726
08_volume_regime,vol_Q1_bear,2024-08,1h,1325,0.00018736108491457237,2.5096206536794593e-05,0.002742812611177925,0.0030238529142490034,0.05886792452830188,0.1079245283018868,0.8332075471698113,0.0066589200363411614
08_volume_regime,vol_Q1_bear,2024-08,4h,1325,0.00044108397880671113,-0.00045681037763510573,0.005747414142404983,0.006766756950281727,0.21358490566037736,0.31622641509433963,0.470188679245283,0.014116175184857091
08_volume_regime,vol_Q1_bear,2024-08,12h,1325,0.0004182716671354836,-0.0022008250992437022,0.011128647376635437,0.01309264116691522,0.38716981132075473,0.5290566037735849,0.08377358490566038,0.02742528188026046
08_volume_regime,vol_Q1_bear,2024-09,1h,1328,0.0003698988816221993,0.00035633369778092117,0.002301705140042687,0.002102430647738962,0.02710843373493976,0.03463855421686747,0.9382530120481928,0.005101040226335887
08_volume_regime,vol_Q1_bear,2024-09,4h,1328,0.0005238774387791301,0.0008350263616160697,0.004820175446206276,0.004742075486445951,0.17093373493975902,0.1746987951807229,0.6543674698795181,0.010899144921741063
08_volume_regime,vol_Q1_bear,2024-09,12h,1328,0.0010829109494722156,0.0014652612272537855,0.008692412728039,0.009217869741024398,0.37801204819277107,0.36596385542168675,0.2560240963855422,0.0214646780373489
08_volume_regime,vol_Q1_bear,2024-10,1h,1149,0.0003618421647766379,0.0003146393013379114,0.0020274729085403287,0.001824205897612674,0.025239338555265448,0.03742384682332463,0.9373368146214099,0.004705545682846662
08_volume_regime,vol_Q1_bear,2024-10,4h,1149,0.0007831674561460389,0.00033917579930944994,0.004287426900584812,0.0041754599109120605,0.15926892950391644,0.18798955613577023,0.6527415143603134,0.010656890280318413
08_volume_regime,vol_Q1_bear,2024-10,12h,1149,0.0006636663143824162,0.0006374977335941305,0.0067474500268494,0.007351895110046525,0.3333333333333333,0.34812880765883375,0.3185378590078329,0.01904928600247306
08_volume_regime,vol_Q1_bear,2024-11,1h,868,0.00047482273235799344,0.00011015457753275835,0.002742930888407269,0.002472548619581072,0.04377880184331797,0.08064516129032258,0.8755760368663594,0.006042456101142331
08_volume_regime,vol_Q1_bear,2024-11,4h,868,0.0011406529183437542,0.0014164790706069946,0.005119125371538691,0.004809317356750165,0.23387096774193547,0.2315668202764977,0.5345622119815668,0.012355143154779038
08_volume_regime,vol_Q1_bear,2024-11,12h,868,0.004598687268670187,0.007506079062047277,0.01304949406123479,0.00789953222064721,0.43894009216589863,0.358294930875576,0.20276497695852536,0.024360078733368113
08_volume_regime,vol_Q1_bear,2024-12,1h,1107,7.021259498607435e-05,-0.0003836490553254694,0.002532344714608392,0.0029236778310155476,0.06323396567299007,0.0921409214092141,0.8446251129177959,0.006313377557212657
08_volume_regime,vol_Q1_bear,2024-12,4h,1093,5.5900898886296346e-05,-0.0005434060988613483,0.004977785318205585,0.005708931821745367,0.20951509606587373,0.3019213174748399,0.4885635864592864,0.012952323779766543
08_volume_regime,vol_Q1_bear,2024-12,12h,1077,0.0009834736770271135,-0.0001779760055802747,0.010075325806821134,0.01039110729662207,0.4159702878365831,0.4178272980501393,0.16620241411327763,0.026757809030286753
08_volume_regime,vol_Q2,2024-01,1h,2432,8.743809576416961e-05,9.41434733489743e-05,0.0023577713641037557,0.0024322638217639247,0.05180921052631579,0.06126644736842105,0.8869243421052632,0.005936196133681019
08_volume_regime,vol_Q2,2024-01,4h,2432,3.417096318325541e-05,-7.672050226715455e-05,0.005060751710403655,0.005526306584643925,0.22820723684210525,0.26151315789473684,0.5102796052631579,0.013097924939662586
08_volume_regime,vol_Q2,2024-01,12h,2432,2.2770511292846685e-05,-0.00027013108908996897,0.009460184370984392,0.01096674524024377,0.3832236842105263,0.4654605263157895,0.1513157894736842,0.023879312111539725
08_volume_regime,vol_Q2,2024-02,1h,2256,0.00026824107578782286,0.0005730567011977746,0.0022599061707262447,0.0020165734142450487,0.054078014184397165,0.043882978723404256,0.9020390070921985,0.00505243814897802
08_volume_regime,vol_Q2,2024-02,4h,2256,0.0008700876091320975,0.0022821366793029617,0.005556877588866249,0.00417048858387542,0.2522163120567376,0.13076241134751773,0.6170212765957447,0.011135379580501495
08_volume_regime,vol_Q2,2024-02,12h,2256,0.002788622902233362,0.006587207867483917,0.011112222358435564,0.006809793584275248,0.4849290780141844,0.2695035460992908,0.24556737588652483,0.0202862607503647
08_volume_regime,vol_Q2,2024-03,1h,2507,0.000271295901636881,0.00037907202493311535,0.003254159772648757,0.002979801109080249,0.11328280813721579,0.11687275628240926,0.769844435580375,0.00769863128329819
08_volume_regime,vol_Q2,2024-03,4h,2507,0.0009434049505714359,0.0005242057631434706,0.0075269571797329515,0.006021726034361241,0.35061826884722774,0.2927802153968887,0.3566015157558835,0.016161873737894863
08_volume_regime,vol_Q2,2024-03,12h,2507,0.0017794269057647139,0.0021793422543075498,0.013618644877758657,0.011882477415154247,0.49980055843637816,0.3901076984443558,0.11009174311926606,0.03152042015389195
08_volume_regime,vol_Q2,2024-04,1h,2148,-0.00018068675838284198,-0.00034947925123572806,0.002775928887714607,0.0027946351404641856,0.07029795158286778,0.09962756052141528,0.8300744878957169,0.0067009897773225935
08_volume_regime,vol_Q2,2024-04,4h,2148,-0.0008180624945074988,-0.0007884178400025275,0.005770033170973798,0.006879734317476849,0.24534450651769088,0.3398510242085661,0.41480446927374304,0.015250953007685825
08_volume_regime,vol_Q2,2024-04,12h,2148,-0.0012195644278619189,-0.0025987429322858946,0.010041879186480474,0.013823753252509452,0.38687150837988826,0.5363128491620112,0.07681564245810056,0.02891937414841759
08_volume_regime,vol_Q2,2024-05,1h,2196,3.350464230267303e-05,0.00021772203537894218,0.0022604505278664977,0.002136046837661165,0.051001821493624776,0.05009107468123861,0.8989071038251366,0.0053625258872036785
08_volume_regime,vol_Q2,2024-05,4h,2196,0.0009154914494875488,0.0008598570956081485,0.005421477066458902,0.004563007673563435,0.226775956284153,0.19262295081967212,0.5806010928961749,0.012013549872776415
08_volume_regime,vol_Q2,2024-05,12h,2196,0.0012063724261007769,0.0022496226332628898,0.009986063032774495,0.007907807051487081,0.44581056466302366,0.35974499089253187,0.19444444444444445,0.021369214315652002
08_volume_regime,vol_Q2,2024-06,1h,2062,-3.758352973032286e-05,-0.0002336303799448769,0.001557298638844129,0.0016112752123889629,0.02376333656644035,0.03540252182347236,0.9408341416100873,0.004082460628790531
08_volume_regime,vol_Q2,2024-06,4h,2062,-0.000143586350152769,-0.0006033403101805924,0.0033706535191170284,0.00354433664190279,0.15082444228903977,0.15664403491755577,0.6925315227934045,0.00886215671078882
08_volume_regime,vol_Q2,2024-06,12h,2062,7.65527342323491e-05,-0.0010917847095831624,0.006654586964454201,0.006512680483819089,0.3176527643064985,0.2866149369544132,0.3957322987390883,0.017013178957615914
08_volume_regime,vol_Q2,2024-07,1h,2077,0.00011599306420961852,7.42185580941099e-05,0.0026896905912774383,0.0024125399219593335,0.05970149253731343,0.06355320173326914,0.8767453057294174,0.006152197302338297
08_volume_regime,vol_Q2,2024-07,4h,2077,0.0007212650369405882,8.975329339596367e-05,0.0059880239520957446,0.005575765017054812,0.268175252768416,0.27106403466538276,0.46076071256620127,0.013730751052129554
08_volume_regime,vol_Q2,2024-07,12h,2077,0.0007062145853615753,0.0005824344332328637,0.011569267279738948,0.011102537047827488,0.48531535869041886,0.4472797303803563,0.06740491092922485,0.025323914625689475
08_volume_regime,vol_Q2,2024-08,1h,2058,7.698899680885773e-06,7.483531310774593e-05,0.0027283777315618707,0.0028659608226641597,0.0782312925170068,0.10058309037900874,0.8211856171039844,0.00669902942125773
08_volume_regime,vol_Q2,2024-08,4h,2058,9.866556210313959e-05,-0.000650818840505525,0.005540309982842717,0.006335648138288297,0.2240038872691934,0.31584062196307094,0.46015549076773565,0.013946318494157364
08_volume_regime,vol_Q2,2024-08,12h,2058,0.0007080314297156498,-0.0011402540181084592,0.010923201785899561,0.012576217959333669,0.3935860058309038,0.4713313896987366,0.13508260447035958,0.027873028620199962
08_volume_regime,vol_Q2,2024-09,1h,1990,-6.602576115244396e-05,4.95552042350376e-05,0.002182118939535238,0.0023294000214149624,0.04673366834170854,0.04221105527638191,0.9110552763819095,0.005473746835087077
08_volume_regime,vol_Q2,2024-09,4h,1990,1.9707976341987177e-06,0.00022744522619882885,0.004553712296224144,0.005152123506930728,0.2135678391959799,0.22060301507537688,0.5658291457286432,0.011549068844503123
08_volume_regime,vol_Q2,2024-09,12h,1990,0.0008357436530257445,0.001551557398410833,0.00864076856683349,0.008884750799629304,0.38140703517587937,0.4035175879396985,0.2150753768844221,0.021942706494313412
08_volume_regime,vol_Q2,2024-10,1h,2108,8.396478793692985e-06,6.112263091241845e-05,0.002017406775575825,0.001911870178366637,0.03178368121442125,0.03842504743833017,0.9297912713472486,0.004818243678903081
08_volume_regime,vol_Q2,2024-10,4h,2108,0.0005027363441512112,0.0005951510214107157,0.004539341696458088,0.0038863811041242036,0.19070208728652752,0.16603415559772297,0.6432637571157496,0.01032619520253505
08_volume_regime,vol_Q2,2024-10,12h,2108,0.001093456944956328,0.0016904175677147457,0.008717890648228255,0.007142217779611992,0.4074952561669829,0.340607210626186,0.2518975332068311,0.019907950116798
08_volume_regime,vol_Q2,2024-11,1h,2233,0.00035454863891848376,0.0005053577213445256,0.002880115905678604,0.0026963831066874056,0.08866995073891626,0.07792207792207792,0.8334079713390058,0.006463796508724512
08_volume_regime,vol_Q2,2024-11,4h,2233,0.0007058632186711655,0.0018102267506364404,0.006190251639730748,0.0053219508524319226,0.3166144200626959,0.22436184505150022,0.45902373488580384,0.01434268110231557
08_volume_regime,vol_Q2,2024-11,12h,2233,0.002081571586547648,0.005217498900707823,0.013155202160593404,0.009756854429094575,0.471115091804747,0.3882669055082848,0.1406180026869682,0.02724392531163327
08_volume_regime,vol_Q2,2024-12,1h,2269,-6.893069196101109e-06,6.362512544740545e-05,0.0024697555756727496,0.002663975502001037,0.061260467166152494,0.07271925958572058,0.8660202732481269,0.006121558679500296
08_volume_regime,vol_Q2,2024-12,4h,2261,0.0004523859971277133,0.00014761924619066365,0.00576404034896405,0.0054150023886468945,0.23175586023883238,0.26758071649712517,0.5006634232640425,0.013054585515922484
08_volume_regime,vol_Q2,2024-12,12h,2235,0.0005260933767370357,-0.0004489367110710537,0.010988247489539082,0.010703783076731144,0.4519015659955257,0.403579418344519,0.14451901565995526,0.027799127289086994
08_volume_regime,vol_Q2_bull,2024-01,1h,1197,-0.0002703263467439543,-3.124790054149152e-05,0.0021275581218453965,0.002326701093593564,0.06349206349206349,0.04678362573099415,0.8897243107769424,0.005556589646229745
08_volume_regime,vol_Q2_bull,2024-01,4h,1197,-0.0005200861814420588,-0.000536638930758681,0.0041423904379580545,0.0052282710030063795,0.2222222222222222,0.23809523809523808,0.5396825396825397,0.012243782018347775
08_volume_regime,vol_Q2_bull,2024-01,12h,1197,-0.0007304852320675348,0.0005886338681192097,0.0101313216885075,0.010740921576186113,0.39264828738512947,0.4477861319966583,0.1595655806182122,0.026055488594843315
08_volume_regime,vol_Q2_bull,2024-02,1h,1286,3.696949911946579e-05,0.0005163871811887696,0.0023278681242627774,0.002232266346259615,0.0645412130637636,0.049766718506998445,0.885692068429238,0.005245807497065819
08_volume_regime,vol_Q2_bull,2024-02,4h,1286,0.0003554115315148598,0.002167257987938719,0.0058647938026834545,0.004365172456635091,0.27993779160186627,0.13763608087091758,0.5824261275272161,0.011752534813492671
08_volume_regime,vol_Q2_bull,2024-02,12h,1286,0.0032927712705457246,0.006207370853366018,0.011500957997005123,0.006917138400398093,0.5116640746500778,0.2713841368584759,0.21695178849144633,0.02118719127386776
08_volume_regime,vol_Q2_bull,2024-03,1h,1405,5.111076588470986e-05,0.000486558199359173,0.0030154046961479164,0.0029490329765247125,0.10889679715302492,0.0797153024911032,0.8113879003558719,0.007230980144468871
08_volume_regime,vol_Q2_bull,2024-03,4h,1405,0.0008385596880360335,-2.4316557058049102e-05,0.007572726854326861,0.006229482810852227,0.3644128113879004,0.2868327402135231,0.3487544483985765,0.015589653597637634
08_volume_regime,vol_Q2_bull,2024-03,12h,1405,0.0013599119273541849,0.0018587817909512577,0.013217935273122317,0.01235633983207629,0.5103202846975089,0.40213523131672596,0.08754448398576513,0.030931463615321637
08_volume_regime,vol_Q2_bull,2024-04,1h,1068,-0.00043366198811611856,-0.00019971486649184188,0.0025691097578846023,0.0026259681989698747,0.06367041198501873,0.07677902621722846,0.8595505617977528,0.006276945599170732
08_volume_regime,vol_Q2_bull,2024-04,4h,1068,-0.0012561620807142737,-0.00045963735318869193,0.005219938243562816,0.006322872409089464,0.25,0.29868913857677903,0.45131086142322097,0.014167885443583796
08_volume_regime,vol_Q2_bull,2024-04,12h,1068,-0.001703517613891814,-0.003361176256480901,0.009755077549532643,0.01205131674168547,0.40262172284644193,0.5037453183520599,0.09363295880149813,0.02804705906250407
08_volume_regime,vol_Q2_bull,2024-05,1h,1196,-0.00017479010879301038,0.0002012781453535797,0.0020633966928164105,0.002182447450750691,0.061872909698996656,0.03595317725752508,0.9021739130434783,0.005243562513157547
08_volume_regime,vol_Q2_bull,2024-05,4h,1196,0.000279516292047588,0.0006713178508386141,0.005032423745521042,0.004650461927884542,0.24665551839464883,0.18561872909698995,0.5677257525083612,0.012145312133195862
08_volume_regime,vol_Q2_bull,2024-05,12h,1196,0.0007090626281307522,0.0021126022961514813,0.009991411830592711,0.00767846637197489,0.43394648829431437,0.3712374581939799,0.1948160535117057,0.022328365326327666
08_volume_regime,vol_Q2_bull,2024-06,1h,1045,-0.00011862363978987212,4.0515832426048164e-05,0.001475245659795732,0.0014689276385122518,0.023923444976076555,0.016267942583732056,0.9598086124401913,0.003796587212236643
08_volume_regime,vol_Q2_bull,2024-06,4h,1045,-8.211869920915493e-05,-0.00021365507155700407,0.0035316278155101966,0.003104175122085384,0.1521531100478469,0.11100478468899522,0.7368421052631579,0.008081948285132652
08_volume_regime,vol_Q2_bull,2024-06,12h,1045,0.0004593495354563437,-0.00022110221790419226,0.007055878608614341,0.006172610971075687,0.3244019138755981,0.22583732057416267,0.44976076555023925,0.016536787077436103
08_volume_regime,vol_Q2_bull,2024-07,1h,1177,-2.0082746957417186e-05,0.0003439103306869751,0.002787550032232744,0.002233665480574354,0.07816482582837724,0.04248088360237893,0.8793542905692439,0.0060686578918102245
08_volume_regime,vol_Q2_bull,2024-07,4h,1177,0.0007777894163392141,0.0005597776759546772,0.006750313532088104,0.005066971482165283,0.31011045029736617,0.23874256584536957,0.4511469838572642,0.013868341769474482
08_volume_regime,vol_Q2_bull,2024-07,12h,1177,0.001884716574982015,0.0005502225836450085,0.012406053162360431,0.010423638609737051,0.5216652506372133,0.41716227697536107,0.06117247238742566,0.027271956444127124
08_volume_regime,vol_Q2_bull,2024-08,1h,1054,-0.00019800846558443164,-5.063689996664112e-05,0.0025354797168205545,0.002767362246060112,0.07590132827324478,0.08064516129032258,0.8434535104364327,0.006425816108982872
08_volume_regime,vol_Q2_bull,2024-08,4h,1054,-0.00042251176392971157,-0.0012665205198829795,0.005428162597620911,0.005671758889119138,0.2286527514231499,0.2969639468690702,0.47438330170777987,0.013617908121059253
08_volume_regime,vol_Q2_bull,2024-08,12h,1054,4.679711090882499e-05,-0.0010107060630923789,0.010323348498819773,0.012377458150974574,0.4089184060721063,0.4278937381404175,0.16318785578747627,0.029844647861001897
08_volume_regime,vol_Q2_bull,2024-09,1h,1038,-9.588152557993279e-05,0.0001287080046681422,0.0020928191598430512,0.0022257532660329704,0.06069364161849711,0.03468208092485549,0.9046242774566474,0.0054396796759278564
08_volume_regime,vol_Q2_bull,2024-09,4h,1038,-0.00021277335565822453,-0.000107186064235497,0.0045245152182726844,0.005145823494520141,0.23410404624277456,0.22832369942196531,0.5375722543352601,0.01196709292035975
08_volume_regime,vol_Q2_bull,2024-09,12h,1038,0.0008379425475294466,0.0016723648178145008,0.009170784680918032,0.008827655240604304,0.3988439306358382,0.42196531791907516,0.1791907514450867,0.02196706811799824
08_volume_regime,vol_Q2_bull,2024-10,1h,1153,-0.00020522965387759218,-1.4157133598618767e-05,0.0017986914474747984,0.001976139887446826,0.03642671292281006,0.023417172593235037,0.9401561144839549,0.004614480744206587
08_volume_regime,vol_Q2_bull,2024-10,4h,1153,0.00019051475581788324,0.0005641712282723525,0.0045600393201656875,0.003765681797265552,0.19861231569817867,0.1422376409366869,0.6591500433651344,0.00968420839664629
08_volume_regime,vol_Q2_bull,2024-10,12h,1153,0.0014539704132945364,0.00243383253767201,0.009852185087092291,0.006597694909625695,0.43798785776235905,0.3104943625325238,0.2515177797051171,0.01951073907180205
08_volume_regime,vol_Q2_bull,2024-11,1h,1298,7.910189296933545e-05,0.0004849509081543952,0.002808733818278286,0.0028033390231455013,0.09322033898305085,0.07473035439137134,0.8320493066255779,0.006373093950425818
08_volume_regime,vol_Q2_bull,2024-11,4h,1298,0.00010836079676634913,0.0011982665647456484,0.006668284703184257,0.005283325563942398,0.3305084745762712,0.2033898305084746,0.4661016949152542,0.014301016124326788
08_volume_regime,vol_Q2_bull,2024-11,12h,1298,0.0009789857708982774,0.004194032693133109,0.013079117702947451,0.010507877886841543,0.4984591679506934,0.3898305084745763,0.11171032357473036,0.02778723715178824
08_volume_regime,vol_Q2_bull,2024-12,1h,1193,-0.00028038334216329286,-9.228052576471787e-05,0.0021593359340918994,0.002576553656468139,0.056160938809723386,0.06789606035205364,0.875943000838223,0.005853871150562512
08_volume_regime,vol_Q2_bull,2024-12,4h,1193,-0.00020897180689027905,-0.0007340641783757474,0.005475567703562945,0.005528404374259166,0.20284995808885165,0.26906957250628666,0.5280804694048616,0.012523737584663713
08_volume_regime,vol_Q2_bull,2024-12,12h,1175,-0.0010637959794969065,-0.0017771764862790716,0.010401919368440371,0.011562319728230297,0.4357446808510638,0.4297872340425532,0.13446808510638297,0.02777370351078001
08_volume_regime,vol_Q2_bear,2024-01,1h,1235,0.0005162570233252506,0.00021567665111973347,0.002604182044725789,0.0025375086668428803,0.04048582995951417,0.07530364372469636,0.8842105263157894,0.006197736413806026
08_volume_regime,vol_Q2_bear,2024-01,4h,1235,0.0010276584735100514,0.0003690465899630942,0.005787776202651473,0.005908137026690352,0.2340080971659919,0.28421052631578947,0.4817813765182186,0.01365278523653751
08_volume_regime,vol_Q2_bear,2024-01,12h,1235,0.0005462537280074287,-0.00110247250915425,0.009064936738770957,0.01144138906607095,0.3740890688259109,0.4825910931174089,0.14331983805668017,0.021705429475459254
08_volume_regime,vol_Q2_bear,2024-02,1h,970,0.000633889310683089,0.0006481876318488884,0.002194146217317061,0.001629218310858882,0.04020618556701031,0.03608247422680412,0.9237113402061856,0.004650676247333783
08_volume_regime,vol_Q2_bear,2024-02,4h,970,0.00136900198690304,0.00243443976909102,0.00535188985427637,0.003805964973977116,0.2154639175257732,0.12164948453608247,0.6628865979381443,0.010343736057021491
08_volume_regime,vol_Q2_bear,2024-02,12h,970,0.0022422952250565897,0.00709078559960311,0.010300711040331145,0.006739392185206361,0.44948453608247424,0.2670103092783505,0.28350515463917525,0.019696036499426084
08_volume_regime,vol_Q2_bear,2024-03,1h,1102,0.0007011363461205677,0.00024203202940806,0.0035127744822165408,0.002992484943866225,0.11887477313974591,0.16424682395644283,0.7168784029038112,0.008297980725614829
08_volume_regime,vol_Q2_bear,2024-03,4h,1102,0.0011689802857417497,0.0012235468338178221,0.007339779951459846,0.00575967162803509,0.33303085299455537,0.3003629764065336,0.3666061705989111,0.01653781189300023
08_volume_regime,vol_Q2_bear,2024-03,12h,1102,0.002222750970143017,0.0025880423006011894,0.014472005402102917,0.011230664947831981,0.4863883847549909,0.37477313974591653,0.13883847549909256,0.03319203643719597
08_volume_regime,vol_Q2_bear,2024-04,1h,1080,6.903392120860552e-05,-0.0004975795872602377,0.0029838033905495998,0.002956103049817027,0.07685185185185185,0.12222222222222222,0.8009259259259259,0.007445096935617625
08_volume_regime,vol_Q2_bear,2024-04,4h,1080,-0.0002600273054906843,-0.0011135452102962093,0.006301481172638623,0.00759152064563251,0.24074074074074073,0.38055555555555554,0.3787037037037037,0.017182846122708408
08_volume_regime,vol_Q2_bear,2024-04,12h,1080,-0.00013840845492685272,-0.0018447810894708326,0.010216203652501532,0.016001417701110354,0.3712962962962963,0.5685185185185185,0.06018518518518518,0.029024305440801257
08_volume_regime,vol_Q2_bear,2024-05,1h,1000,0.0005062869960988925,0.00023738892784927568,0.002548747215184055,0.0020969711027054028,0.038,0.067,0.895,0.005486047018703577
08_volume_regime,vol_Q2_bear,2024-05,4h,1000,0.0016091473961981073,0.0010853500323525118,0.005775466895682424,0.0044980619090618235,0.203,0.201,0.596,0.011900846718971935
08_volume_regime,vol_Q2_bear,2024-05,12h,1000,0.0014758157155562168,0.0024134989564481356,0.009975800086847286,0.008283625801943972,0.46,0.346,0.194,0.02057309602194816
08_volume_regime,vol_Q2_bear,2024-06,1h,1017,2.0997296031666224e-05,-0.0005153243739739985,0.0016265113212032833,0.0017607958290727366,0.02359882005899705,0.05506391347099312,0.9213372664700098,0.004370378894393361
08_volume_regime,vol_Q2_bear,2024-06,4h,1017,-0.00021641667838045997,-0.001003754345934427,0.0032426537242224995,0.004328497664125908,0.14945919370698132,0.20353982300884957,0.6470009832841691,0.009798485485906549
08_volume_regime,vol_Q2_bear,2024-06,12h,1017,-0.0003487140188472848,-0.0019864387939533927,0.005858255959318548,0.007150321971363005,0.3107177974434612,0.34906588003933137,0.34021632251720746,0.01774322177883716
08_volume_regime,vol_Q2_bear,2024-07,1h,900,0.00027994507542994373,-0.00027847834895233716,0.0025502260081187167,0.0027926319107634545,0.035555555555555556,0.09111111111111111,0.8733333333333333,0.006261876383351501
08_volume_regime,vol_Q2_bear,2024-07,4h,900,0.00067619605272351,-0.0005249341491280427,0.005385180931835709,0.00633673199444551,0.21333333333333335,0.31333333333333335,0.47333333333333333,0.013403742415886932
08_volume_regime,vol_Q2_bear,2024-07,12h,900,-0.00014563451612537026,0.000624560374304981,0.010463544484452858,0.012256645535324795,0.43777777777777777,0.4866666666666667,0.07555555555555556,0.025107222487698304
08_volume_regime,vol_Q2_bear,2024-08,1h,1004,0.000298207985449217,0.00020655614237109649,0.002865441271607927,0.0030003212985976746,0.08067729083665338,0.12151394422310757,0.797808764940239,0.006965111128645176
08_volume_regime,vol_Q2_bear,2024-08,4h,1004,0.0006846381619803887,-4.454726896125867e-06,0.00562601203255142,0.0072188960570346294,0.21912350597609562,0.33565737051792827,0.4452191235059761,0.014364370177022075
08_volume_regime,vol_Q2_bear,2024-08,12h,1004,0.0014994152852177978,-0.0012762535645098032,0.011605082652153431,0.012761873178204597,0.37749003984063745,0.5169322709163346,0.10557768924302789,0.027432839228943393
08_volume_regime,vol_Q2_bear,2024-09,1h,952,-8.903094777357179e-06,-3.674795422038527e-05,0.002297057991610396,0.002417753603205397,0.031512605042016806,0.05042016806722689,0.9180672268907563,0.0055202388427216895
08_volume_regime,vol_Q2_bear,2024-09,4h,952,0.00035093461508084456,0.0005923058138782723,0.004573998247594413,0.005158249861809905,0.19117647058823528,0.21218487394957983,0.5966386554621849,0.011436000439935264
08_volume_regime,vol_Q2_bear,2024-09,12h,952,0.0008357436530257445,0.0014198367037249011,0.008322037089729228,0.00904266362096634,0.36239495798319327,0.38340336134453784,0.2542016806722689,0.021574936895237755
08_volume_regime,vol_Q2_bear,2024-10,1h,955,0.0002960526315789469,0.00015201013717548224,0.0022499549209584746,0.0018458087204903384,0.02617801047120419,0.05654450261780105,0.9172774869109948,0.005135070793168385
08_volume_regime,vol_Q2_bear,2024-10,4h,955,0.0008929475910974816,0.0006325538501945195,0.00453512398394329,0.004026829220405759,0.181151832460733,0.19476439790575917,0.6240837696335079,0.01105165714810391
08_volume_regime,vol_Q2_bear,2024-10,12h,955,0.0008760434863410715,0.0007928704888029907,0.007519292922630427,0.008110751822850926,0.3706806282722513,0.3769633507853403,0.2523560209424084,0.02037166483238645
08_volume_regime,vol_Q2_bear,2024-11,1h,935,0.0006669065480133796,0.0005336871796555301,0.002942413024441981,0.0025730684103781876,0.08235294117647059,0.08235294117647059,0.8352941176470589,0.006651281515857394
08_volume_regime,vol_Q2_bear,2024-11,4h,935,0.0015433862289635503,0.002659771479284834,0.00573290438754448,0.0053513171909692625,0.29732620320855613,0.253475935828877,0.44919786096256686,0.014401275519916192
08_volume_regime,vol_Q2_bear,2024-11,12h,935,0.0030547301419783235,0.006638310812399778,0.013267240122466939,0.008932089148244837,0.43315508021390375,0.386096256684492,0.18074866310160428,0.025591211729499012
08_volume_regime,vol_Q2_bear,2024-12,1h,1076,0.00029395754608629865,0.00023648334282292882,0.0028505965856955306,0.002826372754407891,0.06691449814126393,0.07806691449814127,0.8550185873605948,0.006454121789094144
08_volume_regime,vol_Q2_bear,2024-12,4h,1068,0.0013479432904577315,0.0011324959554675626,0.0061295315121255856,0.005246274160137843,0.2640449438202247,0.26591760299625467,0.4700374531835206,0.013585150527436482
08_volume_regime,vol_Q2_bear,2024-12,12h,1060,0.0020575774811496528,0.0010234045491831177,0.011651539305124303,0.00995736841635736,0.469811320754717,0.3745283018867924,0.15566037735849056,0.027961374695097883
08_volume_regime,vol_Q3,2024-01,1h,2460,2.1760364378398123e-05,3.0141440297785913e-05,0.0023313663797034367,0.0025462687075780144,0.056910569105691054,0.07276422764227643,0.8703252032520326,0.005821807969305763
08_volume_regime,vol_Q3,2024-01,4h,2460,-6.737165128933853e-05,-0.0003317509508841507,0.004779332785749935,0.005426414485520725,0.2186991869918699,0.25365853658536586,0.5276422764227642,0.012527743201892337
08_volume_regime,vol_Q3,2024-01,12h,2460,2.215567677343877e-05,-0.0007527814747020742,0.009419563723772506,0.011544596868432566,0.36260162601626017,0.46747967479674796,0.16991869918699187,0.02425609202435415
08_volume_regime,vol_Q3,2024-02,1h,2396,0.00011792950423172854,0.0005226232396222128,0.0021756589696265705,0.002096780818627908,0.05884808013355593,0.045075125208681135,0.8960767946577629,0.004966835306417748
08_volume_regime,vol_Q3,2024-02,4h,2396,0.0007064796792003447,0.0024307309320508092,0.005366571292333533,0.0042981890376398435,0.2570951585976628,0.14357262103505844,0.5993322203672788,0.011078673182003519
08_volume_regime,vol_Q3,2024-02,12h,2396,0.0023059858763789798,0.0067786699393227925,0.010950045308772749,0.006902480704437219,0.4837228714524207,0.3021702838063439,0.2141068447412354,0.020950658718258457
08_volume_regime,vol_Q3,2024-03,1h,2733,0.00027353244054717507,0.00020428028545177036,0.0033009275468016686,0.0031220873582752384,0.10940358580314673,0.11489206000731797,0.7757043541895353,0.007689381494207773
08_volume_regime,vol_Q3,2024-03,4h,2733,0.0014009477738652354,0.0011899141821553212,0.0073381100930201,0.0061759872328206455,0.35016465422612514,0.2864983534577388,0.3633369923161361,0.016196919841445
08_volume_regime,vol_Q3,2024-03,12h,2733,0.0015414217120535145,0.0026991323093383864,0.014089611646349143,0.012325783119022993,0.508964507866813,0.384924990852543,0.10611050128064398,0.03172178871548623
08_volume_regime,vol_Q3,2024-04,1h,2169,-0.00022078922283452762,-0.00028051992247911633,0.0028571201313420946,0.0032235038227800272,0.08068234209313048,0.11802674043337943,0.8012909174734901,0.0071710551715401675
08_volume_regime,vol_Q3,2024-04,4h,2169,-0.0009431850809231701,-0.0013332822113508356,0.005777847108998424,0.007065147411444372,0.2346703550023052,0.37621023513139695,0.38911940986629784,0.01553758267562299
08_volume_regime,vol_Q3,2024-04,12h,2169,-0.00037676317101853485,-0.0029531496204905886,0.009648717356135927,0.014197340924874569,0.37574919317657907,0.5573997233748271,0.06685108344859382,0.02901533505783029
08_volume_regime,vol_Q3,2024-05,1h,2089,7.026005687671422e-05,0.0002161718188240372,0.002449120793153403,0.0021494094860261548,0.051220679751077074,0.04643370033508856,0.9023456199138343,0.0055396790835799455
08_volume_regime,vol_Q3,2024-05,4h,2089,0.0006559581471821119,0.0006688447843756393,0.005471289904948717,0.004628277036086148,0.2498803255146003,0.2144566778362853,0.5356629966491144,0.012273185219669004
08_volume_regime,vol_Q3,2024-05,12h,2089,0.000490386627993944,0.0018416909224242876,0.010155457273867796,0.008456572108451299,0.45141215892771663,0.3705122067975108,0.17807563427477263,0.022290851305648816
08_volume_regime,vol_Q3,2024-06,1h,2042,-1.8651013803605565e-05,-3.2959049572890085e-05,0.0015438244288529246,0.0016770483008306525,0.02595494613124388,0.034280117531831536,0.9397649363369246,0.004122457620932454
08_volume_regime,vol_Q3,2024-06,4h,2042,2.4514498648042782e-05,-0.00013675896793142293,0.0032847388012163803,0.0033965210625864772,0.15768854064642507,0.1405484818805093,0.7017629774730656,0.008664075768290723
08_volume_regime,vol_Q3,2024-06,12h,2042,8.160201554385793e-05,-0.0007447590413083821,0.006974657854354804,0.006230192244139732,0.3246816846229187,0.2820763956904995,0.3932419196865818,0.01765214047421279
08_volume_regime,vol_Q3,2024-07,1h,2096,0.00028145005543001034,0.00018578491737245468,0.0028535807635949872,0.0026077785375189233,0.06822519083969465,0.06536259541984733,0.8664122137404581,0.006446378259522936
08_volume_regime,vol_Q3,2024-07,4h,2096,0.0006266056847957779,0.0002572136653914459,0.006205968012326979,0.005625722533172617,0.2729007633587786,0.2719465648854962,0.4551526717557252,0.014067688852821655
08_volume_regime,vol_Q3,2024-07,12h,2096,0.0009452397079416919,0.0002809552091195138,0.011342394155207658,0.011277508642218326,0.47853053435114506,0.4527671755725191,0.06870229007633588,0.025294870987127266
08_volume_regime,vol_Q3,2024-08,1h,1953,0.00010574967865673024,-0.0001303175802813892,0.002862228617313445,0.002773536102714358,0.08038914490527393,0.10752688172043011,0.8120839733742959,0.006885831635890043
08_volume_regime,vol_Q3,2024-08,4h,1953,0.00017229251767370002,0.00013700438746544946,0.006089791816254797,0.006645038252085511,0.2416794674859191,0.3266769073220686,0.43164362519201227,0.014834538720218442
08_volume_regime,vol_Q3,2024-08,12h,1953,0.0005946090238826418,0.00010703860282262534,0.01168289622113683,0.013704827571736855,0.39887352790578595,0.4823348694316436,0.11879160266257041,0.0307636336037065
08_volume_regime,vol_Q3,2024-09,1h,1788,7.139861245564205e-06,5.680525815144734e-05,0.0021970251208314195,0.0022650269812294344,0.04809843400447427,0.043064876957494405,0.9088366890380313,0.005286765725282154
08_volume_regime,vol_Q3,2024-09,4h,1788,0.00014507594525237089,0.0002462794415246636,0.004797327618063618,0.005076979912127744,0.19910514541387025,0.20022371364653244,0.6006711409395973,0.011366296763091886
08_volume_regime,vol_Q3,2024-09,12h,1788,0.0010583422503739337,0.0017323915458828246,0.009017464270219544,0.008710240862926377,0.378076062639821,0.3987695749440716,0.2231543624161074,0.021538184262524664
08_volume_regime,vol_Q3,2024-10,1h,2034,0.00011723546871111878,0.00015012253325480708,0.002060010783646482,0.0020397659751262287,0.03392330383480826,0.0319567354965585,0.9341199606686332,0.004866861615768778
08_volume_regime,vol_Q3,2024-10,4h,2034,0.0005099544057874938,0.0005807204979575627,0.0045420535803545325,0.004059086623782737,0.19174041297935104,0.16175024582104228,0.6465093411996067,0.010455286002095573
08_volume_regime,vol_Q3,2024-10,12h,2034,0.000942478817316017,0.0013572819109785516,0.00891442166110823,0.007132771667299809,0.4198623402163225,0.3367748279252704,0.24336283185840707,0.020295669506309837
08_volume_regime,vol_Q3,2024-11,1h,2315,0.00023195177150414636,0.00040560910009293006,0.0027984740857669443,0.0027585546597458377,0.09287257019438445,0.09071274298056156,0.816414686825054,0.006550701522312113
08_volume_regime,vol_Q3,2024-11,4h,2315,0.0005901149365175051,0.001695373989146298,0.006092448717232246,0.00544828117595364,0.2937365010799136,0.2548596112311015,0.4514038876889849,0.014184132191146922
08_volume_regime,vol_Q3,2024-11,12h,2315,0.001628168393287277,0.004498370494269173,0.011944725845257631,0.010096917825406448,0.4505399568034557,0.4159827213822894,0.13347732181425487,0.027165627553360105
08_volume_regime,vol_Q3,2024-12,1h,2261,0.00014626743204515513,4.2736999986489134e-05,0.0026589743152904965,0.0025868221493767773,0.0513047324192835,0.07164971251658558,0.877045555064131,0.006111377143732285
08_volume_regime,vol_Q3,2024-12,4h,2255,0.00043046825992609783,0.0002412344790379076,0.005907274242400229,0.0055206300196339875,0.2212860310421286,0.2647450110864745,0.5139689578713968,0.012732035865028739
08_volume_regime,vol_Q3,2024-12,12h,2237,0.0012359131806756185,0.0006299309273720452,0.010990721829840844,0.010430415305462182,0.45686186857398303,0.41305319624497094,0.13008493518104605,0.026784169953746054
08_volume_regime,vol_Q3_bull,2024-01,1h,1244,-0.0003524626414990739,-0.00011833747087801752,0.0021179966107506276,0.002434644154778176,0.06511254019292605,0.0594855305466238,0.8754019292604501,0.005436570299458518
08_volume_regime,vol_Q3_bull,2024-01,4h,1244,-0.00109761521087276,-0.001095750391750648,0.003918232286158618,0.005527101876125262,0.19614147909967847,0.24115755627009647,0.5627009646302251,0.01185849695979179
08_volume_regime,vol_Q3_bull,2024-01,12h,1244,-0.0011987969277080235,-0.0006656279790800593,0.009269320190591679,0.012064836484249053,0.34485530546623794,0.4766881028938907,0.17845659163987138,0.024981566501428923
08_volume_regime,vol_Q3_bull,2024-02,1h,1401,-0.0001978119730449146,0.00047236008254079566,0.002178431372549028,0.0023638535386893977,0.07708779443254818,0.05067808708065667,0.8722341184867951,0.0052227538349084515
08_volume_regime,vol_Q3_bull,2024-02,4h,1401,0.0005543929328892805,0.0025241874264758466,0.005487983775122274,0.004427088565727488,0.29978586723768735,0.145610278372591,0.5546038543897216,0.011659488032277654
08_volume_regime,vol_Q3_bull,2024-02,12h,1401,0.0027070273965155156,0.006584390417136598,0.011310883710594188,0.007093224355147476,0.5110635260528195,0.30692362598144185,0.18201284796573874,0.02153970961434455
08_volume_regime,vol_Q3_bull,2024-03,1h,1538,5.941402215847713e-05,0.00013701669946397259,0.0031624293822819505,0.0031800612867146083,0.11573472041612484,0.08777633289986995,0.7964889466840052,0.007636889687468659
08_volume_regime,vol_Q3_bull,2024-03,4h,1538,0.001198592533177334,0.0005634868477488062,0.007632116481648632,0.0065988798688931816,0.3647594278283485,0.29323797139141744,0.3420026007802341,0.0166715327277177
08_volume_regime,vol_Q3_bull,2024-03,12h,1538,0.001043966201126345,0.0026015058131306995,0.013688409288290848,0.012829190284858627,0.5091027308192457,0.4070221066319896,0.08387516254876463,0.03147579442665385
08_volume_regime,vol_Q3_bull,2024-04,1h,1064,-0.0005091905886493997,-0.00034571141721118385,0.0025812027589954267,0.003116472908010426,0.07330827067669173,0.09210526315789473,0.8345864661654135,0.006786360109342155
08_volume_regime,vol_Q3_bull,2024-04,4h,1064,-0.0017686789584809293,-0.001489497321030628,0.005105356695782826,0.006888381621211581,0.22650375939849623,0.36278195488721804,0.4107142857142857,0.014860611204863157
08_volume_regime,vol_Q3_bull,2024-04,12h,1064,-0.00198395142229435,-0.004414493673586458,0.008835906849077646,0.012883640609583191,0.3618421052631579,0.5592105263157895,0.07894736842105263,0.026319956336499355
08_volume_regime,vol_Q3_bull,2024-05,1h,1163,-0.00025829063058335766,0.00020706081227140157,0.0022738155301951224,0.0022013039490503816,0.06792777300085985,0.03353396388650043,0.8985382631126397,0.005527949171432457
08_volume_regime,vol_Q3_bull,2024-05,4h,1163,0.00016795719490936278,0.0005724449522078929,0.005376751893386933,0.004739026412188152,0.26741186586414445,0.2063628546861565,0.5262252794496991,0.01272030463489576
08_volume_regime,vol_Q3_bull,2024-05,12h,1163,0.0009133371523639688,0.0019546193132805216,0.010123405718946765,0.008124226205243334,0.43938091143594155,0.3766122098022356,0.18400687876182287,0.022987636238867532
08_volume_regime,vol_Q3_bull,2024-06,1h,1007,-0.00016199649737302924,-1.946018298276515e-05,0.0013903327542716948,0.0016319296753155577,0.031777557100297914,0.015888778550148957,0.9523336643495531,0.0038116404141682056
08_volume_regime,vol_Q3_bull,2024-06,4h,1007,4.330171317712406e-05,0.00026895890036581995,0.0032757603464823593,0.003172309787896399,0.1608738828202582,0.1002979145978153,0.7388282025819265,0.008218126109644213
08_volume_regime,vol_Q3_bull,2024-06,12h,1007,8.33699819888789e-05,-3.084636319826801e-05,0.006819731822743869,0.005630569580478473,0.3118172790466733,0.2214498510427011,0.4667328699106256,0.016532062926908245
08_volume_regime,vol_Q3_bull,2024-07,1h,1166,0.00015104675116062172,0.00042505542940843684,0.0030990572307637576,0.0024740992620549407,0.08061749571183534,0.054030874785591765,0.8653516295025729,0.006210823235847307
08_volume_regime,vol_Q3_bull,2024-07,4h,1166,0.0006121109908258093,0.0006645501067297271,0.0064540857990987854,0.0051307438484470835,0.30017152658662094,0.24356775300171526,0.4562607204116638,0.013741313703420712
08_volume_regime,vol_Q3_bull,2024-07,12h,1166,0.0012476773388970797,-0.0008516032383273017,0.011828895789260385,0.01115426921131668,0.5025728987993139,0.43825042881646653,0.05917667238421955,0.02746873823385084
08_volume_regime,vol_Q3_bull,2024-08,1h,1043,-3.308875789187482e-05,-0.00011004696624471032,0.0026890288949878993,0.0026434032261303253,0.07861936720997123,0.08916586768935762,0.8322147651006712,0.0066697804079489395
08_volume_regime,vol_Q3_bull,2024-08,4h,1043,-0.0005906719311852271,-0.0011911700536573059,0.0058560351510277275,0.0059227027319924686,0.25407478427612656,0.2943432406519655,0.45158197507190795,0.014662977603710997
08_volume_regime,vol_Q3_bull,2024-08,12h,1043,-0.000588230726825123,-0.0009053953484303108,0.01119705723743647,0.014074613672079628,0.41227229146692235,0.4343240651965484,0.15340364333652926,0.03491647098289167
08_volume_regime,vol_Q3_bull,2024-09,1h,946,-0.00011375950966624471,6.055767916866501e-05,0.0021233007334146015,0.002196972564903421,0.06236786469344609,0.0412262156448203,0.8964059196617337,0.005275167792611021
08_volume_regime,vol_Q3_bull,2024-09,4h,946,-0.00022588467183337624,0.00012130783621523063,0.0046587452943970264,0.004902736574925126,0.22093023255813954,0.20507399577167018,0.5739957716701902,0.011467028944400541
08_volume_regime,vol_Q3_bull,2024-09,12h,946,0.0011456793009780863,0.0019884621217868843,0.00935885992340002,0.008398748203181594,0.3953488372093023,0.39957716701902746,0.20507399577167018,0.021850137857032187
08_volume_regime,vol_Q3_bull,2024-10,1h,1164,-0.00011201777486946618,0.0001355807319785358,0.0018784741579817021,0.001990108348594033,0.040378006872852236,0.01804123711340206,0.9415807560137457,0.004678285873418906
08_volume_regime,vol_Q3_bull,2024-10,4h,1164,0.0002455693302363393,0.0003658444026530012,0.00418656107906934,0.0038941233601921255,0.18470790378006874,0.15807560137457044,0.6572164948453608,0.010067363530623272
08_volume_regime,vol_Q3_bull,2024-10,12h,1164,0.0015949983597303152,0.0023423721712753946,0.010042300971174867,0.0066392657436286084,0.45017182130584193,0.3075601374570447,0.2422680412371134,0.01996073623057794
08_volume_regime,vol_Q3_bull,2024-11,1h,1316,0.00022080613559416484,0.000537418875314228,0.0028571316792626034,0.002627866176344029,0.08966565349544073,0.0790273556231003,0.831306990881459,0.006410479523830799
08_volume_regime,vol_Q3_bull,2024-11,4h,1316,0.0004286423817998486,0.00168978228860805,0.006722510635223555,0.005209322219577206,0.32370820668693007,0.2378419452887538,0.43844984802431614,0.01434315371142888
08_volume_regime,vol_Q3_bull,2024-11,12h,1316,0.0017148727198431635,0.004277197899113304,0.013431123189016736,0.010584212933349602,0.5030395136778115,0.4088145896656535,0.08814589665653495,0.027854568505168178
08_volume_regime,vol_Q3_bull,2024-12,1h,1234,-0.00016447877505076924,-0.000278903907692301,0.0023183257816590253,0.002558595691808163,0.03970826580226904,0.0640194489465154,0.8962722852512156,0.005883842107111885
08_volume_regime,vol_Q3_bull,2024-12,4h,1234,-0.0004452541948010147,-0.0008863753705423211,0.005711369156748969,0.005695159753138113,0.19367909238249595,0.26580226904376014,0.5405186385737439,0.012207751339355994
08_volume_regime,vol_Q3_bull,2024-12,12h,1225,-0.00010385781167943087,-0.0015279498510454882,0.010500045430664517,0.01107196462618154,0.4546938775510204,0.42775510204081635,0.11755102040816326,0.026820015690771335
08_volume_regime,vol_Q3_bear,2024-01,1h,1216,0.0004914959097231941,0.0001820392737704006,0.002568599452831166,0.0026463505383383934,0.04851973684210526,0.08634868421052631,0.8651315789473685,0.006077742189192699
08_volume_regime,vol_Q3_bear,2024-01,4h,1216,0.0011864297068270302,0.00044984058237071975,0.005784262458520373,0.005228321443868311,0.24177631578947367,0.26644736842105265,0.4917763157894737,0.013327914850448097
08_volume_regime,vol_Q3_bear,2024-01,12h,1216,0.0010027045956007008,-0.0008419417942364375,0.009689924333919797,0.011049799555844342,0.3807565789473684,0.45805921052631576,0.1611842105263158,0.023491393593503773
08_volume_regime,vol_Q3_bear,2024-02,1h,995,0.00047572516544058807,0.0005933957854222785,0.0021706377577008773,0.0017691010965122933,0.033165829145728645,0.0371859296482412,0.9296482412060302,0.004520672990419966
08_volume_regime,vol_Q3_bear,2024-02,4h,995,0.0010045231554933753,0.002299140430855355,0.005208398621121768,0.003912306132426435,0.19698492462311556,0.1407035175879397,0.6623115577889447,0.010151462951623641
08_volume_regime,vol_Q3_bear,2024-02,12h,995,0.0020973506495121086,0.007052223316792999,0.010125260108531542,0.006759621429823781,0.4452261306532663,0.29547738693467335,0.2592964824120603,0.019860396789640453
08_volume_regime,vol_Q3_bear,2024-03,1h,1195,0.0005209400991434965,0.0002908504906812541,0.003477756846833824,0.003068927156975265,0.10125523012552301,0.1497907949790795,0.7489539748953975,0.007755973635064933
08_volume_regime,vol_Q3_bear,2024-03,4h,1195,0.0016370845018502944,0.00199614450878061,0.0068874243110381705,0.005718127786032756,0.3313807531380753,0.2778242677824268,0.3907949790794979,0.016112405309528066
08_volume_regime,vol_Q3_bear,2024-03,12h,1195,0.0019118210014910098,0.002824780469311126,0.014587304821031433,0.011235263445872556,0.5087866108786611,0.35648535564853556,0.13472803347280335,0.03252669374297397
08_volume_regime,vol_Q3_bear,2024-04,1h,1105,7.455101198461378e-05,-0.00021774729768733373,0.0031539750700222413,0.003281717174399401,0.08778280542986425,0.1429864253393665,0.7692307692307693,0.007586108171845829
08_volume_regime,vol_Q3_bear,2024-04,4h,1105,-2.5685459810853573e-05,-0.0011828633184102929,0.006409501314214028,0.007399793140921318,0.2425339366515837,0.3891402714932127,0.36832579185520364,0.016757223228058886
08_volume_regime,vol_Q3_bear,2024-04,12h,1105,0.00041274909804922544,-0.0015460273829394544,0.010444427123928346,0.01596776349950091,0.3891402714932127,0.5556561085972851,0.05520361990950226,0.030632548668896822
08_volume_regime,vol_Q3_bear,2024-05,1h,926,0.0005569532440105052,0.00022761469206455042,0.0025598195898591802,0.0021062988373520275,0.03023758099352052,0.06263498920086392,0.9071274298056156,0.005581716213273296
08_volume_regime,vol_Q3_bear,2024-05,4h,926,0.0011638267545885927,0.000789917143782863,0.005584567613016733,0.004442009151855941,0.22786177105831534,0.22462203023758098,0.5475161987041036,0.012041042103659565
08_volume_regime,vol_Q3_bear,2024-05,12h,926,4.545906503761188e-05,0.0016998596928715869,0.010239900557322934,0.00889719779067516,0.46652267818574517,0.36285097192224625,0.17062634989200864,0.021532050481778607
08_volume_regime,vol_Q3_bear,2024-06,1h,1035,0.00013483807374470302,-4.60927294340068e-05,0.0017302838199413362,0.0017526339512083933,0.020289855072463767,0.05217391304347826,0.927536231884058,0.004422656238947448
08_volume_regime,vol_Q3_bear,2024-06,4h,1035,1.584911641194786e-05,-0.0005315008938979191,0.0032907025189603534,0.0038399456899925744,0.15458937198067632,0.17971014492753623,0.6657004830917874,0.009410154312931974
08_volume_regime,vol_Q3_bear,2024-06,12h,1035,6.233872187588752e-05,-0.0014393581397208316,0.007152711437985904,0.006922274939318185,0.33719806763285026,0.34106280193236715,0.3217391304347826,0.01924111173814895
08_volume_regime,vol_Q3_bear,2024-07,1h,930,0.000455691753657228,-0.00011420370309416383,0.002709240697481352,0.002833658486435242,0.05268817204301075,0.07956989247311828,0.867741935483871,0.006820126258266003
08_volume_regime,vol_Q3_bear,2024-07,4h,930,0.000708382062163504,-0.0002534898728885924,0.005840375109339324,0.006548659222238573,0.23870967741935484,0.30752688172043013,0.45376344086021503,0.014179100381907714
08_volume_regime,vol_Q3_bear,2024-07,12h,930,0.0006166656477121224,0.0017009155851657359,0.010876091805002486,0.011641155057109831,0.4483870967741935,0.47096774193548385,0.08064516129032258,0.02471292787847283
08_volume_regime,vol_Q3_bear,2024-08,1h,910,0.00029543209461835307,-0.00015355082252342884,0.003071810806150599,0.002935581291958589,0.08241758241758242,0.12857142857142856,0.789010989010989,0.007323914766681979
08_volume_regime,vol_Q3_bear,2024-08,4h,910,0.0011295060748520713,0.0016592966315215302,0.006276056590284518,0.007447055576561279,0.22747252747252747,0.3637362637362637,0.4087912087912088,0.01509760569447968
08_volume_regime,vol_Q3_bear,2024-08,12h,910,0.0026396227897199642,0.0012674436700279136,0.012190460003940973,0.013503646115460954,0.38351648351648354,0.5373626373626373,0.07912087912087912,0.027788256222858375
08_volume_regime,vol_Q3_bear,2024-09,1h,842,0.00012603974152092245,5.258935520336193e-05,0.002307882606039535,0.0023155827169602516,0.032066508313539195,0.04513064133016627,0.9228028503562945,0.0052913374574116625
08_volume_regime,vol_Q3_bear,2024-09,4h,842,0.0006297294951036481,0.0003866869695801549,0.004895757474617013,0.005184117342117711,0.17458432304038005,0.19477434679334918,0.6306413301662708,0.011172224583359095
08_volume_regime,vol_Q3_bear,2024-09,12h,842,0.0009936493339011143,0.001444692300270901,0.008686281494934,0.009092962072713207,0.3586698337292161,0.3978622327790974,0.24346793349168647,0.021380761535437658
08_volume_regime,vol_Q3_bear,2024-10,1h,870,0.0004041333282376325,0.0001695784604796114,0.002285318270741299,0.002100848964315505,0.02528735632183908,0.05057471264367816,0.9241379310344827,0.005149575999020262
08_volume_regime,vol_Q3_bear,2024-10,4h,870,0.0008819084841810154,0.0008682098944340106,0.0048485352112465074,0.004161410616821903,0.20114942528735633,0.16666666666666666,0.632183908045977,0.011359270733951928
08_volume_regime,vol_Q3_bear,2024-10,12h,870,0.0005933727943252531,3.9299079960707066e-05,0.007953712143659919,0.008143071283814807,0.3793103448275862,0.3758620689655172,0.24482758620689654,0.020540908666081662
08_volume_regime,vol_Q3_bear,2024-11,1h,999,0.0002788741708168452,0.00023197380060221114,0.002698870611343107,0.0029580846348593592,0.0970970970970971,0.1061061061061061,0.7967967967967968,0.006683217916605437
08_volume_regime,vol_Q3_bear,2024-11,4h,999,0.0008477041677554809,0.001702740033098585,0.0052931655493650975,0.005823511833176753,0.25425425425425424,0.2772772772772773,0.46846846846846846,0.013944182242639122
08_volume_regime,vol_Q3_bear,2024-11,12h,999,0.0016015265803661638,0.004789724983984013,0.010575815638399932,0.009596413719927477,0.3813813813813814,0.42542542542542544,0.1931931931931932,0.025005643229837893
08_volume_regime,vol_Q3_bear,2024-12,1h,1027,0.0005915633022985922,0.0004292071850649965,0.003054948867807772,0.0026719619016120078,0.06523855890944498,0.08081791626095423,0.8539435248296008,0.006456077825142662
08_volume_regime,vol_Q3_bear,2024-12,4h,1021,0.001484471131740328,0.0016040851689321308,0.006252290667270621,0.005239483273575596,0.2546523016650343,0.26346718903036237,0.48188050930460335,0.01346755671125054
08_volume_regime,vol_Q3_bear,2024-12,12h,1012,0.00270127071571602,0.003241990170021726,0.011625408133797976,0.0098312482319175,0.45948616600790515,0.3952569169960474,0.14525691699604742,0.0266874571849633
08_volume_regime,vol_Q4,2024-01,1h,2146,1.4308786442263077e-05,-6.418426429015956e-05,0.0026120873815058676,0.0027753003577072888,0.08946877912395154,0.09273066169617894,0.8178005591798695,0.0066597321181485905
08_volume_regime,vol_Q4,2024-01,4h,2146,0.00012420176681005035,7.584581909470237e-07,0.0051022581038407955,0.005722144850389299,0.23951537744641194,0.27306616961789376,0.4874184529356943,0.013798413279573103
08_volume_regime,vol_Q4,2024-01,12h,2146,0.0004762121679662279,0.0003735932893696232,0.00973042397105206,0.011444541261088292,0.36719478098788444,0.467381174277726,0.16542404473438957,0.0263191667437822
08_volume_regime,vol_Q4,2024-02,1h,2025,0.0001791880236052812,0.0005392216675878423,0.002486996878008796,0.002102464662779857,0.0854320987654321,0.05283950617283951,0.8617283950617284,0.005709373157791229
08_volume_regime,vol_Q4,2024-02,4h,2025,0.0005229658591399122,0.0018360783149263577,0.005334451956064745,0.004392654517325512,0.24296296296296296,0.16246913580246913,0.5945679012345679,0.011355507942666212
08_volume_regime,vol_Q4,2024-02,12h,2025,0.002272178142105563,0.006648030404618205,0.010218531160760547,0.007085727479969717,0.4582716049382716,0.2962962962962963,0.2454320987654321,0.02098222843757698
08_volume_regime,vol_Q4,2024-03,1h,2157,0.00021426213139918993,1.8612040627596157e-05,0.003753974102172819,0.003741732675313192,0.14232730644413538,0.16828929068150209,0.6893834028743625,0.009015968853217031
08_volume_regime,vol_Q4,2024-03,4h,2157,0.001089077008699757,0.0006112314542900083,0.007528519278950929,0.006939448717038665,0.33565136764024106,0.3384330088085304,0.32591562355122855,0.017983606055622624
08_volume_regime,vol_Q4,2024-03,12h,2157,0.0013218358015765208,0.0018128555614356698,0.01328752006100209,0.01399059071065456,0.47705146036161333,0.4274455261937877,0.09550301344459898,0.03222656898436798
08_volume_regime,vol_Q4,2024-04,1h,2112,-6.918709027853298e-05,-0.00022812494704429006,0.0032112520348276385,0.0034427031279147258,0.1103219696969697,0.1387310606060606,0.7509469696969697,0.008067373191483833
08_volume_regime,vol_Q4,2024-04,4h,2112,-0.00015109910304217378,-0.0009747352178039656,0.006279908790615241,0.0075135184031916435,0.2713068181818182,0.3631628787878788,0.36553030303030304,0.016303488529647983
08_volume_regime,vol_Q4,2024-04,12h,2112,-0.0011070431680527681,-0.0028381593570444797,0.010613782307730357,0.01369475656139102,0.40625,0.5165719696969697,0.0771780303030303,0.030360273415707364
08_volume_regime,vol_Q4,2024-05,1h,2241,0.00021709122991353524,0.00028339343399617353,0.0029617201816785066,0.002378856335977231,0.07273538598839803,0.0678268630075859,0.8594377510040161,0.006201535690282181
08_volume_regime,vol_Q4,2024-05,4h,2241,0.0004827810478225114,0.0007293669035065112,0.005704801856787345,0.005027624300167455,0.26193663543061135,0.23159303882195448,0.5064703257474342,0.013261734790574266
08_volume_regime,vol_Q4,2024-05,12h,2241,0.0013997338169984275,0.0025418513175133003,0.010663094977613863,0.008509447559032046,0.45872378402498887,0.3837572512271307,0.1575189647478804,0.02246840226837464
08_volume_regime,vol_Q4,2024-06,1h,2216,-4.193065541274743e-05,-0.00014577666959932203,0.0018080737128517432,0.0018756964695491596,0.03384476534296029,0.058664259927797835,0.9074909747292419,0.004607514044150207
08_volume_regime,vol_Q4,2024-06,4h,2216,-0.0001915086244957398,-0.00042653057463906316,0.003506129691550175,0.0036423978760057873,0.14891696750902528,0.17148014440433212,0.6796028880866426,0.009423536731355715
08_volume_regime,vol_Q4,2024-06,12h,2216,0.00013790501545107858,-0.0010418944602070459,0.007171253213579365,0.006533870495784799,0.31904332129963897,0.32716606498194944,0.35379061371841153,0.01880970896981847
08_volume_regime,vol_Q4,2024-07,1h,2224,4.577925895399293e-05,-7.284295721240319e-05,0.002981830135546426,0.002937063100671655,0.08183453237410072,0.09892086330935251,0.8192446043165468,0.007429074476835316
08_volume_regime,vol_Q4,2024-07,4h,2224,0.0007652012565665389,2.1503928675592716e-05,0.0062137445546018855,0.006202366714504193,0.2783273381294964,0.2868705035971223,0.4348021582733813,0.014640272092910776
08_volume_regime,vol_Q4,2024-07,12h,2224,0.0014769395675605645,0.000600892624387031,0.01152896609552434,0.011284124477420554,0.4797661870503597,0.44739208633093525,0.07284172661870504,0.025340804150616538
08_volume_regime,vol_Q4,2024-08,1h,2292,-1.354659882374376e-05,-0.0002790609133912265,0.003237676507840903,0.0032491637351615976,0.11474694589877836,0.15663176265270506,0.7286212914485166,0.0077257269169284555
08_volume_regime,vol_Q4,2024-08,4h,2292,1.6595269006547397e-05,-0.00047600923469177844,0.006312130606531241,0.006754394696970256,0.2604712041884817,0.33726003490401396,0.40226876090750435,0.015993424244563653
08_volume_regime,vol_Q4,2024-08,12h,2292,-0.00021853971262897343,-0.001834178799239114,0.011181659675584377,0.013793329822111955,0.4013961605584642,0.48778359511343805,0.11082024432809773,0.03135195631210992
08_volume_regime,vol_Q4,2024-09,1h,2157,-4.1752008823059406e-05,7.442827984334983e-05,0.0024538309216384224,0.0025403531775277655,0.06212331942512749,0.06490496059341679,0.8729717199814557,0.0059389306210807105
08_volume_regime,vol_Q4,2024-09,4h,2157,0.00039160743575727963,0.0007536897781265161,0.00507103222253158,0.005184419633024406,0.24061196105702365,0.2220676866017617,0.5373203523412147,0.01212856276531231
08_volume_regime,vol_Q4,2024-09,12h,2157,0.0014015265819065093,0.002054670811812553,0.009932381510448618,0.008975776464976493,0.41261010662957814,0.4000927213722763,0.18729717199814558,0.022866531055570974
08_volume_regime,vol_Q4,2024-10,1h,2253,3.169293968885434e-05,0.00017154234951498372,0.0021685440636105557,0.0021640464739267617,0.04971149578339991,0.05015534842432313,0.9001331557922769,0.00513776470721424
08_volume_regime,vol_Q4,2024-10,4h,2253,0.00034435441607305606,0.000547110995169535,0.0047851246477090825,0.004285412521363607,0.20461606746560143,0.16866400355082112,0.6267199289835774,0.011017893545003593
08_volume_regime,vol_Q4,2024-10,12h,2253,0.0015823306411735238,0.0014094314263042853,0.00943383713598367,0.007862934684779499,0.4367509986684421,0.3559698180204172,0.2072791833111407,0.020339694434762537
08_volume_regime,vol_Q4,2024-11,1h,2225,0.0005192217886502704,0.0007427870676713401,0.0032018506514084333,0.0028591604395334924,0.10921348314606742,0.09078651685393259,0.8,0.00735499737595149
08_volume_regime,vol_Q4,2024-11,4h,2225,0.0010762948520184334,0.0024357064853321305,0.006674050137680521,0.005725781350784609,0.3146067415730337,0.25348314606741573,0.43191011235955057,0.015051329568184424
08_volume_regime,vol_Q4,2024-11,12h,2225,0.0029695998072925,0.005970461229522262,0.01375126874111876,0.009745895639443725,0.4858426966292135,0.4008988764044944,0.11325842696629214,0.027509773231209504
08_volume_regime,vol_Q4,2024-12,1h,2288,0.00025494098176370716,6.967088186347839e-05,0.0029380557695597442,0.0027939972545328318,0.08566433566433566,0.11494755244755245,0.7993881118881119,0.0070442164664270834
08_volume_regime,vol_Q4,2024-12,4h,2280,0.00024532146850075875,-7.82444432040293e-05,0.005973133785582507,0.005894789055074845,0.24868421052631579,0.2864035087719298,0.4649122807017544,0.01428011706851412
08_volume_regime,vol_Q4,2024-12,12h,2256,0.0005006893416039659,-0.00025759159301448473,0.011157860030453604,0.011099936327304716,0.4428191489361702,0.4237588652482269,0.13342198581560283,0.029168472945839075
08_volume_regime,vol_Q4_bull,2024-01,1h,1157,-0.0002231268976052858,0.0001372941403313073,0.0023239109110531064,0.002632657815047623,0.10285220397579949,0.07260155574762317,0.8245462402765773,0.00599251044675522
08_volume_regime,vol_Q4_bull,2024-01,4h,1157,-0.0004133899901939131,-4.459200537484119e-05,0.004565120179263138,0.005488376350736512,0.24027657735522903,0.2428694900605013,0.5168539325842697,0.012931960603162169
08_volume_regime,vol_Q4_bull,2024-01,12h,1157,-0.0008080396071424856,0.00084238972718429,0.00947176136489336,0.01201015525220872,0.36646499567847884,0.46326707000864303,0.17026793431287812,0.0264210604020585
08_volume_regime,vol_Q4_bull,2024-02,1h,1208,3.8849542606467224e-05,0.0007111143837137239,0.0027951071940329753,0.002287241151407049,0.125,0.05380794701986755,0.8211920529801324,0.006149491666783026
08_volume_regime,vol_Q4_bull,2024-02,4h,1208,0.00024779650990214286,0.002098157905691272,0.005690467069246585,0.004631448221687207,0.29387417218543044,0.16225165562913907,0.5438741721854304,0.011963105267639954
08_volume_regime,vol_Q4_bull,2024-02,12h,1208,0.0023802248215137878,0.006800583139684419,0.010954888863959567,0.007206344339803661,0.4900662251655629,0.30049668874172186,0.20943708609271522,0.02168549046057185
08_volume_regime,vol_Q4_bull,2024-03,1h,1284,-0.00019070979517399334,-0.00038653326473588355,0.0035649443270937553,0.003667374631169784,0.14485981308411214,0.14018691588785046,0.7149532710280374,0.0088118501129601
08_volume_regime,vol_Q4_bull,2024-03,4h,1284,-1.0993423262828372e-05,-0.0006974540453201826,0.007205796185017377,0.006978988444364953,0.34735202492211836,0.3294392523364486,0.32320872274143303,0.017603244253412326
08_volume_regime,vol_Q4_bull,2024-03,12h,1284,0.0003919442072392032,0.0009642009091099445,0.01237665864314108,0.013532271519379524,0.4672897196261682,0.4322429906542056,0.10046728971962617,0.03147342530203078
08_volume_regime,vol_Q4_bull,2024-04,1h,1004,-0.00033494123034499834,0.00012145189814701101,0.0028835255934298587,0.002998200654085459,0.09760956175298804,0.07868525896414343,0.8237051792828686,0.007327011983554923
08_volume_regime,vol_Q4_bull,2024-04,4h,1004,-0.0008336418923962086,-0.0008286618758600478,0.005781438028889085,0.006544990670614703,0.25796812749003983,0.31673306772908366,0.4252988047808765,0.014508398568857956
08_volume_regime,vol_Q4_bull,2024-04,12h,1004,-0.002470825280077471,-0.005353461076601353,0.009143282585732382,0.012393298334514413,0.38247011952191234,0.5099601593625498,0.10756972111553785,0.026397000971825665
08_volume_regime,vol_Q4_bull,2024-05,1h,1277,-0.00016152213630682422,0.00029248231614549167,0.0027406140480343844,0.0024091868493543167,0.09240407204385279,0.0548159749412686,0.8527799530148786,0.0061122285019875695
08_volume_regime,vol_Q4_bull,2024-05,4h,1277,-0.00030894602487285816,0.0002926675170709283,0.005359008807284571,0.005166228667321082,0.26703210649960846,0.2255285826155051,0.5074393108848865,0.01311926292700106
08_volume_regime,vol_Q4_bull,2024-05,12h,1277,0.001240383523782418,0.0020118261958664545,0.010098800494002358,0.008519856206284038,0.42991386061080655,0.4056382145653876,0.1644479248238058,0.02394895514151016
08_volume_regime,vol_Q4_bull,2024-06,1h,1102,-0.0001953620090439645,-0.00010466712545900254,0.001668698587198647,0.0018512943412954397,0.03720508166969147,0.041742286751361164,0.9210526315789473,0.004362154952939375
08_volume_regime,vol_Q4_bull,2024-06,4h,1102,-0.00010457341670166986,1.9600666239222328e-06,0.0034074571861976155,0.0032823644924450113,0.15789473684210525,0.13339382940108893,0.7087114337568058,0.008614749876538616
08_volume_regime,vol_Q4_bull,2024-06,12h,1102,0.0001715006387124074,-0.0007628922846342307,0.007163911564522563,0.005936449597062299,0.31851179673321234,0.26678765880217786,0.4147005444646098,0.017149730107918666
08_volume_regime,vol_Q4_bull,2024-07,1h,1189,-0.00037489542757762617,-0.00031659334371761074,0.003030533033377969,0.0028673835125447855,0.09335576114381834,0.09083263246425567,0.815811606391926,0.007463974240384982
08_volume_regime,vol_Q4_bull,2024-07,4h,1189,0.0004921422705936873,-0.00012961781852435816,0.006207961668273754,0.0060398865387308875,0.2834314550042052,0.2708158116063919,0.44575273338940286,0.014642343729538225
08_volume_regime,vol_Q4_bull,2024-07,12h,1189,0.0022824215774499557,-0.00028834646565486453,0.01241018941868055,0.010601056206140935,0.496215306980656,0.4306139613120269,0.07317073170731707,0.02759605834885166
08_volume_regime,vol_Q4_bull,2024-08,1h,1125,-8.771305416521713e-05,0.00012940048160051552,0.00314563059401185,0.0027920377737206126,0.12177777777777778,0.12266666666666666,0.7555555555555555,0.007134573686152422
08_volume_regime,vol_Q4_bull,2024-08,4h,1125,-0.0011366911163023241,-0.0014491339490274998,0.006141288654889054,0.006479419128512909,0.27644444444444444,0.3128888888888889,0.4106666666666667,0.01606094423108169
08_volume_regime,vol_Q4_bull,2024-08,12h,1125,-0.0009533765573086495,-0.0014646691688071324,0.010863680883855364,0.013736530813419967,0.4151111111111111,0.456,0.1288888888888889,0.03330822099997435
08_volume_regime,vol_Q4_bull,2024-09,1h,1110,-0.0002040736736606541,8.895791706715347e-05,0.002411444920336958,0.0023234200743494915,0.07927927927927927,0.06126126126126126,0.8594594594594595,0.005721401741538054
08_volume_regime,vol_Q4_bull,2024-09,4h,1110,0.00019772495098935305,0.0005727782845044538,0.004754379407147402,0.0050045828290002925,0.2531531531531532,0.2153153153153153,0.5315315315315315,0.01202584143208791
08_volume_regime,vol_Q4_bull,2024-09,12h,1110,0.0015855329879822522,0.0020207260052321763,0.010661792327612551,0.008670943938261066,0.4189189189189189,0.41621621621621624,0.16486486486486487,0.022664188851340375
08_volume_regime,vol_Q4_bull,2024-10,1h,1229,-0.00020948326546643692,-9.804606337070855e-05,0.0020313101346325357,0.0021038098681831485,0.04963384865744508,0.03986981285598047,0.9104963384865744,0.004969737437742144
08_volume_regime,vol_Q4_bull,2024-10,4h,1229,-9.240774367036408e-05,0.00024782956186218463,0.004457606824451288,0.0042684671907482485,0.19121236777868186,0.16680227827502034,0.6419853539462979,0.01049314744371442
08_volume_regime,vol_Q4_bull,2024-10,12h,1229,0.0021246106254955155,0.0021933268305709993,0.0102978209246265,0.007304679976730899,0.467860048820179,0.33930024410089504,0.19283970707892595,0.02022221901351521
08_volume_regime,vol_Q4_bull,2024-11,1h,1267,0.0003594465538385716,0.0007358078396466324,0.003252149072621169,0.0028408771716030845,0.11917916337805841,0.08208366219415943,0.7987371744277821,0.0075595602634033025
08_volume_regime,vol_Q4_bull,2024-11,4h,1267,0.0006895285550998498,0.002197669001269263,0.007092393142979159,0.005799903334944401,0.3307024467245462,0.24861878453038674,0.4206787687450671,0.01520420158390705
08_volume_regime,vol_Q4_bull,2024-11,12h,1267,0.001998269179005918,0.005397230435810224,0.013899171807499222,0.010788820666579158,0.5059194948697711,0.4151539068666141,0.07892659826361484,0.028495682602114047
08_volume_regime,vol_Q4_bull,2024-12,1h,1189,-0.0001062702549556871,-0.0002677375550853991,0.0026359360960122036,0.0026199206428200172,0.07401177460050462,0.10681244743481917,0.8191757779646762,0.006631679261348579
08_volume_regime,vol_Q4_bull,2024-12,4h,1189,-0.00022968896277641981,-0.0007627740780322101,0.005669554817057332,0.005432766042622883,0.21783010933557612,0.27333894028595457,0.5088309503784693,0.013152178426964194
08_volume_regime,vol_Q4_bull,2024-12,12h,1169,-0.0016563132948829162,-0.0024145522524473507,0.010500569889130729,0.011499312762534575,0.43798118049615054,0.4354148845166809,0.12660393498716851,0.029285550697904453
08_volume_regime,vol_Q4_bear,2024-01,1h,989,0.000362096611511431,-0.0002998875141860515,0.0030294226685332326,0.0031637002341919906,0.07381193124368049,0.11627906976744186,0.8099089989888777,0.00725993565016689
08_volume_regime,vol_Q4_bear,2024-01,4h,989,0.0008558810466268163,5.38125394301955e-05,0.005714764650663895,0.0062661516096167436,0.23862487360970677,0.3083923154701719,0.4529828109201213,0.014735709064928779
08_volume_regime,vol_Q4_bear,2024-01,12h,989,0.0014625903978737753,-0.0001748369215015298,0.009835778996920341,0.011011503179148563,0.36804853387259856,0.47219413549039435,0.1597573306370071,0.026157446255303498
08_volume_regime,vol_Q4_bear,2024-02,1h,817,0.00041744491854700527,0.00028506450592313636,0.0022217317600194963,0.001832238674811304,0.02692778457772338,0.051407588739290085,0.9216646266829865,0.0050045965663008
08_volume_regime,vol_Q4_bear,2024-02,4h,817,0.0007795502799319287,0.001448572628703571,0.004941293569192151,0.004172354784748755,0.16768665850673195,0.16279069767441862,0.6695226438188494,0.010363135384301104
08_volume_regime,vol_Q4_bear,2024-02,12h,817,0.0022131090406374287,0.006422468955462773,0.009015608304406841,0.006937933925522,0.4112607099143207,0.29008567931456547,0.29865361077111385,0.01941118929421052
08_volume_regime,vol_Q4_bear,2024-03,1h,873,0.0007811743918917369,0.0006144958574508584,0.004062720610314985,0.00397398508203084,0.13860252004581902,0.20962199312714777,0.6517754868270332,0.009567828618614887
08_volume_regime,vol_Q4_bear,2024-03,4h,873,0.002490943935626655,0.002536033494953794,0.007784051968175332,0.006853877293574895,0.31844215349369986,0.3516609392898053,0.32989690721649484,0.019042623008071823
08_volume_regime,vol_Q4_bear,2024-03,12h,873,0.0023593609217429368,0.003061048658327115,0.014897474276388989,0.014729626377361749,0.49140893470790376,0.42038946162657503,0.0882016036655212,0.03458158242685859
08_volume_regime,vol_Q4_bear,2024-04,1h,1108,0.00031857599809803627,-0.0005448895251779238,0.003442913209594778,0.003876443897793569,0.12184115523465704,0.1931407942238267,0.6850180505415162,0.00930573504961067
08_volume_regime,vol_Q4_bear,2024-04,4h,1108,0.0006019601699056576,-0.0011070977045473712,0.007091108528765155,0.008567408356274175,0.2833935018050541,0.4052346570397112,0.31137184115523464,0.019275587555902425
08_volume_regime,vol_Q4_bear,2024-04,12h,1108,0.0007408212354534927,-0.0005589509396842804,0.011710091951951607,0.01517871888037825,0.427797833935018,0.5225631768953068,0.04963898916967509,0.03289732113888246
08_volume_regime,vol_Q4_bear,2024-05,1h,964,0.0007870137302716795,0.0002713534936386224,0.0032467954763172324,0.0022893364909482017,0.046680497925311204,0.08506224066390042,0.8682572614107884,0.006428781254416498
08_volume_regime,vol_Q4_bear,2024-05,4h,964,0.0013537544977931804,0.001307857688234975,0.00614520773752758,0.004921412691196281,0.2551867219917012,0.23962655601659752,0.5051867219917012,0.01328756240790925
08_volume_regime,vol_Q4_bear,2024-05,12h,964,0.0017149494696334644,0.003243969658118094,0.01111377923774337,0.008502994275165154,0.49688796680497926,0.35477178423236516,0.1483402489626556,0.02101262780188256
08_volume_regime,vol_Q4_bear,2024-06,1h,1114,0.00010938514905955987,-0.00018644338202538312,0.001991259614575358,0.0019107806743456912,0.03052064631956912,0.07540394973070018,0.8940754039497307,0.004743760988864011
08_volume_regime,vol_Q4_bear,2024-06,4h,1114,-0.00036990796949698534,-0.0008504055177914957,0.0035783147173538143,0.004241725478116409,0.1400359066427289,0.20915619389587073,0.6508078994614004,0.010518375728101322
08_volume_regime,vol_Q4_bear,2024-06,12h,1114,0.00011983921226688121,-0.001317891226348197,0.007227967723654416,0.007204571228001833,0.31956912028725315,0.3868940754039497,0.29353680430879714,0.01940305307750733
08_volume_regime,vol_Q4_bear,2024-07,1h,1035,0.0004408004289282452,0.00020717560274382074,0.0029310132049857884,0.0029992667123469596,0.06859903381642513,0.10821256038647344,0.8231884057971014,0.007366622193124696
08_volume_regime,vol_Q4_bear,2024-07,4h,1035,0.0011202391586133675,0.00019511142376809655,0.006219527440930017,0.00650159546581619,0.27246376811594203,0.30531400966183575,0.4222222222222222,0.014602826695815701
08_volume_regime,vol_Q4_bear,2024-07,12h,1035,0.0008460808575283529,0.001622443617681537,0.011049077830009413,0.011888301241449128,0.4608695652173913,0.4666666666666667,0.07246376811594203,0.02506162962962968
08_volume_regime,vol_Q4_bear,2024-08,1h,1167,9.589604226145632e-05,-0.000672821898280438,0.0033188079750323674,0.0036706922634310857,0.10796915167095116,0.1893744644387318,0.702656383890317,0.008314294286457476
08_volume_regime,vol_Q4_bear,2024-08,4h,1167,0.0010908582742659156,0.0004620929963516542,0.0063912716695442295,0.007043894766943115,0.24507283633247642,0.3607540702656384,0.39417309340188517,0.015892255892255937
08_volume_regime,vol_Q4_bear,2024-08,12h,1167,0.000810990380834653,-0.0021903898825604323,0.01145410939058844,0.013985520976078303,0.38817480719794345,0.5184233076263924,0.0934018851756641,0.029178121348448927
08_volume_regime,vol_Q4_bear,2024-09,1h,1047,0.00010420294889779136,5.9024366454217024e-05,0.0025009573737249102,0.0027075524384611027,0.04393505253104107,0.06876790830945559,0.8872970391595033,0.00615205149623121
08_volume_regime,vol_Q4_bear,2024-09,4h,1047,0.0006699838618282605,0.0009454870636284163,0.005353227793913673,0.005390044886448897,0.22731614135625597,0.22922636103151864,0.5434574976122254,0.012421680940199431
08_volume_regime,vol_Q4_bear,2024-09,12h,1047,0.0011026813880126163,0.0020906581425711177,0.009206309832604509,0.009187084437822235,0.4059216809933142,0.38299904489016234,0.2110792741165234,0.02321448686225266
08_volume_regime,vol_Q4_bear,2024-10,1h,1024,0.0003526985664072946,0.0004951010989647062,0.002305558342836078,0.002308413857596503,0.0498046875,0.0625,0.8876953125,0.005405057459000209
08_volume_regime,vol_Q4_bear,2024-10,4h,1024,0.00105787598858198,0.0009063071685432983,0.005131639444140412,0.004306240115445004,0.220703125,0.1708984375,0.6083984375,0.011550436974809905
08_volume_regime,vol_Q4_bear,2024-10,12h,1024,0.00104470884466501,0.000468603836613083,0.008626130382434871,0.008837330022075596,0.3994140625,0.3759765625,0.224609375,0.02071561436608632
08_volume_regime,vol_Q4_bear,2024-11,1h,958,0.0006741889308760074,0.0007520174245683176,0.003157268725097917,0.0028622060907464997,0.09603340292275574,0.1022964509394572,0.8016701461377871,0.006952601496679816
08_volume_regime,vol_Q4_bear,2024-11,4h,958,0.0015513302474657875,0.002750522239306716,0.006313057912316733,0.005531348012035531,0.29331941544885176,0.2599164926931106,0.44676409185803756,0.0147054045921623
08_volume_regime,vol_Q4_bear,2024-11,12h,958,0.003929246964231581,0.006728585880496326,0.013524007965470597,0.008441159081429506,0.4592901878914405,0.38204592901878914,0.15866388308977036,0.02591051772340682
08_volume_regime,vol_Q4_bear,2024-12,1h,1099,0.0007072825970655394,0.0004347105829846934,0.0032380737736332765,0.00298540978305728,0.09827115559599636,0.12374886260236578,0.7779799818016379,0.007564331709575225
08_volume_regime,vol_Q4_bear,2024-12,4h,1091,0.0009048646591962584,0.0006677736464483146,0.006449032019508749,0.006425447626761893,0.28230980751604035,0.3006416131989001,0.41704857928505956,0.014814840392576195
08_volume_regime,vol_Q4_bear,2024-12,12h,1087,0.002006300556919971,0.0020620836699818536,0.011939747336459083,0.010686444585146782,0.44802207911683534,0.41122355105795766,0.140754369825207,0.02844261459901154
